batch,exit,horizon,instance,order,search,solved,total,trivial,valid,gc_alternatives,gc_bfs_retries,gc_chain_labels,gc_chain_time,gc_chains,gc_deep_fallbacks,gc_distinct,gc_exact_sccs,gc_explored_states,gc_factors_covered,gc_factors_with_moves,gc_goal_factors,gc_heuristic_sccs,gc_largest_scc,gc_leftover,gc_mean_product_factors,gc_pair_chains,gc_pairs_weight,gc_proven,gc_sccs,gc_selection_rounds,gc_skipped_budget,gc_subgoal_chains,gc_switches,gc_too_big_alone,gc_total_time,gc_unsolved_abstractions,gc_violated,gc_work
full,0,1,airport/p06-airport2-p2,gc2,0.763682,True,1.06907,False,True,3,21,63,0.686538,3,0,42,0,287893,25,114,2,0,1,101,15.6667,1,60,0,42,0,0,0,0,0,0.702256,0,0,
full,0,1,airport/p06-airport2-p2,gc2_b200k,0.673319,True,1.00051,False,True,2,14,41,0.595983,2,0,41,0,227927,25,114,2,0,1,102,16.5,0,39,0,41,0,1,0,0,0,0.612047,0,0,
full,0,2,airport/p14-airport3-p3,gc2,2.38384,True,3.488,False,True,6,45,146,1.99891,6,0,61,0,584149,23,169,3,0,1,230,12.6667,3,140,0,61,0,0,0,0,0,2.05236,0,0,
full,0,1,airport/p14-airport3-p3,gc2_b200k,1.61626,True,2.72528,False,True,3,23,60,1.38006,3,0,60,0,292479,23,169,3,0,1,231,13.6667,0,57,0,60,0,3,0,0,0,1.45009,0,0,
full,0,2,airport/p15-airport3-p3,gc2,2.79205,True,3.84503,False,True,5,39,100,2.32606,5,0,59,0,536343,21,169,3,0,1,234,14,2,95,0,59,0,1,0,0,0,2.38428,0,0,
full,0,2,airport/p15-airport3-p3,gc2_b200k,1.53278,True,2.49385,False,True,3,23,58,1.18515,3,0,58,0,294264,21,169,3,0,1,235,14,0,55,0,58,0,3,0,0,0,1.24285,0,0,
full,0,2,airport/p16-airport3-p4,gc2,3.7896,True,8.12296,False,True,5,40,101,3.21257,5,0,80,0,577643,27,212,4,0,1,338,14,1,96,0,80,0,4,0,0,0,3.37717,0,0,
full,0,2,airport/p16-airport3-p4,gc2_b200k,3.36207,True,7.34569,False,True,4,32,79,2.66523,4,2,79,0,470488,27,212,4,0,1,339,14.25,0,75,0,79,0,7,0,0,0,2.82456,0,0,
full,0,2,airport/p17-airport3-p5,gc2,4.30515,True,10.4567,False,True,6,48,110,3.58771,6,0,89,0,502521,31,255,5,0,1,384,14,1,104,0,89,0,6,0,0,0,3.82261,0,0,
full,0,2,airport/p17-airport3-p5,gc2_b200k,4.05986,True,10.5919,False,True,5,40,88,3.10128,5,2,88,0,411249,31,255,5,0,1,385,14.4,0,83,0,88,0,9,0,0,0,3.35181,0,0,
full,0,3,airport/p19-airport3-p6,gc2,5.74231,True,11.6813,False,True,6,46,94,3.5752,6,0,93,0,522896,67,271,6,0,1,327,18.8333,0,88,0,93,0,9,0,0,0,3.78728,0,0,
full,0,3,airport/p19-airport3-p6,gc2_b200k,5.23671,True,11.0671,False,True,6,46,94,3.12774,6,3,93,0,522896,67,271,6,0,1,327,18.8333,0,88,0,93,0,12,0,0,0,3.30625,0,0,
full,0,3,airport/p20-airport3-p7,gc2,11.4213,True,27.301,False,True,7,60,115,6.26678,7,1,115,0,610109,35,341,7,0,1,542,14.8571,0,108,0,115,0,12,0,0,0,6.82875,0,0,
full,0,3,airport/p20-airport3-p7,gc2_b200k,10.2468,True,27.9334,False,True,7,60,115,5.43231,7,4,115,0,610109,35,341,7,0,1,542,14.8571,0,108,0,115,0,15,0,0,0,5.95578,0,0,
full,23,,airport/p30-airport4halfMUC-p8,gc2,,False,,False,,,,,,,,,,,,,,,,,,,,,,,,,,,,,,
full,23,,airport/p30-airport4halfMUC-p8,gc2_b200k,,False,,False,,,,,,,,,,,,,,,,,,,,,,,,,,,,,,
full,0,1,airport/p36-airport5MUC-p2,gc2,29.1308,True,190.407,False,True,3,28,170,2.18702,3,0,110,0,321019,14,760,2,0,1,1154,9.66667,1,167,0,110,0,0,0,0,0,13.5814,0,0,
full,0,1,airport/p36-airport5MUC-p2,gc2_b200k,21.0591,True,190.779,False,True,2,19,109,1.73851,2,0,109,0,222196,14,760,2,0,1,1155,10,0,107,0,109,0,1,0,0,0,12.3657,0,0,
full,23,,airport/p46-airport5MUC-p6,gc2,,False,,False,,,,,,,,,,,,,,,,,,,,,,,,,,,,,,
full,23,,airport/p46-airport5MUC-p6,gc2_b200k,,False,,False,,,,,,,,,,,,,,,,,,,,,,,,,,,,,,
full,30,,blocks/probBLOCKS-22-1,gc2,,False,,False,,,,,,,,,,,,,,,,,,,,,,,,,,,,,,
full,30,,blocks/probBLOCKS-22-1,gc2_b200k,,False,,False,,,,,,,,,,,,,,,,,,,,,,,,,,,,,,
full,0,1,blocks/probBLOCKS-5-2,gc2,0.0154882,True,0.0198123,False,True,9,0,144,0.0096945,9,0,16,0,7695,11,11,4,0,1,34,11,5,135,0,16,0,0,0,0,0,0.0098836,0,0,
full,0,1,blocks/probBLOCKS-5-2,gc2_b200k,0.0152918,True,0.0192472,False,True,9,0,144,0.00979684,9,0,16,0,7695,11,11,4,0,1,34,11,5,135,0,16,0,0,0,0,0,0.00999907,0,0,
full,0,1,childsnack-sat14-strips/child-snack_pfile08-2,gc2,85.8404,True,93.4801,False,True,13,42,39,9.2455,13,6,17,0,532799,54,73,13,0,1,3094,28.3077,0,26,0,17,0,29,0,0,0,9.30423,0,0,
full,0,1,childsnack-sat14-strips/child-snack_pfile08-2,gc2_b200k,73.1353,True,80.8799,False,True,13,18,39,5.22881,13,10,17,0,247999,54,73,13,0,1,3094,26.1538,0,26,0,17,0,33,0,0,0,5.28849,0,0,
full,0,1,childsnack-sat14-strips/child-snack_pfile10-2,gc2,192.961,True,212.714,False,True,15,36,45,16.7615,15,9,19,0,567071,61,85,15,0,1,4801,31.4,0,30,0,19,0,36,0,0,0,16.8797,0,0,
full,0,1,childsnack-sat14-strips/child-snack_pfile10-2,gc2_b200k,169.901,True,188.009,False,True,15,18,45,11.4068,15,12,19,0,316100,61,85,15,0,1,4801,30.2,0,30,0,19,0,39,0,0,0,11.5191,0,0,
full,0,2,depot/pfile13,gc2,5.82202,True,6.16132,False,True,8,40,40,5.31752,8,0,23,0,543481,34,34,6,0,1,829,15.25,2,32,0,23,0,7,0,0,0,5.32422,0,0,
full,0,3,depot/pfile13,gc2_b200k,6.41157,True,6.7598,False,True,6,25,22,2.68392,6,2,22,0,307885,34,34,6,0,1,830,17.3333,0,16,0,22,0,11,0,0,0,2.69139,0,0,
full,0,7,depot/pfile4,gc2,114.346,True,114.52,False,True,6,30,19,2.60144,6,0,18,0,545122,30,30,6,0,1,462,19.6667,0,13,0,18,0,9,0,0,0,2.60549,0,0,
full,0,7,depot/pfile4,gc2_b200k,117.301,True,117.48,False,True,6,25,19,1.92015,6,3,18,0,485765,30,30,6,0,1,462,18.8333,0,13,0,18,0,12,0,0,0,1.9244,0,0,
full,23,,depot/pfile5,gc2,,False,,False,,9,49,34,4.32423,9,3,34,0,752449,36,36,10,0,1,686,17.4444,0,25,0,34,0,20,0,0,0,4.3326,0,0,
full,23,,depot/pfile5,gc2_b200k,,False,,False,,9,49,34,4.6029,9,7,34,0,796714,36,36,10,0,1,686,17.4444,0,25,0,34,0,24,0,0,0,4.61263,0,0,
full,0,4,depot/pfile7,gc2,7.63986,True,7.75081,False,True,6,28,22,2.17345,6,0,18,0,544289,27,27,5,0,1,342,17.8333,1,16,0,18,0,6,0,0,0,2.17547,0,0,
full,0,4,depot/pfile7,gc2_b200k,7.65102,True,7.76915,False,True,5,18,17,1.5677,5,2,17,0,390481,27,27,5,0,1,343,18.8,0,12,0,17,0,9,0,0,0,1.56987,0,0,
full,0,4,driverlog/pfile11,gc2,1.03424,True,1.05632,False,True,16,14,94,0.270875,16,0,20,2,289615,13,13,7,0,9,103,6.4375,10,72,2,7,0,0,0,0,0,0.272913,0,22,
full,0,4,driverlog/pfile11,gc2_b200k,0.980026,True,1.00174,False,True,13,12,78,0.264497,13,0,20,2,240541,13,13,7,0,7,103,6.53846,7,59,2,9,0,3,0,0,0,0.265608,0,18,
full,0,4,driverlog/pfile12,gc2,1.48068,True,1.51868,False,True,20,30,107,0.40097,20,0,25,3,507069,14,14,10,0,5,173,5.65,12,71,3,18,0,2,0,0,0,0.401788,0,7,
full,0,4,driverlog/pfile12,gc2_b200k,1.22559,True,1.26639,False,True,14,17,73,0.202802,14,0,21,3,225055,14,14,10,0,5,177,6.28571,6,49,3,15,0,8,0,0,0,0.203755,0,6,
full,0,4,driverlog/pfile13,gc2,1.21959,True,1.25586,False,True,17,23,92,0.404451,17,0,23,1,469154,13,13,8,0,21,175,5.23529,10,65,1,3,0,0,0,0,0,0.408383,0,8,
full,0,4,driverlog/pfile13,gc2_b200k,1.26868,True,1.31021,False,True,11,11,62,0.216776,11,0,21,4,214165,13,13,8,0,3,177,5.90909,4,41,4,13,0,6,0,0,0,0.217655,0,7,
full,0,3,driverlog/pfile14,gc2,1.15178,True,1.20292,False,True,14,27,82,0.554457,14,0,24,3,538068,15,15,9,0,7,183,5.85714,6,48,3,10,0,6,0,0,0,0.55542,0,9,
full,0,3,driverlog/pfile14,gc2_b200k,0.948467,True,1.00076,False,True,8,12,52,0.246727,8,2,20,4,228530,15,15,9,0,7,187,5.75,0,31,4,10,0,14,0,0,0,0.247767,0,8,
full,0,4,driverlog/pfile15,gc2,18.1652,True,18.3311,False,True,11,27,33,0.587523,11,0,22,1,518349,20,20,10,0,6,410,6,2,22,1,17,0,14,0,0,0,0.58964,0,3,
full,0,4,driverlog/pfile15,gc2_b200k,13.8882,True,14.0484,False,True,9,15,28,0.391209,9,4,20,1,297606,20,20,10,0,6,412,5.88889,0,19,1,15,0,20,0,0,0,0.393054,0,3,
full,0,6,driverlog/pfile18,gc2,513.88,True,515.217,False,True,21,52,64,0.957492,21,8,44,0,866499,32,32,23,0,1,1731,5.52381,0,39,0,44,0,48,0,0,0,0.976823,0,0,
full,0,6,driverlog/pfile18,gc2_b200k,503.715,True,505.054,False,True,21,42,64,0.919176,21,13,44,0,766316,32,32,23,0,1,1731,5.52381,0,39,0,44,0,53,0,0,0,0.939861,0,0,
full,0,2,driverlog/pfile3,gc2,0.00718646,True,0.012717,False,True,6,0,38,0.00200211,6,0,8,1,3102,9,9,6,0,4,22,10.5,3,32,1,5,0,0,0,0,0,0.00235556,0,8,
full,0,2,driverlog/pfile3,gc2_b200k,0.00836646,True,0.0135262,False,True,6,0,38,0.00203883,6,0,8,1,3102,9,9,6,0,4,22,10.5,3,32,1,5,0,0,0,0,0,0.00242589,0,8,
full,0,,elevators-00-strips/s1-2,gc2,,True,0.00268781,True,True,,,,,,,,,,,,,,,,,,,,,,,,,,,,,
full,0,,elevators-00-strips/s1-2,gc2_b200k,,True,0.00244984,True,True,,,,,,,,,,,,,,,,,,,,,,,,,,,,,
full,0,1,elevators-opt08-strips/p14,gc2,0.129839,True,0.14718,False,True,9,0,126,0.128807,9,0,14,0,86445,8,8,4,0,1,18,8,5,117,0,14,0,0,0,0,0,0.128935,0,0,
full,0,1,elevators-opt08-strips/p14,gc2_b200k,0.138192,True,0.157187,False,True,9,0,126,0.132706,9,0,14,0,86445,8,8,4,0,1,18,8,5,117,0,14,0,0,0,0,0,0.132887,0,0,
full,0,1,elevators-sat08-strips/p06,gc2,0.847186,True,0.888913,False,True,9,26,50,0.841844,9,1,24,0,520475,13,13,9,0,1,48,6.11111,0,41,0,24,0,16,0,0,0,0.842194,0,0,
full,0,1,elevators-sat08-strips/p06,gc2_b200k,0.393514,True,0.435161,False,True,9,12,34,0.386178,9,5,24,0,244371,13,13,9,0,1,48,5.44444,0,25,0,24,0,20,0,0,0,0.386541,0,0,
full,0,1,elevators-sat08-strips/p08,gc2,1.08135,True,1.14797,False,True,12,48,56,1.10163,12,0,26,0,515613,15,15,11,0,1,62,6,1,44,0,26,0,18,0,0,0,1.10219,0,0,
full,0,1,elevators-sat08-strips/p08,gc2_b200k,0.432066,True,0.49978,False,True,11,20,38,0.42304,11,6,26,0,207281,15,15,11,0,1,62,5.45455,0,27,0,26,0,25,0,0,0,0.423553,0,0,
full,0,1,elevators-sat08-strips/p09,gc2,1.15523,True,1.22994,False,True,12,32,58,1.15241,12,4,28,0,504678,16,16,12,0,1,68,5.66667,0,46,0,28,0,25,0,0,0,1.15297,0,0,
full,0,1,elevators-sat08-strips/p09,gc2_b200k,0.587862,True,0.665773,False,True,12,16,42,0.578768,12,8,28,0,251485,16,16,12,0,1,68,5.33333,0,30,0,28,0,29,0,0,0,0.579348,0,0,
full,0,1,elevators-sat08-strips/p10,gc2,1.37834,True,1.47077,False,True,13,32,74,1.38355,13,5,44,0,518404,17,17,13,0,1,60,5.61538,0,61,0,44,0,28,0,0,0,1.38416,0,0,
full,0,1,elevators-sat08-strips/p10,gc2_b200k,0.675342,True,0.783492,False,True,13,16,58,0.666816,13,9,44,0,258743,17,17,13,0,1,60,5.30769,0,45,0,44,0,32,0,0,0,0.667419,0,0,
full,0,1,elevators-sat08-strips/p14,gc2,1.31526,True,1.5668,False,True,14,39,72,1.30595,14,6,42,0,549175,18,18,14,0,1,70,6.07143,0,58,0,42,0,31,0,0,0,1.30668,0,0,
full,0,1,elevators-sat08-strips/p14,gc2_b200k,0.64341,True,0.8747,False,True,14,20,58,0.632412,14,10,42,0,264940,18,18,14,0,1,70,5.57143,0,44,0,42,0,35,0,0,0,0.633082,0,0,
full,0,1,elevators-sat08-strips/p15,gc2,1.57174,True,1.91983,False,True,16,32,80,1.58012,16,8,48,0,518581,20,20,16,0,1,80,5.5,0,64,0,48,0,37,0,0,0,1.58104,0,0,
full,0,1,elevators-sat08-strips/p15,gc2_b200k,0.792537,True,1.11869,False,True,16,16,64,0.780443,16,12,48,0,261506,20,20,16,0,1,80,5.25,0,48,0,48,0,41,0,0,0,0.781373,0,0,
full,0,1,elevators-sat08-strips/p16,gc2,1.99825,True,2.33855,False,True,18,45,68,1.98809,18,9,48,0,561049,22,22,18,0,1,96,5.5,0,50,0,48,0,42,0,0,0,1.98922,0,0,
full,0,1,elevators-sat08-strips/p16,gc2_b200k,0.874854,True,1.27086,False,True,18,20,58,0.86506,18,14,48,0,254743,22,22,18,0,1,96,5.22222,0,40,0,48,0,47,0,0,0,0.866073,0,0,
full,0,1,elevators-sat08-strips/p17,gc2,2.22108,True,2.88356,False,True,20,37,76,2.2452,20,11,52,0,572460,24,24,20,0,1,108,5.5,0,56,0,52,0,48,0,0,0,2.24663,0,0,
full,0,1,elevators-sat08-strips/p17,gc2_b200k,0.893326,True,1.56919,False,True,20,16,62,0.880348,20,16,52,0,247866,24,24,20,0,1,108,5.2,0,42,0,52,0,53,0,0,0,0.881554,0,0,
full,0,1,elevators-sat08-strips/p18,gc2,2.25298,True,3.03151,False,True,22,32,94,2.24317,22,14,62,0,512034,26,26,22,0,1,114,5.36364,0,72,0,62,0,55,0,0,0,2.24473,0,0,
full,0,1,elevators-sat08-strips/p18,gc2_b200k,1.18708,True,2.1888,False,True,22,16,78,1.17598,22,18,62,0,264321,26,26,22,0,1,114,5.18182,0,56,0,62,0,59,0,0,0,1.17736,0,0,
full,0,1,elevators-sat08-strips/p19,gc2,2.43476,True,3.43886,False,True,24,60,98,2.43549,24,12,72,0,503774,28,28,24,0,1,120,5.5,0,74,0,72,0,57,0,0,0,2.43755,0,0,
full,0,1,elevators-sat08-strips/p19,gc2_b200k,0.9497,True,2.09576,False,True,24,25,84,0.934363,24,19,72,0,211541,28,28,24,0,1,120,5.20833,0,60,0,72,0,64,0,0,0,0.936043,0,0,
full,0,1,elevators-sat08-strips/p20,gc2,2.1626,True,3.21265,False,True,26,30,84,2.14653,26,20,60,0,532328,30,30,26,0,1,148,5.46154,0,58,0,60,0,69,0,0,0,2.14885,0,0,
full,0,1,elevators-sat08-strips/p20,gc2_b200k,1.08826,True,2.40089,False,True,26,15,72,1.07314,26,23,60,0,267685,30,30,26,0,1,148,5.23077,0,46,0,60,0,72,0,0,0,1.07547,0,0,
full,0,1,elevators-sat08-strips/p24,gc2,2.85279,True,4.18147,False,True,21,40,100,2.8388,21,13,80,0,544501,26,26,21,0,1,130,6.38095,0,79,0,80,0,52,0,0,0,2.84147,0,0,
full,0,1,elevators-sat08-strips/p24,gc2_b200k,1.2154,True,2.84699,False,True,21,15,90,1.19041,21,18,80,0,218587,26,26,21,0,1,130,6.14286,0,69,0,80,0,57,0,0,0,1.19312,0,0,
full,0,1,elevators-sat08-strips/p26,gc2,2.92959,True,5.35954,False,True,27,50,118,2.8951,27,17,88,0,508851,32,32,27,0,1,182,6.2963,0,91,0,88,0,68,0,0,0,2.89973,0,0,
full,0,1,elevators-sat08-strips/p26,gc2_b200k,1.38454,True,4.41455,False,True,27,25,106,1.35051,27,22,88,0,238402,32,32,27,0,1,182,6.18519,0,79,0,88,0,73,0,0,0,1.35467,0,0,
full,0,1,elevators-sat08-strips/p27,gc2,4.03256,True,7.5635,False,True,30,50,144,4.00995,30,20,112,0,540776,35,35,30,0,1,188,6.26667,0,114,0,112,0,77,0,0,0,4.01612,0,0,
full,0,1,elevators-sat08-strips/p27,gc2_b200k,1.74839,True,5.05708,False,True,30,20,120,1.70347,30,26,112,0,235955,35,35,30,0,1,188,6.06667,0,90,0,112,0,83,0,0,0,1.7089,0,0,
full,0,1,elevators-sat08-strips/p28,gc2,5.37658,True,10.237,False,True,33,66,156,5.33716,33,22,114,0,544803,38,38,33,0,1,216,6.33333,0,123,0,114,0,85,0,0,0,5.3442,0,0,
full,0,1,elevators-sat08-strips/p28,gc2_b200k,2.43007,True,8.01818,False,True,33,30,132,2.39077,33,28,114,0,239414,38,38,33,0,1,216,6.15152,0,99,0,114,0,91,0,0,0,2.39773,0,0,
full,0,1,elevators-sat08-strips/p29,gc2,5.94648,True,13.8649,False,True,36,60,150,5.90164,36,24,124,0,555296,41,41,36,0,1,236,6.19444,0,114,0,124,0,93,0,0,0,5.90956,0,0,
full,0,1,elevators-sat08-strips/p29,gc2_b200k,2.63133,True,10.7979,False,True,36,25,134,2.56224,36,31,124,0,230247,41,41,36,0,1,236,6.08333,0,98,0,124,0,100,0,0,0,2.57068,0,0,
full,0,1,elevators-sat08-strips/p30,gc2,5.58857,True,17.2345,False,True,39,66,168,5.54188,39,28,126,0,543803,44,44,39,0,1,264,6.28205,0,129,0,126,0,103,0,0,0,5.55089,0,0,
full,0,1,elevators-sat08-strips/p30,gc2_b200k,2.36543,True,14.9044,False,True,39,30,144,2.30407,39,34,126,0,236780,44,44,39,0,1,264,6.12821,0,105,0,126,0,109,0,0,0,2.31404,0,0,
full,0,1,elevators-sat11-strips/p01,gc2,1.36672,True,1.58911,False,True,14,39,72,1.3679,14,6,42,0,549175,18,18,14,0,1,70,6.07143,0,58,0,42,0,31,0,0,0,1.3686,0,0,
full,0,1,elevators-sat11-strips/p01,gc2_b200k,0.647381,True,0.88995,False,True,14,20,58,0.637505,14,10,42,0,264940,18,18,14,0,1,70,5.57143,0,44,0,42,0,35,0,0,0,0.638181,0,0,
full,0,1,elevators-sat11-strips/p02,gc2,2.846,True,4.2237,False,True,21,40,100,2.85501,21,13,80,0,544501,26,26,21,0,1,130,6.38095,0,79,0,80,0,52,0,0,0,2.85761,0,0,
full,0,1,elevators-sat11-strips/p02,gc2_b200k,1.25055,True,2.72604,False,True,21,15,90,1.21776,21,18,80,0,218587,26,26,21,0,1,130,6.14286,0,69,0,80,0,57,0,0,0,1.22083,0,0,
full,0,1,elevators-sat11-strips/p03,gc2,3.0735,True,5.68004,False,True,27,50,118,3.04347,27,17,88,0,508851,32,32,27,0,1,182,6.2963,0,91,0,88,0,68,0,0,0,3.0481,0,0,
full,0,1,elevators-sat11-strips/p03,gc2_b200k,1.42986,True,4.68718,False,True,27,25,106,1.39349,27,22,88,0,238402,32,32,27,0,1,182,6.18519,0,79,0,88,0,73,0,0,0,1.39789,0,0,
full,0,1,elevators-sat11-strips/p04,gc2,2.22875,True,3.36844,False,True,26,30,84,2.21695,26,20,60,0,532328,30,30,26,0,1,148,5.46154,0,58,0,60,0,69,0,0,0,2.21913,0,0,
full,0,1,elevators-sat11-strips/p04,gc2_b200k,1.193,True,2.33846,False,True,26,15,72,1.17645,26,23,60,0,267685,30,30,26,0,1,148,5.23077,0,46,0,60,0,72,0,0,0,1.17844,0,0,
full,0,1,elevators-sat11-strips/p05,gc2,2.35089,True,3.28375,False,True,22,32,94,2.34219,22,14,62,0,512034,26,26,22,0,1,114,5.36364,0,72,0,62,0,55,0,0,0,2.34393,0,0,
full,0,1,elevators-sat11-strips/p05,gc2_b200k,1.21303,True,2.1041,False,True,22,16,78,1.19805,22,18,62,0,264321,26,26,22,0,1,114,5.18182,0,56,0,62,0,59,0,0,0,1.19968,0,0,
full,0,1,elevators-sat11-strips/p06,gc2,3.91377,True,7.80721,False,True,30,50,144,3.88458,30,20,112,0,540776,35,35,30,0,1,188,6.26667,0,114,0,112,0,77,0,0,0,3.89051,0,0,
full,0,1,elevators-sat11-strips/p06,gc2_b200k,1.9343,True,6.25302,False,True,30,20,120,1.88153,30,26,112,0,235955,35,35,30,0,1,188,6.06667,0,90,0,112,0,83,0,0,0,1.88811,0,0,
full,0,1,elevators-sat11-strips/p08,gc2,5.05276,True,9.72194,False,True,33,66,156,5.01531,33,22,114,0,544803,38,38,33,0,1,216,6.33333,0,123,0,114,0,85,0,0,0,5.02143,0,0,
full,0,1,elevators-sat11-strips/p08,gc2_b200k,2.35093,True,7.89062,False,True,33,30,132,2.30051,33,28,114,0,239414,38,38,33,0,1,216,6.15152,0,99,0,114,0,91,0,0,0,2.30771,0,0,
full,0,1,elevators-sat11-strips/p09,gc2,5.83146,True,14.3033,False,True,36,60,150,5.81792,36,24,124,0,555296,41,41,36,0,1,236,6.19444,0,114,0,124,0,93,0,0,0,5.82677,0,0,
full,0,1,elevators-sat11-strips/p09,gc2_b200k,2.62104,True,11.5297,False,True,36,25,134,2.55592,36,31,124,0,230247,41,41,36,0,1,236,6.08333,0,98,0,124,0,100,0,0,0,2.56583,0,0,
full,0,1,elevators-sat11-strips/p10,gc2,5.70079,True,17.13,False,True,39,66,168,5.64284,39,28,126,0,543803,44,44,39,0,1,264,6.28205,0,129,0,126,0,103,0,0,0,5.6529,0,0,
full,0,1,elevators-sat11-strips/p10,gc2_b200k,2.45449,True,14.5594,False,True,39,30,144,2.39353,39,34,126,0,236780,44,44,39,0,1,264,6.12821,0,105,0,126,0,109,0,0,0,2.40486,0,0,
full,0,1,elevators-sat11-strips/p12,gc2,9.42051,True,35.7819,False,True,43,66,176,9.27102,43,31,164,0,620712,51,51,43,0,1,524,9.13953,0,133,0,164,0,114,0,0,0,9.30309,0,0,
full,0,1,elevators-sat11-strips/p12,gc2_b200k,5.29783,True,32.1735,False,True,43,28,170,5.14535,43,38,164,0,325597,51,51,43,0,1,524,9.06977,0,127,0,164,0,121,0,0,0,5.17815,0,0,
full,0,1,elevators-sat11-strips/p13,gc2,10.4716,True,40.3657,False,True,46,54,174,10.3624,46,37,174,0,652231,54,54,46,0,1,562,9,0,128,0,174,0,126,0,0,0,10.3986,0,0,
full,0,1,elevators-sat11-strips/p13,gc2_b200k,6.34476,True,38.6121,False,True,46,24,174,6.16096,46,42,174,0,350307,54,54,46,0,1,562,9,0,128,0,174,0,131,0,0,0,6.19853,0,0,
full,0,1,elevators-sat11-strips/p14,gc2,10.52,True,48.3596,False,True,49,72,170,10.3808,49,37,170,0,568223,57,57,49,0,1,614,9,0,121,0,170,0,132,0,0,0,10.4279,0,0,
full,0,1,elevators-sat11-strips/p14,gc2_b200k,5.36848,True,41.5651,False,True,49,30,170,5.19226,49,44,170,0,284557,57,57,49,0,1,614,9,0,121,0,170,0,139,0,0,0,5.23744,0,0,
full,0,1,elevators-sat11-strips/p15,gc2,10.3425,True,52.1927,False,True,52,48,188,9.94774,52,44,188,0,583386,60,60,52,0,1,644,9,0,136,0,188,0,145,0,0,0,9.99992,0,0,
full,0,1,elevators-sat11-strips/p15,gc2_b200k,6.29973,True,47.948,False,True,52,24,188,5.9286,52,48,188,0,337122,60,60,52,0,1,644,9,0,136,0,188,0,149,0,0,0,5.98064,0,0,
full,0,1,elevators-sat11-strips/p16,gc2,13.934,True,40.1558,False,True,40,61,166,13.7842,40,29,154,0,578157,48,48,40,0,1,486,9.15,0,126,0,154,0,106,0,0,0,13.8153,0,0,
full,0,1,elevators-sat11-strips/p16,gc2_b200k,6.27698,True,33.7391,False,True,40,27,158,6.19228,40,35,154,0,313143,48,48,40,0,1,486,9.05,0,118,0,154,0,112,0,0,0,6.21996,0,0,
full,0,1,elevators-sat11-strips/p17,gc2,13.0254,True,53.992,False,True,45,54,184,12.8758,45,36,176,0,623447,53,53,45,0,1,544,9.04444,0,139,0,176,0,123,0,0,0,12.9067,0,0,
full,0,1,elevators-sat11-strips/p17,gc2_b200k,6.92652,True,45.1714,False,True,45,24,176,6.78101,45,41,176,0,332397,53,53,45,0,1,544,9,0,131,0,176,0,128,0,0,0,6.81585,0,0,
full,0,1,elevators-sat11-strips/p18,gc2,13.1668,True,60.9722,False,True,50,72,194,13.0241,50,38,194,0,624800,58,58,50,0,1,606,9,0,144,0,194,0,135,0,0,0,13.0671,0,0,
full,0,1,elevators-sat11-strips/p18,gc2_b200k,7.55793,True,55.6498,False,True,50,30,194,7.36773,50,45,194,0,327462,58,58,50,0,1,606,9,0,144,0,194,0,142,0,0,0,7.40982,0,0,
full,0,1,elevators-sat11-strips/p19,gc2,16.9631,True,75.8676,False,True,55,48,214,16.7966,55,47,214,0,599291,63,63,55,0,1,666,9,0,159,0,214,0,154,0,0,0,16.8476,0,0,
full,0,1,elevators-sat11-strips/p19,gc2_b200k,9.74977,True,67.3638,False,True,55,24,214,9.56501,55,51,214,0,355853,63,63,55,0,1,666,9,0,159,0,214,0,158,0,0,0,9.62091,0,0,
full,0,1,elevators-sat11-strips/p20,gc2,19.7813,True,101.185,False,True,60,48,220,19.5521,60,52,216,0,612765,68,68,60,0,1,744,9.01667,0,160,0,216,0,169,0,0,0,19.6243,0,0,
full,0,1,elevators-sat11-strips/p20,gc2_b200k,11.8985,True,94.5874,False,True,60,24,216,11.6691,60,56,216,0,352076,68,68,60,0,1,744,9,0,156,0,216,0,173,0,0,0,11.7333,0,0,
full,0,1,ferry/p-10locs-5cars,gc2,0.00482738,True,0.0106807,False,True,12,0,120,0.000836958,12,0,10,0,1344,6,6,5,0,1,0,6,7,108,0,10,0,0,0,0,0,0.000890639,0,0,
full,0,1,ferry/p-10locs-5cars,gc2_b200k,0.00528853,True,0.011965,False,True,12,0,120,0.000809688,12,0,10,0,1344,6,6,5,0,1,0,6,7,108,0,10,0,0,0,0,0,0.000871589,0,0,
full,0,1,ferry/p-10locs-7cars,gc2,0.00900161,True,0.0160379,False,True,18,0,180,0.00501958,18,0,10,0,9090,8,8,7,0,1,4,8,11,162,0,10,0,0,0,0,0,0.00512588,0,0,
full,0,1,ferry/p-10locs-7cars,gc2_b200k,0.00845806,True,0.0156503,False,True,18,0,180,0.00456043,18,0,10,0,9090,8,8,7,0,1,4,8,11,162,0,10,0,0,0,0,0,0.0046654,0,0,
full,0,3,floortile-sat11-strips/seq-p02-004,gc2,2.12913,True,2.1657,False,True,15,40,143,0.589231,15,7,63,1,662729,20,20,15,0,43,81,6.46667,0,128,1,21,0,34,0,0,0,0.661959,0,6,
full,0,2,floortile-sat11-strips/seq-p02-004,gc2_b200k,0.753309,True,0.79042,False,True,15,18,137,0.258653,15,12,61,1,326989,20,20,15,0,48,83,6.13333,0,122,1,14,0,39,0,0,0,0.397331,0,7,
full,0,5,floortile-sat14-strips/p02-5-4-2,gc2,17.7119,True,17.797,False,True,20,44,187,0.643792,20,14,83,1,745375,26,26,20,0,73,117,6.3,0,167,1,11,0,51,0,0,0,3.66254,0,11,
full,0,4,floortile-sat14-strips/p02-5-4-2,gc2_b200k,12.2181,True,12.2953,False,True,20,31,186,0.437073,20,17,83,1,514383,26,26,20,0,73,117,6.2,0,166,1,11,0,54,0,0,0,3.7457,0,11,
full,0,6,floortile-sat14-strips/p03-6-4-2,gc2,41.7073,True,41.8342,False,True,24,59,218,0.817336,24,17,83,1,860402,30,30,24,0,79,153,6.25,0,194,0,5,0,62,0,0,0,2.28932,0,17,
full,0,6,floortile-sat14-strips/p03-6-4-2,gc2_b200k,50.5051,True,50.6297,False,True,24,39,216,0.518055,24,21,82,1,580961,30,30,24,0,80,154,6.16667,0,192,0,3,0,66,0,0,0,2.89287,0,17,
full,0,6,floortile-sat14-strips/p04-5-4-2,gc2,27.6515,True,27.7314,False,True,20,45,189,0.655347,20,14,77,1,750992,26,26,20,0,73,123,6.35,0,169,1,5,0,51,0,0,0,6.80812,0,11,
full,0,6,floortile-sat14-strips/p04-5-4-2,gc2_b200k,27.6497,True,27.7335,False,True,20,32,188,0.492446,20,17,77,1,518742,26,26,20,0,73,123,6.25,0,168,1,5,0,54,0,0,0,6.73225,0,11,
full,23,,freecell/pfile17,gc2,,False,,False,,8,55,45,9.65226,8,0,17,1,539613,14,102,4,0,4,882,7,4,37,1,14,0,1,0,0,0,9.72717,0,1,
full,23,,freecell/pfile17,gc2_b200k,,False,,False,,4,27,20,4.36873,4,0,13,0,253484,14,102,4,0,1,886,7.25,0,16,0,13,0,5,0,0,0,4.47349,0,0,
full,0,1,freecell/probfreecell-4-1,gc2,2.8903,True,3.51093,False,True,8,47,31,1.75546,8,0,13,0,526111,24,38,4,0,1,233,10.75,4,23,0,13,0,1,0,0,0,1.75826,0,0,
full,0,1,freecell/probfreecell-4-1,gc2_b200k,1.87651,True,2.38885,False,True,4,24,13,0.534982,4,0,10,0,214759,24,38,4,0,1,236,12.75,0,9,0,10,0,5,0,0,0,0.5376,0,0,
full,0,1,freecell/probfreecell-4-3,gc2,2.60263,True,3.11886,False,True,7,38,30,1.37742,7,0,14,0,509194,23,38,4,0,1,224,10.4286,3,23,0,14,0,2,0,0,0,1.37982,0,0,
full,0,1,freecell/probfreecell-4-3,gc2_b200k,1.61558,True,2.14989,False,True,4,21,15,0.54085,4,1,12,0,269352,23,38,4,0,1,226,12,0,11,0,12,0,6,0,0,0,0.543,0,0,
full,0,2,freecell/probfreecell-7-2,gc2,25.4252,True,27.4951,False,True,8,48,46,3.7996,8,0,18,1,552450,20,62,4,0,5,475,8.125,4,38,1,14,0,1,0,0,0,3.81328,0,1,
full,0,2,freecell/probfreecell-7-2,gc2_b200k,30.4798,True,32.8354,False,True,4,23,21,1.98055,4,1,15,0,287243,20,62,4,0,1,478,9.5,0,17,0,15,0,6,0,0,0,1.99573,0,0,
full,0,2,grid/prob01,gc2,87.2072,True,87.32,False,True,1,4,4,0.553356,1,0,4,0,57009,16,19,1,0,1,2262,16,0,3,0,4,0,0,0,0,0,0.571111,0,0,
full,0,2,grid/prob01,gc2_b200k,89.3563,True,89.4735,False,True,1,4,4,0.539126,1,0,4,0,57009,16,19,1,0,1,2262,16,0,3,0,4,0,0,0,0,0,0.555668,0,0,
full,22,,grid/prob03,gc2,,False,,False,,11,45,40,4.13332,11,0,17,0,554940,12,23,5,0,1,6482,6.18182,6,29,0,17,0,1,0,0,0,4.25389,0,0,
full,22,,grid/prob03,gc2_b200k,,False,,False,,5,21,12,3.64562,5,0,12,0,236523,12,23,5,0,1,6487,7.6,0,7,0,12,0,7,0,0,0,3.77503,0,0,
full,0,1,gripper/prob01,gc2,0.00530467,True,0.00903541,False,True,9,0,72,0.00100995,9,0,8,0,1152,6,6,4,0,1,8,6,5,63,0,8,0,0,0,0,0,0.00107139,0,0,
full,0,1,gripper/prob01,gc2_b200k,0.00569048,True,0.00801605,False,True,9,0,72,0.000969648,9,0,8,0,1152,6,6,4,0,1,8,6,5,63,0,8,0,0,0,0,0,0.00103589,0,0,
full,0,1,gripper/prob03,gc2,0.129825,True,0.135602,False,True,21,0,336,0.12517,21,0,16,0,123648,10,10,8,0,1,16,10,13,315,0,16,0,0,0,0,0,0.125307,0,0,
full,0,1,gripper/prob03,gc2_b200k,0.127621,True,0.13197,False,True,21,0,336,0.122966,21,0,16,0,123648,10,10,8,0,1,16,10,13,315,0,16,0,0,0,0,0,0.123102,0,0,
full,0,,logistics00/adl-98-prob03,gc2,,True,0.149476,True,True,,,,,,,,,,,,,,,,,,,,,,,,,,,,,
full,0,,logistics00/adl-98-prob03,gc2_b200k,,True,0.153025,True,True,,,,,,,,,,,,,,,,,,,,,,,,,,,,,
full,0,,miconic/s1-2,gc2,,True,0.00195739,True,True,,,,,,,,,,,,,,,,,,,,,,,,,,,,,
full,0,,miconic/s1-2,gc2_b200k,,True,0.00287437,True,True,,,,,,,,,,,,,,,,,,,,,,,,,,,,,
full,0,,movie/prob03,gc2,,True,0.00286604,True,True,,,,,,,,,,,,,,,,,,,,,,,,,,,,,
full,0,,movie/prob03,gc2_b200k,,True,0.00255004,True,True,,,,,,,,,,,,,,,,,,,,,,,,,,,,,
full,0,1,mprime/prob04,gc2,0.231419,True,0.282481,False,True,1,5,7,0.203003,1,0,7,0,65532,12,19,1,0,1,232,12,0,6,0,7,0,0,0,0,0,0.20446,0,0,
full,0,1,mprime/prob04,gc2_b200k,0.248103,True,0.304346,False,True,1,5,7,0.219771,1,0,7,0,65532,12,19,1,0,1,232,12,0,6,0,7,0,0,0,0,0,0.221322,0,0,
full,0,1,mprime/prob11,gc2,0.564939,True,0.615892,False,True,3,12,21,0.546121,3,0,7,0,225812,13,18,2,0,1,185,13,1,18,0,7,0,0,0,0,0,0.547081,0,0,
full,0,1,mprime/prob11,gc2_b200k,0.566974,True,0.618713,False,True,3,12,21,0.548759,3,0,7,0,225812,13,18,2,0,1,185,13,1,18,0,7,0,0,0,0,0,0.549731,0,0,
full,0,1,mprime/prob16,gc2,6.23956,True,7.43629,False,True,3,15,10,0.14359,3,0,9,0,74807,20,34,2,0,1,1564,15.3333,1,7,0,9,0,0,0,0,0,0.166363,0,0,
full,0,1,mprime/prob16,gc2_b200k,6.91746,True,8.1231,False,True,3,15,10,0.162968,3,0,9,0,74807,20,34,2,0,1,1564,15.3333,1,7,0,9,0,0,0,0,0,0.19151,0,0,
full,250,,mprime/prob18,gc2,,False,,False,,1,6,2,0.0684109,1,0,2,0,40193,7,45,1,0,1,3379,7,0,1,0,2,0,0,0,0,0,0.240466,0,0,
full,250,,mprime/prob18,gc2_b200k,,False,,False,,1,6,2,0.069721,1,0,2,0,40193,7,45,1,0,1,3379,7,0,1,0,2,0,0,0,0,0,0.242569,0,0,
full,0,1,mprime/prob25,gc2,0.00805458,True,0.0168164,False,True,1,0,4,0.000993834,1,0,4,0,1499,10,10,1,0,1,46,10,0,3,0,4,0,0,0,0,0,0.00111371,0,0,
full,0,1,mprime/prob25,gc2_b200k,0.00822749,True,0.0166937,False,True,1,0,4,0.00106869,1,0,4,0,1499,10,10,1,0,1,46,10,0,3,0,4,0,0,0,0,0,0.00124066,0,0,
full,0,1,mprime/prob26,gc2,1.42215,True,1.71281,False,True,1,5,5,0.0595168,1,0,5,0,77999,8,26,1,0,1,662,8,0,4,0,5,0,0,0,0,0,0.0643281,0,0,
full,0,1,mprime/prob26,gc2_b200k,1.48172,True,1.79335,False,True,1,5,5,0.0795299,1,0,5,0,77999,8,26,1,0,1,662,8,0,4,0,5,0,0,0,0,0,0.0857514,0,0,
full,0,1,mprime/prob30,gc2,6.03492,True,8.25315,False,True,6,30,28,0.568703,6,0,13,1,335657,17,30,3,0,3,1118,11.1667,3,22,1,11,0,0,0,0,0,0.587021,0,2,
full,0,1,mprime/prob30,gc2_b200k,5.1843,True,7.30207,False,True,4,20,18,0.417803,4,0,9,1,218949,17,30,3,0,3,1122,13.5,1,14,1,7,0,2,0,0,0,0.442139,0,1,
full,0,2,mprime/prob32,gc2,1.30366,True,1.46183,False,True,1,5,7,0.111209,1,0,5,1,63719,12,27,1,0,4,623,12,0,6,1,2,0,0,0,0,0,0.11535,0,2,
full,0,2,mprime/prob32,gc2_b200k,1.38843,True,1.55762,False,True,1,5,7,0.116113,1,0,5,1,63719,12,27,1,0,4,623,12,0,6,1,2,0,0,0,0,0,0.121678,0,2,
full,0,2,mystery/prob20,gc2,43.3302,True,44.9279,False,True,1,5,2,0.0617606,1,0,2,0,60087,10,42,1,0,1,1606,10,0,1,0,2,0,0,0,0,0,0.115081,0,0,
full,0,2,mystery/prob20,gc2_b200k,46.4163,True,48.2054,False,True,1,5,2,0.0675954,1,0,2,0,60087,10,42,1,0,1,1606,10,0,1,0,2,0,0,0,0,0,0.115335,0,0,
full,23,,mystery/prob23,gc2,,False,,False,,1,5,9,0.19856,1,0,8,1,78363,5,47,1,0,3,2354,5,0,8,1,6,0,0,0,0,0,0.264923,0,1,
full,23,,mystery/prob23,gc2_b200k,,False,,False,,1,5,9,0.211846,1,0,8,1,78363,5,47,1,0,3,2354,5,0,8,1,6,0,0,0,0,0,0.282797,0,1,
full,0,1,mystery/prob28,gc2,0.0114777,True,0.0196166,False,True,3,0,21,0.00348672,3,0,7,0,5907,14,14,2,0,1,68,14,1,18,0,7,0,0,0,0,0,0.00379185,0,0,
full,0,1,mystery/prob28,gc2_b200k,0.0116605,True,0.0190159,False,True,3,0,21,0.00339553,3,0,7,0,5907,14,14,2,0,1,68,14,1,18,0,7,0,0,0,0,0,0.00373306,0,0,
full,0,6,nomystery-opt11-strips/p06,gc2,4.33546,True,4.41245,False,True,21,6,183,0.113526,21,0,25,1,170294,10,10,8,0,21,57,3.47619,13,162,1,5,0,0,0,0,0,0.131313,0,29,
full,0,6,nomystery-opt11-strips/p06,gc2_b200k,4.03741,True,4.11588,False,True,21,6,183,0.0929982,21,0,25,1,170294,10,10,8,0,21,57,3.47619,13,162,1,5,0,0,0,0,0,0.108675,0,29,
full,0,5,nomystery-opt11-strips/p07,gc2,1.97838,True,2.05491,False,True,24,4,215,0.0978091,24,0,31,2,201088,11,11,9,0,15,72,3.54167,15,191,2,12,0,0,0,0,0,0.102416,0,33,
full,0,5,nomystery-opt11-strips/p07,gc2_b200k,1.76399,True,1.84551,False,True,24,4,215,0.098905,24,0,31,2,201088,11,11,9,0,15,72,3.54167,15,191,2,12,0,0,0,0,0,0.103536,0,33,
full,0,8,nomystery-opt11-strips/p08,gc2,6.58578,True,6.68438,False,True,27,16,256,0.152131,27,0,31,1,285361,12,12,10,0,29,90,3.33333,17,229,1,3,0,0,0,0,0,0.398453,0,57,
full,0,8,nomystery-opt11-strips/p08,gc2_b200k,4.81336,True,4.90864,False,True,22,12,202,0.10469,22,0,31,1,206198,12,12,10,0,25,90,3.27273,12,180,1,7,0,5,0,0,0,0.186394,0,43,
full,0,8,nomystery-opt11-strips/p09,gc2,14.2128,True,14.3881,False,True,30,20,264,0.172371,30,0,36,1,303820,13,13,11,0,31,111,3.3,19,232,1,6,0,0,0,0,0,0.529496,0,36,
full,0,8,nomystery-opt11-strips/p09,gc2_b200k,14.3537,True,14.5155,False,True,24,14,202,0.118128,24,0,35,1,200939,13,13,11,0,28,112,3.25,13,177,1,8,0,6,0,0,0,0.16143,0,27,
full,0,8,nomystery-opt11-strips/p10,gc2,19.9295,True,20.0386,False,True,33,8,283,0.15638,33,0,36,1,305905,14,14,12,0,35,133,3.51515,21,241,0,2,0,0,0,0,0,3.37132,0,53,
full,0,7,nomystery-opt11-strips/p10,gc2_b200k,5.28334,True,5.40083,False,True,26,6,209,0.137043,26,0,36,1,206416,14,14,12,0,32,133,3.42308,14,177,1,5,0,7,0,0,0,1.17503,0,37,
full,0,5,nomystery-opt11-strips/p11,gc2,0.119297,True,0.124028,False,True,6,0,37,0.000606155,6,0,12,1,1205,5,5,3,0,12,6,3.5,3,31,1,1,0,0,0,0,0,0.00125396,0,7,
full,0,5,nomystery-opt11-strips/p11,gc2_b200k,0.121585,True,0.127326,False,True,6,0,37,0.000640922,6,0,12,1,1205,5,5,3,0,12,6,3.5,3,31,1,1,0,0,0,0,0,0.00131765,0,7,
full,0,8,nomystery-opt11-strips/p19,gc2,10.7274,True,10.8339,False,True,30,20,264,0.142248,30,0,36,1,303490,13,13,11,0,31,111,3.3,19,232,1,6,0,0,0,0,0,0.479375,0,36,
full,0,9,nomystery-opt11-strips/p19,gc2_b200k,33.2061,True,33.3167,False,True,24,14,202,0.119172,24,0,35,1,200901,13,13,11,0,28,112,3.25,13,177,1,8,0,6,0,0,0,0.16454,0,27,
full,0,4,nomystery-sat11-strips/p01,gc2,0.114943,True,0.130991,False,True,15,0,100,0.00945134,15,0,19,1,22406,8,8,6,0,8,26,3.6,9,85,1,12,0,0,0,0,0,0.0102911,0,15,
full,0,4,nomystery-sat11-strips/p01,gc2_b200k,0.131168,True,0.148383,False,True,15,0,100,0.0102005,15,0,19,1,22406,8,8,6,0,8,26,3.6,9,85,1,12,0,0,0,0,0,0.0110473,0,15,
full,0,4,nomystery-sat11-strips/p02,gc2,0.119218,True,0.13912,False,True,18,0,119,0.00971826,18,0,20,1,22668,9,9,7,0,15,37,3.61111,11,101,1,6,0,0,0,0,0,0.025037,0,22,
full,0,4,nomystery-sat11-strips/p02,gc2_b200k,0.128901,True,0.150516,False,True,18,0,119,0.00970502,18,0,20,1,22668,9,9,7,0,15,37,3.61111,11,101,1,6,0,0,0,0,0,0.0254894,0,22,
full,0,7,nomystery-sat11-strips/p05,gc2,5.93334,True,6.03681,False,True,27,12,245,0.134427,27,0,33,1,243834,12,12,10,0,32,80,3.40741,17,218,1,2,0,0,0,0,0,0.323103,0,36,
full,0,6,nomystery-sat11-strips/p05,gc2_b200k,5.06824,True,5.17248,False,True,23,12,208,0.117339,23,0,33,1,205754,12,12,10,0,30,80,3.30435,13,185,1,4,0,4,0,0,0,0.208887,0,28,
full,0,9,nomystery-sat11-strips/p07,gc2,23.897,True,24.0628,False,True,33,20,287,0.183539,33,0,38,1,321881,14,14,12,0,33,121,3.33333,21,252,1,6,0,0,0,0,0,0.879878,0,39,
full,0,8,nomystery-sat11-strips/p07,gc2_b200k,8.85618,True,9.03055,False,True,25,14,207,0.124188,25,0,37,1,201315,14,14,12,0,29,122,3.24,13,181,1,9,0,8,0,0,0,0.177498,0,27,
full,0,8,nomystery-sat11-strips/p08,gc2,13.5083,True,13.6346,False,True,36,8,305,0.172133,36,0,38,1,321586,15,15,13,0,37,144,3.52778,23,259,0,2,0,0,0,0,0,1.37087,0,56,
full,0,7,nomystery-sat11-strips/p08,gc2_b200k,11.1382,True,11.2572,False,True,29,6,231,0.12521,29,0,38,1,221035,15,15,13,0,34,144,3.44828,16,195,1,5,0,7,0,0,0,1.90075,0,40,
full,0,4,nomystery-sat11-strips/p12,gc2,0.107262,True,0.121652,False,True,18,0,119,0.00618208,18,0,20,1,15250,9,9,7,0,15,37,3.61111,11,101,1,6,0,0,0,0,0,0.0211866,0,22,
full,0,4,nomystery-sat11-strips/p12,gc2_b200k,0.102583,True,0.118696,False,True,18,0,119,0.00619746,18,0,20,1,15250,9,9,7,0,15,37,3.61111,11,101,1,6,0,0,0,0,0,0.0211235,0,22,
full,0,7,nomystery-sat11-strips/p14,gc2,4.44932,True,4.50279,False,True,24,2,195,0.0511557,24,0,26,1,120063,11,11,9,0,22,65,3.58333,15,171,1,5,0,0,0,0,0,0.0605225,0,24,
full,0,7,nomystery-sat11-strips/p14,gc2_b200k,4.45763,True,4.51148,False,True,24,2,195,0.0577759,24,0,26,1,120063,11,11,9,0,22,65,3.58333,15,171,1,5,0,0,0,0,0,0.0673729,0,24,
full,0,8,nomystery-sat11-strips/p15,gc2,26.9371,True,27.0021,False,True,27,10,245,0.120694,27,0,33,1,240528,12,12,10,0,32,80,3.44444,17,218,1,2,0,0,0,0,0,0.298995,0,36,
full,0,8,nomystery-sat11-strips/p15,gc2_b200k,50.345,True,50.4131,False,True,23,10,208,0.119008,23,0,33,1,203219,12,12,10,0,30,80,3.34783,13,185,1,4,0,4,0,0,0,0.207444,0,28,
full,0,9,nomystery-sat11-strips/p18,gc2,58.5411,True,58.6249,False,True,36,8,305,0.159451,36,0,38,1,301927,15,15,13,0,37,144,3.52778,23,259,0,2,0,0,0,0,0,1.2907,0,56,
full,0,7,nomystery-sat11-strips/p18,gc2_b200k,10.8922,True,10.9777,False,True,29,6,231,0.113551,29,0,38,1,208422,15,15,13,0,34,144,3.44828,16,195,1,5,0,7,0,0,0,1.77968,0,40,
full,0,3,openstacks-opt08-strips/p04,gc2,0.583292,True,0.59026,False,True,8,28,134,0.567224,8,1,25,0,511189,17,17,8,0,1,0,8.875,0,112,0,25,0,14,0,0,0,0.567401,0,0,
full,0,3,openstacks-opt08-strips/p04,gc2_b200k,0.266191,True,0.272772,False,True,8,12,78,0.248467,8,5,25,0,222407,17,17,8,0,1,0,5.75,0,64,0,25,0,18,0,0,0,0.248648,0,0,
full,0,5,openstacks-opt08-strips/p11,gc2,4.75362,True,4.77677,False,True,15,35,152,1.16861,15,8,46,1,522879,31,31,15,0,25,0,7.8,0,127,1,22,0,35,0,0,0,1.17276,0,8,
full,0,5,openstacks-opt08-strips/p11,gc2_b200k,3.74331,True,3.76785,False,True,15,15,105,0.488102,15,12,46,1,225892,31,31,15,0,25,0,5.4,0,86,1,22,0,39,0,0,0,0.492637,0,4,
full,0,4,openstacks-opt08-strips/p12,gc2,1.94626,True,1.96152,False,True,16,30,137,1.20013,16,10,49,1,555441,33,33,16,0,9,0,6.9375,0,117,1,41,0,39,0,0,0,1.20075,0,3,
full,0,4,openstacks-opt08-strips/p12,gc2_b200k,1.1692,True,1.18453,False,True,16,15,106,0.568629,16,13,49,1,274208,33,33,16,0,9,0,5.25,0,89,1,41,0,42,0,0,0,0.569212,0,2,
full,0,5,openstacks-opt08-strips/p13,gc2,6.60714,True,6.66766,False,True,17,30,146,1.28203,17,11,52,2,551663,35,35,17,0,7,0,6.70588,0,117,2,44,0,42,0,0,0,1.28287,0,2,
full,0,5,openstacks-opt08-strips/p13,gc2_b200k,6.91218,True,6.97688,False,True,17,15,109,0.67534,17,14,52,1,275557,35,35,17,0,7,0,5.11765,0,87,1,46,0,45,0,0,0,0.675964,0,1,
full,0,5,openstacks-opt08-strips/p14,gc2,6.83811,True,6.87156,False,True,18,30,140,1.37042,18,12,55,1,576893,37,37,18,0,9,0,7,0,113,1,47,0,45,0,0,0,1.37132,0,2,
full,0,5,openstacks-opt08-strips/p14,gc2_b200k,6.16398,True,6.19704,False,True,18,15,112,0.691422,18,15,55,1,288821,37,37,18,0,11,0,5.33333,0,90,1,45,0,48,0,0,0,0.692104,0,1,
full,0,5,openstacks-opt08-strips/p15,gc2,13.5089,True,13.6059,False,True,19,35,146,1.43571,19,13,58,1,571068,39,39,19,0,13,0,6.31579,0,117,1,46,0,48,0,0,0,1.43733,0,3,
full,0,5,openstacks-opt08-strips/p15,gc2_b200k,14.3322,True,14.4264,False,True,19,17,114,0.679055,19,16,58,1,279949,39,39,19,0,13,0,4.89474,0,91,1,46,0,51,0,0,0,0.680187,0,2,
full,0,6,openstacks-opt08-strips/p16,gc2,17.1097,True,17.2087,False,True,20,36,137,1.34229,20,14,61,1,541668,41,41,20,0,27,0,6.8,0,112,1,35,0,51,0,0,0,1.34647,0,3,
full,0,6,openstacks-opt08-strips/p16,gc2_b200k,18.5177,True,18.607,False,True,20,18,119,0.679408,20,17,61,1,274645,41,41,20,0,27,0,5.25,0,96,1,35,0,54,0,0,0,0.683939,0,3,
full,0,3,parcprinter-08-strips/p04,gc2,0.241245,True,0.261195,False,True,30,5,409,0.206481,30,0,33,1,127845,34,34,12,0,16,27,20.2667,18,379,1,18,0,0,0,0,0,0.228589,0,39,
full,0,3,parcprinter-08-strips/p04,gc2_b200k,0.237816,True,0.256845,False,True,30,5,409,0.206187,30,0,33,1,127845,34,34,12,0,16,27,20.2667,18,379,1,18,0,0,0,0,0,0.229186,0,39,
full,0,2,parcprinter-08-strips/p07,gc2,1.03449,True,1.10567,False,True,44,25,610,0.820297,44,0,60,1,528988,49,49,21,0,30,48,20.3182,23,566,1,31,0,10,0,0,0,1.02263,0,63,
full,0,2,parcprinter-08-strips/p07,gc2_b200k,0.450299,True,0.532427,False,True,32,10,363,0.366238,32,0,60,1,245523,49,49,21,0,30,48,19.875,11,331,1,31,0,22,0,0,0,0.436775,0,38,
full,0,3,parcprinter-08-strips/p09,gc2,0.812217,True,0.929735,False,True,55,25,811,0.744455,55,0,70,2,500233,59,59,27,0,22,62,20.2,28,756,2,33,0,15,0,0,0,0.783903,0,92,
full,0,3,parcprinter-08-strips/p09,gc2_b200k,0.403838,True,0.547618,False,True,41,10,489,0.333945,41,0,70,2,208943,59,59,27,0,22,62,19.7073,14,448,2,33,0,29,0,0,0,0.377133,0,57,
full,0,2,parcprinter-08-strips/p10,gc2,1.59925,True,1.78201,False,True,73,25,1160,0.931617,73,0,75,4,501247,64,64,30,0,30,69,20.3151,43,1087,4,43,0,5,0,0,0,1.58827,0,143,
full,0,2,parcprinter-08-strips/p10,gc2_b200k,0.553002,True,0.745926,False,True,50,10,665,0.359321,50,0,75,4,204705,64,64,30,0,30,69,19.66,20,615,4,43,0,28,0,0,0,0.535634,0,77,
full,0,1,parcprinter-08-strips/p14,gc2,0.796488,True,0.834888,False,True,30,60,389,0.800524,30,0,35,3,458881,39,39,12,0,2,50,21.6333,18,359,3,32,0,0,0,0,0,0.8018,0,4,
full,0,1,parcprinter-08-strips/p14,gc2_b200k,0.359104,True,0.391829,False,True,20,25,224,0.345528,20,0,35,2,201454,39,39,12,0,2,50,21,8,204,2,33,0,10,0,0,0,0.346775,0,2,
full,0,2,parcprinter-08-strips/p20,gc2,0.965447,True,1.39026,False,True,43,70,471,0.912923,43,0,89,2,505976,77,77,31,0,31,126,20.8372,12,428,2,50,0,38,0,0,0,0.928297,0,8,
full,0,3,parcprinter-08-strips/p20,gc2_b200k,0.528134,True,0.950757,False,True,31,40,262,0.409973,31,11,87,0,215832,77,77,31,0,1,128,16.2581,0,231,0,87,0,61,0,0,0,0.419989,0,0,
full,0,3,parcprinter-08-strips/p28,gc2,1.86437,True,1.94002,False,True,62,22,983,0.590993,62,0,49,2,450282,56,56,24,0,32,34,16.3226,38,921,2,15,0,0,0,0,0,1.84162,0,149,
full,0,3,parcprinter-08-strips/p28,gc2_b200k,0.493755,True,0.569017,False,True,42,14,567,0.312333,42,0,49,2,238674,56,56,24,0,32,34,15.4524,18,525,2,15,0,20,0,0,0,0.462072,0,82,
full,0,2,pathways-noneg/p04,gc2,0.0136609,True,0.0734911,False,True,8,0,36,0.0047337,8,0,18,1,3297,28,64,4,0,2,77,12.375,4,28,1,17,0,0,0,0,0,0.00628667,0,1,
full,0,2,pathways-noneg/p04,gc2_b200k,0.0122971,True,0.0680567,False,True,8,0,36,0.00391995,8,0,18,1,3297,28,64,4,0,2,77,12.375,4,28,1,17,0,0,0,0,0,0.00534954,0,1,
full,0,4,pathways-noneg/p10,gc2,1.28063,True,2.73061,False,True,33,33,175,1.07998,33,0,66,1,537124,74,155,14,0,21,227,14.8182,19,142,1,46,0,3,0,0,0,1.10724,0,5,
full,0,4,pathways-noneg/p10,gc2_b200k,0.615049,True,2.09894,False,True,23,14,109,0.43169,23,0,60,1,245041,74,155,14,0,10,233,14.0435,9,86,1,51,0,13,0,0,0,0.449769,0,2,
full,0,5,pathways-noneg/p14,gc2,166.763,True,169.056,False,True,42,29,253,1.65318,42,0,100,2,500352,92,190,18,0,31,228,14.2143,24,211,2,62,0,7,0,0,0,1.68445,0,7,
full,0,5,pathways-noneg/p14,gc2_b200k,122.369,True,124.417,False,True,24,15,118,0.66325,24,0,74,1,218970,92,190,18,0,3,254,11.625,6,94,1,72,0,25,0,0,0,0.6908,0,1,
full,0,5,pathways-noneg/p25,gc2,3.63698,True,43.9,False,True,86,20,521,1.34469,86,0,164,3,441248,171,324,33,0,54,494,13.4535,53,435,3,101,0,0,0,0,0,1.71183,0,17,
full,0,5,pathways-noneg/p25,gc2_b200k,3.68565,True,40.852,False,True,60,10,326,0.558549,60,0,140,5,203405,171,324,33,0,5,518,12.1333,27,266,5,126,0,26,0,0,0,0.747043,0,6,
full,0,5,pathways-noneg/p26,gc2,4.37165,True,39.2421,False,True,75,25,441,1.71252,75,0,146,1,506962,176,336,34,0,53,539,13.6133,41,366,1,94,0,16,0,0,0,2.14987,0,14,
full,0,5,pathways-noneg/p26,gc2_b200k,3.36613,True,35.588,False,True,39,10,168,0.376964,39,0,112,0,202579,176,336,34,0,1,573,10.2821,5,129,0,112,0,52,0,0,0,0.572299,0,0,
full,0,6,pathways-noneg/p28,gc2,6.11029,True,45.8534,False,True,50,31,227,1.68954,50,0,132,1,565392,187,340,37,0,3,559,11.76,13,177,1,130,0,51,0,0,0,1.8841,0,1,
full,0,6,pathways-noneg/p28,gc2_b200k,4.18752,True,46.2266,False,True,42,16,175,0.873159,42,0,120,0,291062,187,340,37,0,1,571,10.2857,5,133,0,120,0,59,0,0,0,1.08098,0,0,
full,0,7,pathways-noneg/p29,gc2,24.2868,True,50.9696,False,True,64,35,350,2.71302,64,0,138,5,503797,184,306,39,0,10,459,11.9531,25,286,5,121,0,43,0,0,0,2.8131,0,11,
full,0,7,pathways-noneg/p29,gc2_b200k,20.3441,True,43.505,False,True,52,20,254,1.36681,52,0,120,2,256921,184,306,39,0,7,477,10.4231,13,202,2,112,0,55,0,0,0,1.47267,0,6,
full,0,5,pathways/p26,gc2,6.27863,True,21.0392,False,True,75,25,441,1.84112,75,0,146,1,506962,176,338,34,0,53,541,13.6133,41,366,1,94,0,16,0,0,0,2.32997,0,14,
full,0,5,pathways/p26,gc2_b200k,3.6096,True,18.0536,False,True,39,10,168,0.387758,39,0,112,0,202579,176,338,34,0,1,575,10.2821,5,129,0,112,0,52,0,0,0,0.576473,0,0,
full,0,3,pegsol-08-strips/p22,gc2,1.242,True,1.2743,False,True,33,38,189,1.08293,33,10,49,1,536555,33,34,33,0,40,28,12.9091,0,156,1,10,0,70,0,0,0,1.19481,0,14,
full,0,3,pegsol-08-strips/p22,gc2_b200k,0.595118,True,0.626011,False,True,33,14,164,0.486244,33,16,45,1,225402,33,34,33,0,36,32,10.9697,0,131,1,10,0,76,0,0,0,0.573045,0,14,
full,0,2,pipesworld-notankage/p06-net1-b10-g6,gc2,6.55796,True,6.70795,False,True,8,51,36,5.20252,8,0,21,0,541686,70,70,6,0,1,347,34.625,2,28,0,21,0,7,0,0,0,5.20786,0,0,
full,0,2,pipesworld-notankage/p06-net1-b10-g6,gc2_b200k,4.61177,True,4.75382,False,True,6,36,25,2.87403,6,3,18,0,364190,70,70,6,0,1,350,39.5,0,19,0,18,0,12,0,0,0,2.8791,0,0,
full,0,4,pipesworld-notankage/p11-net2-b10-g2,gc2,33.4305,True,35.4461,False,True,3,24,18,3.14767,3,0,15,2,276667,93,172,2,0,2,785,37.3333,1,15,2,13,0,0,0,0,0,3.21723,0,2,
full,0,4,pipesworld-notankage/p11-net2-b10-g2,gc2_b200k,31.3361,True,33.1704,False,True,3,24,18,2.99504,3,0,15,2,276667,93,172,2,0,2,785,37.3333,1,15,2,13,0,0,0,0,0,3.06388,0,2,
full,0,2,psr-small/p06-s10-n1-l4-f50,gc2,0.00487989,True,0.0076441,False,True,6,0,48,0.000142945,6,0,6,1,66,6,6,3,0,6,4,6,3,42,1,1,0,0,0,0,0,0.000585624,0,6,
full,0,2,psr-small/p06-s10-n1-l4-f50,gc2_b200k,0.00481705,True,0.00763813,False,True,6,0,48,0.000134508,6,0,6,1,66,6,6,3,0,6,4,6,3,42,1,1,0,0,0,0,0,0.000554502,0,6,
full,0,2,psr-small/p11-s18-n2-l2-f50,gc2,0.0118487,True,0.0150538,False,True,12,0,192,0.00147997,12,0,15,1,1452,12,12,5,0,15,9,11.5,7,180,1,1,0,0,0,0,0,0.00659219,0,12,
full,0,2,psr-small/p11-s18-n2-l2-f50,gc2_b200k,0.0112662,True,0.014905,False,True,12,0,192,0.0014589,12,0,15,1,1452,12,12,5,0,15,9,11.5,7,180,1,1,0,0,0,0,0,0.00618529,0,12,
full,0,4,psr-small/p12-s21-n2-l3-f30,gc2,0.0139417,True,0.0173707,False,True,14,0,179,0.00154561,14,0,11,1,1498,11,11,6,0,11,12,10.3571,8,165,1,1,0,0,0,0,0,0.00560148,0,33,
full,0,4,psr-small/p12-s21-n2-l3-f30,gc2_b200k,0.0150863,True,0.0187649,False,True,14,0,179,0.00159372,14,0,11,1,1498,11,11,6,0,11,12,10.3571,8,165,1,1,0,0,0,0,0,0.00600352,0,33,
full,0,4,psr-small/p16-s29-n2-l5-f30,gc2,0.0238904,True,0.0312094,False,True,2,0,50,0.00666341,2,0,20,1,5360,17,17,2,0,19,35,24.5,1,48,1,2,0,0,0,0,0,0.00864595,0,6,
full,0,4,psr-small/p16-s29-n2-l5-f30,gc2_b200k,0.0230319,True,0.0306087,False,True,2,0,50,0.00720585,2,0,20,1,5360,17,17,2,0,19,35,24.5,1,48,1,2,0,0,0,0,0,0.00904385,0,6,
full,0,2,psr-small/p23-s38-n3-l3-f50,gc2,0.0100446,True,0.014743,False,True,20,0,186,0.00287782,20,0,9,1,2195,17,17,8,0,7,25,14.15,12,166,1,3,0,0,0,0,0,0.00430395,0,11,
full,0,2,psr-small/p23-s38-n3-l3-f50,gc2_b200k,0.00941167,True,0.0143592,False,True,20,0,186,0.00287255,20,0,9,1,2195,17,17,8,0,7,25,14.15,12,166,1,3,0,0,0,0,0,0.00417849,0,11,
full,0,4,psr-small/p26-s41-n3-l4-f30,gc2,0.0159603,True,0.0188522,False,True,16,0,207,0.00211471,16,0,12,1,1853,14,14,7,0,12,14,12.375,9,191,1,1,0,0,0,0,0,0.00769376,0,35,
full,0,4,psr-small/p26-s41-n3-l4-f30,gc2_b200k,0.0179542,True,0.0212419,False,True,16,0,207,0.00209238,16,0,12,1,1853,14,14,7,0,12,14,12.375,9,191,1,1,0,0,0,0,0,0.00862784,0,35,
full,0,4,psr-small/p32-s50-n4-l2-f50,gc2,0.0314784,True,0.0353624,False,True,18,0,334,0.00616627,18,0,19,1,5861,19,19,7,0,18,15,16.5556,11,316,1,2,0,0,0,0,0,0.0213649,0,40,
full,0,4,psr-small/p32-s50-n4-l2-f50,gc2_b200k,0.0324662,True,0.0382558,False,True,18,0,334,0.0071272,18,0,19,1,5861,19,19,7,0,18,15,16.5556,11,316,1,2,0,0,0,0,0,0.0229724,0,40,
full,0,2,psr-small/p33-s51-n4-l2-f70,gc2,0.0198495,True,0.0287608,False,True,2,0,42,0.00853651,2,0,18,1,5604,22,23,2,0,17,49,32.5,1,40,1,2,0,0,0,0,0,0.0094865,0,2,
full,0,2,psr-small/p33-s51-n4-l2-f70,gc2_b200k,0.0182484,True,0.026914,False,True,2,0,42,0.00797214,2,0,18,1,5604,22,23,2,0,17,49,32.5,1,40,1,2,0,0,0,0,0,0.0088464,0,2,
full,0,2,psr-small/p34-s55-n4-l3-f70,gc2,0.0183939,True,0.0228109,False,True,18,0,294,0.00363108,18,0,17,1,3050,18,18,7,0,17,13,15.5556,11,276,1,1,0,0,0,0,0,0.0132616,0,16,
full,0,2,psr-small/p34-s55-n4-l3-f70,gc2_b200k,0.0187394,True,0.0229272,False,True,18,0,294,0.00351014,18,0,17,1,3050,18,18,7,0,17,13,15.5556,11,276,1,1,0,0,0,0,0,0.0137932,0,16,
full,0,2,psr-small/p45-s94-n4-l3-f50,gc2,0.0279877,True,0.0322614,False,True,21,0,321,0.0059881,21,0,15,1,5484,19,19,8,0,15,19,16.4286,13,300,1,1,0,0,0,0,0,0.0222655,0,18,
full,0,2,psr-small/p45-s94-n4-l3-f50,gc2_b200k,0.0294003,True,0.0339952,False,True,21,0,321,0.00632332,21,0,15,1,5484,19,19,8,0,15,19,16.4286,13,300,1,1,0,0,0,0,0,0.0235133,0,18,
full,0,11,psr-small/p46-s97-n5-l2-f30,gc2,2.99193,True,3.0048,False,True,2,10,27,0.127406,2,0,14,1,99638,28,28,2,0,8,54,35.5,1,25,1,7,0,0,0,0,0,0.128019,0,5,
full,0,11,psr-small/p46-s97-n5-l2-f30,gc2_b200k,2.84018,True,2.85173,False,True,2,10,27,0.116215,2,0,14,1,99638,28,28,2,0,8,54,35.5,1,25,1,7,0,0,0,0,0,0.116803,0,5,
full,0,4,psr-small/p47-s98-n5-l2-f50,gc2,0.110731,True,0.117214,False,True,30,0,534,0.0552175,30,0,19,1,50592,24,24,11,0,19,30,20.7,19,504,1,1,0,0,0,0,0,0.0913679,0,60,
full,0,4,psr-small/p47-s98-n5-l2-f50,gc2_b200k,0.103298,True,0.111091,False,True,30,0,534,0.0524181,30,0,19,1,50592,24,24,11,0,19,30,20.7,19,504,1,1,0,0,0,0,0,0.0857895,0,60,
full,0,4,psr-small/p48-s101-n5-l3-f30,gc2,0.72934,True,0.759976,False,True,19,30,320,0.632828,19,3,32,1,558242,36,36,19,0,31,82,26.2105,0,301,1,2,0,38,0,0,0,0.656453,0,18,
full,0,6,psr-small/p48-s101-n5-l3-f30,gc2_b200k,1.18055,True,1.21277,False,True,19,15,194,0.355923,19,15,30,1,269698,36,36,19,0,29,84,13.1053,0,175,1,2,0,50,0,0,0,0.361519,0,7,
full,0,9,psr-small/p49-s105-n6-l2-f30,gc2,3.81341,True,3.84167,False,True,21,43,289,0.652671,21,14,38,1,530697,40,40,21,0,38,89,16.7143,0,268,1,1,0,53,0,0,0,0.786958,0,55,
full,0,11,psr-small/p49-s105-n6-l2-f30,gc2_b200k,6.47766,True,6.50562,False,True,21,22,246,0.310134,21,18,32,1,244394,40,40,21,0,32,95,12.5714,0,225,1,1,0,57,0,0,0,0.349077,0,51,
full,0,2,psr-small/p50-s107-n6-l2-f70,gc2,0.0359309,True,0.0424172,False,True,27,0,465,0.0173899,27,0,19,1,13558,25,25,10,0,15,24,20.4815,17,438,1,5,0,0,0,0,0,0.0297665,0,22,
full,0,2,psr-small/p50-s107-n6-l2-f70,gc2_b200k,0.0341834,True,0.0414678,False,True,27,0,465,0.0164561,27,0,19,1,13558,25,25,10,0,15,24,20.4815,17,438,1,5,0,0,0,0,0,0.0278579,0,22,
full,0,1,rovers/p05,gc2,0.00455953,True,0.0181022,False,True,6,0,18,7.5872e-05,6,0,10,0,53,10,11,4,0,1,1,3.66667,2,12,0,10,0,0,0,0,0,0.000126585,0,0,
full,0,1,rovers/p05,gc2_b200k,0.00424432,True,0.0149183,False,True,6,0,18,7.1267e-05,6,0,10,0,53,10,11,4,0,1,1,3.66667,2,12,0,10,0,0,0,0,0,0.000116135,0,0,
full,0,3,rovers/p27,gc2,0.147982,True,5.32724,False,True,42,0,136,0.0194323,42,0,36,0,5361,41,61,16,0,1,150,7.7381,26,94,0,36,0,0,0,0,0,0.0211043,0,0,
full,0,3,rovers/p27,gc2_b200k,0.138309,True,4.44233,False,True,42,0,136,0.0189466,42,0,36,0,5361,41,61,16,0,1,150,7.7381,26,94,0,36,0,0,0,0,0,0.0205084,0,0,
full,0,2,rovers/p28,gc2,0.140219,True,10.3336,False,True,36,0,116,0.0520466,36,0,32,0,9698,37,58,14,0,1,186,8.97222,22,80,0,32,0,0,0,0,0,0.0538621,0,0,
full,0,2,rovers/p28,gc2_b200k,0.129223,True,10.8803,False,True,36,0,116,0.0473719,36,0,32,0,9698,37,58,14,0,1,186,8.97222,22,80,0,32,0,0,0,0,0,0.0490098,0,0,
full,0,2,rovers/p29,gc2,0.104854,True,17.4506,False,True,24,0,76,0.0439285,24,0,25,0,6613,29,65,10,0,1,242,9,14,52,0,25,0,0,0,0,0,0.0470782,0,0,
full,0,2,rovers/p29,gc2_b200k,0.102977,True,15.864,False,True,24,0,76,0.0448197,24,0,25,0,6613,29,65,10,0,1,242,9,14,52,0,25,0,0,0,0,0,0.0468488,0,0,
full,0,3,rovers/p30,gc2,46.2917,True,70.3125,False,True,51,0,166,0.126037,51,0,42,0,16529,48,77,19,0,1,317,9.84314,32,115,0,42,0,0,0,0,0,0.129898,0,0,
full,0,3,rovers/p30,gc2_b200k,47.2045,True,70.0131,False,True,51,0,166,0.146774,51,0,42,0,16529,48,77,19,0,1,317,9.84314,32,115,0,42,0,0,0,0,0,0.150931,0,0,
full,0,3,rovers/p31,gc2,0.906283,True,17.085,False,True,50,0,162,0.0807103,50,0,43,0,11044,48,82,19,0,1,292,8.62,31,112,0,43,0,0,0,0,0,0.0843109,0,0,
full,0,3,rovers/p31,gc2_b200k,0.913326,True,16.1443,False,True,50,0,162,0.0795166,50,0,43,0,11044,48,82,19,0,1,292,8.62,31,112,0,43,0,0,0,0,0,0.0834772,0,0,
full,23,,rovers/p37,gc2,,False,,False,,132,0,436,1.54015,132,0,96,0,62159,102,141,46,0,1,545,10.3712,86,304,0,96,0,0,0,0,0,1.56075,0,0,
full,23,,rovers/p37,gc2_b200k,,False,,False,,132,0,436,1.5324,132,0,96,0,62159,102,141,46,0,1,545,10.3712,86,304,0,96,0,0,0,0,0,1.5523,0,0,
full,0,1,satellite/p04-pfile4,gc2,0.00571705,True,0.0156825,False,True,15,0,53,0.000427683,15,0,11,0,270,15,15,7,0,1,14,7.93333,8,38,0,11,0,0,0,0,0,0.000524941,0,0,
full,0,1,satellite/p04-pfile4,gc2_b200k,0.0056029,True,0.0147517,False,True,15,0,53,0.000350387,15,0,11,0,270,15,15,7,0,1,14,7.93333,8,38,0,11,0,0,0,0,0,0.000441611,0,0,
full,0,1,satellite/p22-HC-pfile2,gc2,0.0337804,True,7.41617,False,True,120,0,437,0.0231324,120,0,49,0,20618,68,68,43,0,1,256,18.4917,77,317,0,49,0,0,0,0,0,0.0258731,0,0,
full,0,1,satellite/p22-HC-pfile2,gc2_b200k,0.0286023,True,4.47599,False,True,120,0,437,0.0193864,120,0,49,0,20618,68,68,43,0,1,256,18.4917,77,317,0,49,0,0,0,0,0,0.021612,0,0,
full,0,1,satellite/p23-HC-pfile3,gc2,0.126421,True,18.6452,False,True,132,0,481,0.110167,132,0,53,0,88814,90,90,47,0,1,521,29.8939,85,349,0,53,0,0,0,0,0,0.116696,0,0,
full,0,1,satellite/p23-HC-pfile3,gc2_b200k,0.127133,True,17.3168,False,True,132,0,481,0.109105,132,0,53,0,88814,90,90,47,0,1,521,29.8939,85,349,0,53,0,0,0,0,0,0.117073,0,0,
full,0,1,satellite/p24-HC-pfile4,gc2,0.16739,True,32.8572,False,True,189,0,690,0.139579,189,0,68,0,106866,103,103,66,0,1,745,31.9206,123,501,0,68,0,0,0,0,0,0.154375,0,0,
full,0,1,satellite/p24-HC-pfile4,gc2_b200k,0.161628,True,29.8745,False,True,189,0,690,0.132559,189,0,68,0,106866,103,103,66,0,1,745,31.9206,123,501,0,68,0,0,0,0,0,0.148994,0,0,
full,0,1,satellite/p25-HC-pfile5,gc2,0.223644,True,56.2521,False,True,174,0,636,0.195048,174,0,62,0,138379,102,102,60,0,1,849,38.931,114,462,0,62,0,0,0,0,0,0.209633,0,0,
full,0,1,satellite/p25-HC-pfile5,gc2_b200k,0.225285,True,53.544,False,True,174,0,636,0.197762,174,0,62,0,138379,102,102,60,0,1,849,38.931,114,462,0,62,0,0,0,0,0,0.211891,0,0,
full,0,1,satellite/p26-HC-pfile6,gc2,0.176073,True,63.9439,False,True,180,0,656,0.147515,180,0,68,0,114877,112,112,64,0,1,693,30.2611,116,476,0,68,0,0,0,0,0,0.162631,0,0,
full,0,1,satellite/p26-HC-pfile6,gc2_b200k,0.180805,True,63.5624,False,True,180,0,656,0.150741,180,0,68,0,114877,112,112,64,0,1,693,30.2611,116,476,0,68,0,0,0,0,0,0.167783,0,0,
full,0,1,scanalyzer-08-strips/p04,gc2,1.45824,True,1.5291,False,True,37,0,84,0.0658184,37,0,26,0,17902,16,16,16,0,1,870,11.0811,29,47,0,26,0,0,0,0,0,0.0680592,0,0,
full,0,1,scanalyzer-08-strips/p04,gc2_b200k,1.45626,True,1.53916,False,True,37,0,84,0.0774195,37,0,26,0,17902,16,16,16,0,1,870,11.0811,29,47,0,26,0,0,0,0,0,0.0790757,0,0,
full,0,2,scanalyzer-08-strips/p05,gc2,8.18157,True,8.24572,False,True,35,27,145,1.91799,35,0,51,0,546034,16,16,16,0,1,845,10.1143,27,110,0,51,0,2,0,0,0,1.92032,0,0,
full,0,2,scanalyzer-08-strips/p05,gc2_b200k,5.73421,True,5.79184,False,True,27,9,107,0.830496,27,0,31,0,236101,16,16,16,0,1,865,11.037,19,80,0,31,0,10,0,0,0,0.833226,0,0,
full,0,1,scanalyzer-08-strips/p07,gc2,8.31205,True,8.63095,False,True,47,3,108,0.743767,47,0,38,0,143399,20,20,20,0,1,2212,13.4255,37,61,0,38,0,0,0,0,0,0.749772,0,0,
full,0,1,scanalyzer-08-strips/p07,gc2_b200k,8.0136,True,8.35733,False,True,47,3,108,0.675291,47,0,38,0,143399,20,20,20,0,1,2212,13.4255,37,61,0,38,0,0,0,0,0,0.684424,0,0,
full,0,2,scanalyzer-08-strips/p11,gc2,78.2508,True,79.0607,False,True,15,29,46,2.8835,15,0,32,0,546220,24,24,24,0,1,4720,18.5333,3,31,0,32,0,42,0,0,0,2.91929,0,0,
full,0,2,scanalyzer-08-strips/p11,gc2_b200k,74.3841,True,74.9413,False,True,12,17,34,1.20067,12,8,32,0,336914,24,24,24,0,1,4720,21.9167,0,22,0,32,0,53,0,0,0,1.22743,0,0,
full,0,3,schedule/probschedule-10-2,gc2,1.08687,True,1.31796,False,True,27,126,47,1.04407,27,0,11,1,466056,84,99,10,0,2,170,50.7407,17,20,1,10,0,0,0,0,0,1.04669,0,1,
full,0,2,schedule/probschedule-10-2,gc2_b200k,0.621397,True,0.85608,False,True,18,71,28,0.59207,18,0,11,1,264602,84,99,10,0,2,170,46.9444,8,10,1,10,0,9,0,0,0,0.594488,0,1,
full,0,3,schedule/probschedule-12-2,gc2,0.482635,True,0.933048,False,True,33,182,54,0.420523,33,0,13,0,294769,110,117,12,0,1,204,56.3333,21,21,0,13,0,0,0,0,0,0.42371,0,0,
full,0,3,schedule/probschedule-12-2,gc2_b200k,0.3998,True,0.838733,False,True,28,147,44,0.330714,28,0,13,0,215023,110,117,12,0,1,204,55.3214,16,16,0,13,0,5,0,0,0,0.334089,0,0,
full,0,2,schedule/probschedule-13-0,gc2,1.25884,True,1.88503,False,True,33,182,56,1.15128,33,0,15,1,503333,114,126,13,0,2,220,53.5758,20,23,1,14,0,3,0,0,0,1.1554,0,1,
full,0,3,schedule/probschedule-13-0,gc2_b200k,0.497676,True,1.04784,False,True,24,119,36,0.421323,24,0,15,0,204735,114,126,13,0,1,220,53.1667,11,12,0,15,0,12,0,0,0,0.425283,0,0,
full,0,1,schedule/probschedule-3-0,gc2,0.00956331,True,0.0224504,False,True,6,0,10,0.00404124,6,0,5,0,3857,36,36,3,0,1,50,32.5,3,4,0,5,0,0,0,0,0,0.00433449,0,0,
full,0,1,schedule/probschedule-3-0,gc2_b200k,0.0102268,True,0.022664,False,True,6,0,10,0.00424668,6,0,5,0,3857,36,36,3,0,1,50,32.5,3,4,0,5,0,0,0,0,0,0.00452863,0,0,
full,0,1,schedule/probschedule-3-2,gc2,0.0101102,True,0.022745,False,True,6,0,10,0.00447697,6,0,5,0,3736,36,36,3,0,1,50,29.5,3,4,0,5,0,0,0,0,0,0.00478729,0,0,
full,0,1,schedule/probschedule-3-2,gc2_b200k,0.00991899,True,0.0223056,False,True,6,0,10,0.00446453,6,0,5,0,3736,36,36,3,0,1,50,29.5,3,4,0,5,0,0,0,0,0,0.00473739,0,0,
full,0,1,schedule/probschedule-4-0,gc2,0.0131867,True,0.0321917,False,True,9,0,15,0.00644215,9,0,7,0,5087,45,45,4,0,1,66,32.8889,5,6,0,7,0,0,0,0,0,0.00685049,0,0,
full,0,1,schedule/probschedule-4-0,gc2_b200k,0.0128988,True,0.0320676,False,True,9,0,15,0.00634267,9,0,7,0,5087,45,45,4,0,1,66,32.8889,5,6,0,7,0,0,0,0,0,0.00671856,0,0,
full,0,1,schedule/probschedule-4-2,gc2,0.012972,True,0.0298903,False,True,9,0,15,0.00530937,9,0,5,0,4354,45,45,4,0,1,68,32.5556,5,6,0,5,0,0,0,0,0,0.00565056,0,0,
full,0,1,schedule/probschedule-4-2,gc2_b200k,0.0127244,True,0.0299488,False,True,9,0,15,0.00538521,9,0,5,0,4354,45,45,4,0,1,68,32.5556,5,6,0,5,0,0,0,0,0,0.00573645,0,0,
full,0,1,schedule/probschedule-5-0,gc2,0.0404578,True,0.0792516,False,True,12,0,19,0.0332078,12,0,5,0,24255,54,54,5,0,1,86,44.25,7,7,0,5,0,0,0,0,0,0.0338393,0,0,
full,0,1,schedule/probschedule-5-0,gc2_b200k,0.0438316,True,0.0844283,False,True,12,0,19,0.0363501,12,0,5,0,24255,54,54,5,0,1,86,44.25,7,7,0,5,0,0,0,0,0,0.0369737,0,0,
full,0,2,schedule/probschedule-5-1,gc2,0.0208811,True,0.0600084,False,True,12,0,19,0.0088017,12,0,7,0,9751,54,54,5,0,1,84,44.25,7,7,0,7,0,0,0,0,0,0.00937263,0,0,
full,0,2,schedule/probschedule-5-1,gc2_b200k,0.0224888,True,0.0643178,False,True,12,0,19,0.00957987,12,0,7,0,9751,54,54,5,0,1,84,44.25,7,7,0,7,0,0,0,0,0,0.0101207,0,0,
full,0,2,schedule/probschedule-5-2,gc2,0.0636974,True,0.101593,False,True,12,0,21,0.0481943,12,0,7,1,34523,54,54,5,0,2,84,44.25,7,9,1,6,0,0,0,0,0,0.0488656,0,1,
full,0,2,schedule/probschedule-5-2,gc2_b200k,0.0629998,True,0.103145,False,True,12,0,21,0.0474559,12,0,7,1,34523,54,54,5,0,2,84,44.25,7,9,1,6,0,0,0,0,0,0.0481024,0,1,
full,0,2,storage/p04,gc2,0.00856733,True,0.0130232,False,True,3,0,16,0.000312545,3,0,8,1,98,12,12,2,0,4,30,11.3333,1,13,1,5,0,0,0,0,0,0.000514814,0,1,
full,0,2,storage/p04,gc2_b200k,0.00828482,True,0.0120774,False,True,3,0,16,0.000299436,3,0,8,1,98,12,12,2,0,4,30,11.3333,1,13,1,5,0,0,0,0,0,0.000492271,0,1,
full,0,3,storage/p07,gc2,0.070056,True,0.0758276,False,True,6,0,48,0.00131461,6,0,13,1,643,17,17,3,0,6,63,15.5,3,42,1,8,0,0,0,0,0,0.00171617,0,3,
full,0,3,storage/p07,gc2_b200k,0.0802647,True,0.0870941,False,True,6,0,48,0.00168328,6,0,13,1,643,17,17,3,0,6,63,15.5,3,42,1,8,0,0,0,0,0,0.00212877,0,3,
full,0,4,storage/p11,gc2,4.33888,True,4.3796,False,True,9,0,47,0.0157086,9,0,13,1,5011,24,24,4,0,8,239,21.5556,5,38,1,6,0,0,0,0,0,0.0173219,0,5,
full,0,4,storage/p11,gc2_b200k,4.3268,True,4.36611,False,True,9,0,47,0.0159211,9,0,13,1,5011,24,24,4,0,8,239,21.5556,5,38,1,6,0,0,0,0,0,0.0175638,0,5,
full,0,4,storage/p12,gc2,30.5743,True,30.6385,False,True,9,0,47,0.0472578,9,0,13,1,14163,26,26,4,0,8,365,23.5556,5,38,1,6,0,0,0,0,0,0.0494223,0,5,
full,0,4,storage/p12,gc2_b200k,34.0697,True,34.1396,False,True,9,0,47,0.0588322,9,0,13,1,14163,26,26,4,0,8,365,23.5556,5,38,1,6,0,0,0,0,0,0.0612206,0,5,
full,0,6,storage/p13,gc2,8.47315,True,8.49177,False,True,12,0,68,0.011783,12,0,16,1,6804,27,27,5,0,5,166,23.5833,7,56,1,12,0,0,0,0,0,0.0127208,0,1,
full,0,6,storage/p13,gc2_b200k,8.61333,True,8.63225,False,True,12,0,68,0.0116749,12,0,16,1,6804,27,27,5,0,5,166,23.5833,7,56,1,12,0,0,0,0,0,0.0126472,0,1,
full,0,3,storage/p14,gc2,5.51722,True,5.5981,False,True,12,0,76,0.0336817,12,0,16,0,11052,29,29,5,0,1,348,25.5833,7,64,0,16,0,0,0,0,0,0.0363331,0,0,
full,0,3,storage/p14,gc2_b200k,5.15624,True,5.22111,False,True,12,0,76,0.0305829,12,0,16,0,11052,29,29,5,0,1,348,25.5833,7,64,0,16,0,0,0,0,0,0.0334228,0,0,
full,0,3,storage/p15,gc2,22.1238,True,22.2555,False,True,12,0,56,0.115186,12,0,15,1,37310,31,31,5,0,3,531,27.5833,7,44,1,13,0,0,0,0,0,0.120013,0,1,
full,0,3,storage/p15,gc2_b200k,20.8958,True,21.0165,False,True,12,0,56,0.108366,12,0,15,1,37310,31,31,5,0,3,531,27.5833,7,44,1,13,0,0,0,0,0,0.113228,0,1,
full,22,,tetris-sat14-strips/p032,gc2,,False,,False,,,,,,,,,,,,,,,,,,,,,,,,,,,,,,
full,22,,tetris-sat14-strips/p032,gc2_b200k,,False,,False,,,,,,,,,,,,,,,,,,,,,,,,,,,,,,
full,22,,tetris-sat14-strips/p033,gc2,,False,,False,,,,,,,,,,,,,,,,,,,,,,,,,,,,,,
full,22,,tetris-sat14-strips/p033,gc2_b200k,,False,,False,,,,,,,,,,,,,,,,,,,,,,,,,,,,,,
full,0,4,thoughtful-sat14-strips/bootstrap-typed-04,gc2,36.5727,True,38.4464,False,True,7,43,49,3.46977,7,0,35,0,536988,58,118,4,0,1,822,27.1429,3,42,0,35,0,2,0,0,0,3.54296,0,0,
full,0,4,thoughtful-sat14-strips/bootstrap-typed-04,gc2_b200k,39.0828,True,41.0783,False,True,4,18,23,1.43028,4,1,22,0,217031,58,118,4,0,1,835,27.25,0,19,0,22,0,6,0,0,0,1.48924,0,0,
full,0,2,tpp/p07,gc2,0.00606659,True,0.032635,False,True,7,0,30,0.000130236,7,0,21,3,90,29,37,7,0,3,17,4.14286,0,23,3,15,0,0,0,0,0,0.000468572,0,3,
full,0,2,tpp/p07,gc2_b200k,0.00602024,True,0.0332753,False,True,7,0,30,0.000134437,7,0,21,3,90,29,37,7,0,3,17,4.14286,0,23,3,15,0,0,0,0,0,0.00048409,0,3,
full,0,2,tpp/p19,gc2,0.0975508,True,19.5052,False,True,14,0,93,0.0333073,14,0,42,10,24427,120,156,14,0,3,244,8.57143,0,79,10,22,0,0,0,0,0,0.0454285,0,17,
full,0,2,tpp/p19,gc2_b200k,0.0947273,True,20.0314,False,True,14,0,93,0.0326116,14,0,42,10,24427,120,156,14,0,3,244,8.57143,0,79,10,22,0,0,0,0,0,0.0442595,0,17,
full,0,2,tpp/p21,gc2,0.336848,True,25.6727,False,True,11,12,93,0.274143,11,0,30,8,198403,102,139,11,0,3,253,9.27273,0,58,8,14,0,0,0,0,0,0.283878,0,13,
full,0,2,tpp/p21,gc2_b200k,0.371235,True,24.3976,False,True,11,12,93,0.289964,11,0,30,8,198403,102,139,11,0,3,253,9.27273,0,58,8,14,0,0,0,0,0,0.304157,0,13,
full,0,2,tpp/p22,gc2,0.206507,True,35.638,False,True,12,4,76,0.137212,12,0,35,5,91130,116,152,12,0,3,275,9.66667,0,56,5,25,0,0,0,0,0,0.152561,0,11,
full,0,2,tpp/p22,gc2_b200k,0.197747,True,34.4779,False,True,12,4,76,0.131279,12,0,35,5,91130,116,152,12,0,3,275,9.66667,0,56,5,25,0,0,0,0,0,0.146176,0,11,
full,0,2,tpp/p23,gc2,0.307896,True,41.9042,False,True,13,8,95,0.230248,13,0,37,8,155331,123,163,13,0,3,293,9.46154,0,66,8,21,0,0,0,0,0,0.248956,0,14,
full,0,2,tpp/p23,gc2_b200k,0.290756,True,42.4112,False,True,13,8,95,0.219479,13,0,37,8,155331,123,163,13,0,3,293,9.46154,0,66,8,21,0,0,0,0,0,0.232834,0,14,
full,0,2,tpp/p24,gc2,0.228877,True,55.7911,False,True,14,4,100,0.12621,14,0,41,11,84659,134,174,14,0,3,309,9.57143,0,78,11,19,0,0,0,0,0,0.14532,0,17,
full,0,2,tpp/p24,gc2_b200k,0.235547,True,57.0825,False,True,14,4,100,0.127125,14,0,41,11,84659,134,174,14,0,3,309,9.57143,0,78,11,19,0,0,0,0,0,0.148768,0,17,
full,0,1,transport-opt08-strips/p04,gc2,0.0170972,True,0.0341066,False,True,12,0,120,0.0126764,12,0,10,0,12084,7,7,5,0,1,10,7,7,108,0,10,0,0,0,0,0,0.0127906,0,0,
full,0,1,transport-opt08-strips/p04,gc2_b200k,0.0182338,True,0.0351814,False,True,12,0,120,0.013644,12,0,10,0,12084,7,7,5,0,1,10,7,7,108,0,10,0,0,0,0,0,0.0137959,0,0,
full,0,1,transport-opt08-strips/p07,gc2,0.68292,True,0.821288,False,True,8,32,48,0.682942,8,0,16,0,519770,11,11,8,0,1,32,6,0,40,0,16,0,13,0,0,0,0.683113,0,0,
full,0,1,transport-opt08-strips/p07,gc2_b200k,0.376649,True,0.536524,False,True,8,16,32,0.37288,8,4,16,0,261043,11,11,8,0,1,32,5,0,24,0,16,0,17,0,0,0,0.373054,0,0,
full,0,1,transport-opt08-strips/p10,gc2,0.950599,True,1.34163,False,True,12,48,72,0.95114,12,0,22,0,541376,14,14,11,0,1,44,6,1,60,0,22,0,18,0,0,0,0.951434,0,0,
full,0,1,transport-opt08-strips/p10,gc2_b200k,0.415894,True,0.821455,False,True,11,20,42,0.410396,11,6,22,0,226539,14,14,11,0,1,44,4.90909,0,31,0,22,0,25,0,0,0,0.41063,0,0,
full,0,1,transport-opt08-strips/p14,gc2,0.0168206,True,0.0374666,False,True,12,0,120,0.012685,12,0,10,0,12084,7,7,5,0,1,10,7,7,108,0,10,0,0,0,0,0,0.0127835,0,0,
full,0,1,transport-opt08-strips/p14,gc2_b200k,0.0188351,True,0.0449223,False,True,12,0,120,0.0138431,12,0,10,0,12084,7,7,5,0,1,10,7,7,108,0,10,0,0,0,0,0,0.0139701,0,0,
full,0,1,transport-opt08-strips/p20,gc2,0.853538,True,1.33321,False,True,11,44,66,0.850219,11,0,22,0,515088,14,14,11,0,1,44,6,0,55,0,22,0,19,0,0,0,0.850494,0,0,
full,0,1,transport-opt08-strips/p20,gc2_b200k,0.428662,True,1.06245,False,True,11,20,42,0.42446,11,6,22,0,235651,14,14,11,0,1,44,4.90909,0,31,0,22,0,25,0,0,0,0.424701,0,0,
full,0,1,transport-opt08-strips/p28,gc2,0.681517,True,0.861775,False,True,9,24,50,0.677971,9,1,18,0,527204,12,12,9,0,1,36,5.77778,0,41,0,18,0,16,0,0,0,0.678165,0,0,
full,0,1,transport-opt08-strips/p28,gc2_b200k,0.395696,True,0.606041,False,True,9,12,34,0.392209,9,5,18,0,264927,12,12,9,0,1,36,4.88889,0,25,0,18,0,20,0,0,0,0.392414,0,0,
full,0,1,transport-sat08-strips/p05,gc2,0.836087,True,1.0877,False,True,10,24,52,0.832161,10,2,20,0,530448,13,13,10,0,1,40,5.6,0,42,0,20,0,19,0,0,0,0.832373,0,0,
full,0,1,transport-sat08-strips/p05,gc2_b200k,0.392964,True,0.62786,False,True,10,12,36,0.387773,10,6,20,0,265432,13,13,10,0,1,40,4.8,0,26,0,20,0,23,0,0,0,0.387986,0,0,
full,0,1,transport-sat08-strips/p09,gc2,1.58854,True,5.64605,False,True,18,35,64,1.58378,18,11,36,0,542762,22,22,18,0,1,108,5.77778,0,46,0,36,0,44,0,0,0,1.5845,0,0,
full,0,1,transport-sat08-strips/p09,gc2_b200k,0.699321,True,5.05299,False,True,18,15,48,0.689089,18,15,36,0,233046,22,22,18,0,1,108,5.33333,0,30,0,36,0,48,0,0,0,0.689694,0,0,
full,0,1,transport-sat08-strips/p26,gc2,1.22553,True,2.4415,False,True,12,36,44,1.21862,12,3,24,0,549923,16,16,12,0,1,72,5.83333,0,32,0,24,0,24,0,0,0,1.21902,0,0,
full,0,1,transport-sat08-strips/p26,gc2_b200k,0.500772,True,1.81324,False,True,12,16,32,0.492609,12,8,24,0,248349,16,16,12,0,1,72,5.33333,0,20,0,24,0,29,0,0,0,0.492935,0,0,
full,0,1,transport-sat11-strips/p06,gc2,1.41795,True,4.93578,False,True,16,28,60,1.40933,16,9,32,0,556854,20,20,16,0,1,96,5.875,0,44,0,32,0,38,0,0,0,1.40994,0,0,
full,0,1,transport-sat11-strips/p06,gc2_b200k,0.682941,True,3.96495,False,True,16,12,44,0.673813,16,13,32,0,239130,20,20,16,0,1,96,5.375,0,28,0,32,0,42,0,0,0,0.67435,0,0,
full,0,1,transport-sat14-strips/p17,gc2,2.59207,True,73.4184,False,True,25,35,64,2.58186,25,18,50,0,582053,30,30,25,0,1,200,6.28,0,39,0,50,0,65,0,0,0,2.58368,0,0,
full,0,1,transport-sat14-strips/p17,gc2_b200k,1.18572,True,72.2235,False,True,25,15,56,1.15878,25,22,50,0,250653,30,30,25,0,1,200,6.12,0,31,0,50,0,69,0,0,0,1.16068,0,0,
full,0,4,trucks-strips/p01,gc2,0.0660959,True,0.0721063,False,True,6,0,41,0.00479403,6,0,14,1,6068,10,10,3,0,11,32,7,3,35,1,4,0,0,0,0,0,0.00562091,0,8,
full,0,4,trucks-strips/p01,gc2_b200k,0.0648534,True,0.0705648,False,True,6,0,41,0.00477345,6,0,14,1,6068,10,10,3,0,11,32,7,3,35,1,4,0,0,0,0,0,0.00559105,0,8,
full,0,6,trucks-strips/p04,gc2,2.62569,True,2.64387,False,True,15,0,106,0.0557854,15,0,25,1,48770,16,16,6,0,14,61,7.2,9,91,1,12,0,0,0,0,0,0.0654757,0,19,
full,0,6,trucks-strips/p04,gc2_b200k,2.58672,True,2.60419,False,True,15,0,106,0.05393,15,0,25,1,48770,16,16,6,0,14,61,7.2,9,91,1,12,0,0,0,0,0,0.0637357,0,19,
full,0,6,trucks-strips/p05,gc2,4.02081,True,4.04807,False,True,18,17,124,0.391804,18,0,30,1,365577,17,17,7,0,16,69,7.88889,11,106,1,15,0,0,0,0,0,0.39537,0,19,
full,0,7,trucks-strips/p05,gc2_b200k,9.14839,True,9.17485,False,True,11,11,66,0.211961,11,0,26,1,201032,17,17,7,0,7,73,7.27273,4,55,1,20,0,7,0,0,0,0.212672,0,10,
full,0,8,trucks-strips/p06,gc2,15.2409,True,15.269,False,True,14,29,89,0.520989,14,0,29,1,534721,18,18,8,0,13,84,7.28571,6,75,1,17,0,7,0,0,0,0.525549,0,15,
full,0,8,trucks-strips/p06,gc2_b200k,20.3518,True,20.3843,False,True,10,16,54,0.24513,10,0,27,1,239912,18,18,8,0,8,86,7.3,2,44,1,20,0,11,0,0,0,0.246013,0,8,
full,0,5,trucks-strips/p07,gc2,1.73618,True,1.76214,False,True,15,0,107,0.0970817,15,0,29,1,57829,17,17,6,0,29,135,8.2,9,92,1,1,0,0,0,0,0,0.119634,0,20,
full,0,5,trucks-strips/p07,gc2_b200k,1.73696,True,1.76039,False,True,15,0,107,0.101036,15,0,29,1,57829,17,17,6,0,29,135,8.2,9,92,1,1,0,0,0,0,0,0.123482,0,20,
full,0,7,trucks-strips/p08,gc2,29.0635,True,29.1113,False,True,18,33,91,0.444141,18,0,29,1,331512,19,19,7,0,19,155,7.61111,11,73,1,11,0,0,0,0,0,0.44608,0,8,
full,0,7,trucks-strips/p08,gc2_b200k,31.8888,True,31.938,False,True,13,18,65,0.26614,13,0,27,1,200110,19,19,7,0,13,157,7.46154,6,52,1,15,0,5,0,0,0,0.267372,0,7,
full,0,2,visitall-opt11-strips/problem02-full,gc2,0.00382191,True,0.00559586,False,True,6,0,11,4.7059e-05,6,0,3,1,23,4,4,3,0,2,1,2.5,3,5,1,2,0,0,0,0,0,0.000161498,0,1,
full,0,2,visitall-opt11-strips/problem02-full,gc2_b200k,0.00443127,True,0.00662732,False,True,6,0,11,4.7723e-05,6,0,3,1,23,4,4,3,0,2,1,2.5,3,5,1,2,0,0,0,0,0,0.000164749,0,1,
full,0,3,visitall-opt11-strips/problem03-full,gc2,0.00847956,True,0.0116204,False,True,21,0,57,0.000251297,21,0,9,1,267,9,9,8,0,7,0,2.61905,13,36,1,3,0,0,0,0,0,0.00058075,0,6,
full,0,3,visitall-opt11-strips/problem03-full,gc2_b200k,0.00969944,True,0.0130607,False,True,21,0,57,0.000247477,21,0,9,1,267,9,9,8,0,7,0,2.61905,13,36,1,3,0,0,0,0,0,0.000587843,0,6,
full,0,2,woodworking-opt08-strips/p10,gc2,2.60229,True,7.37687,False,True,39,43,92,1.79405,39,22,43,0,532308,135,135,40,0,1,785,32.3333,0,53,0,43,0,71,0,0,0,1.83086,0,0,
full,0,2,woodworking-opt08-strips/p10,gc2_b200k,1.64443,True,7.06643,False,True,39,20,84,0.967087,39,26,43,0,257646,135,135,40,0,1,785,32.2308,0,45,0,43,0,75,0,0,0,1.00426,0,0,
full,0,1,woodworking-opt08-strips/p17,gc2,1.60164,True,2.8709,False,True,30,40,80,1.55861,30,15,34,0,550283,93,93,30,0,1,397,20.1,0,50,0,34,0,53,0,0,0,1.56611,0,0,
full,0,1,woodworking-opt08-strips/p17,gc2_b200k,0.669958,True,2.08009,False,True,30,15,70,0.633996,30,20,31,0,230362,93,93,30,0,1,400,19.6667,0,40,0,31,0,58,0,0,0,0.641304,0,0,
full,0,2,woodworking-opt08-strips/p18,gc2,1.6581,True,3.52891,False,True,32,40,85,1.41418,32,19,36,0,541524,104,104,32,0,1,466,23.2812,0,53,0,36,0,58,0,0,0,1.42466,0,0,
full,0,2,woodworking-opt08-strips/p18,gc2_b200k,0.887491,True,2.65575,False,True,32,15,75,0.636613,32,24,36,0,228786,104,104,32,0,1,466,22.875,0,43,0,36,0,63,0,0,0,0.646767,0,0,
full,0,1,woodworking-opt08-strips/p19,gc2,1.71711,True,6.14629,False,True,32,40,74,1.66612,32,15,29,0,555412,115,115,32,0,1,522,23.375,0,42,0,29,0,53,0,0,0,1.67875,0,0,
full,0,1,woodworking-opt08-strips/p19,gc2_b200k,0.880128,True,5.55378,False,True,32,15,64,0.808898,32,20,28,0,225248,115,115,32,0,1,523,23.0938,0,32,0,28,0,58,0,0,0,0.825167,0,0,
full,0,1,woodworking-opt08-strips/p20,gc2,2.31803,True,9.31144,False,True,42,54,107,2.20715,42,24,43,0,535746,138,138,42,0,1,780,31.2857,0,65,0,43,0,77,0,0,0,2.23908,0,0,
full,0,1,woodworking-opt08-strips/p20,gc2_b200k,1.23689,True,8.85428,False,True,42,24,97,1.09772,42,29,43,0,261793,138,138,42,0,1,780,31.0476,0,55,0,43,0,82,0,0,0,1.13669,0,0,
full,0,1,woodworking-opt08-strips/p21,gc2,0.00602263,True,0.0162471,False,True,19,0,71,0.00106736,19,0,6,0,791,19,21,9,0,1,28,7.73684,10,52,0,6,0,0,0,0,0,0.00120306,0,0,
full,0,1,woodworking-opt08-strips/p21,gc2_b200k,0.00671131,True,0.0176374,False,True,19,0,71,0.00107301,19,0,6,0,791,19,21,9,0,1,28,7.73684,10,52,0,6,0,0,0,0,0,0.00119582,0,0,
full,0,1,woodworking-sat08-strips/p27,gc2,1.64191,True,50.2677,False,True,61,37,129,1.4594,61,20,60,0,516683,249,249,61,0,1,945,19.459,0,68,0,60,0,113,0,0,0,1.54752,0,0,
full,0,1,woodworking-sat08-strips/p27,gc2_b200k,0.870348,True,49.8439,False,True,61,16,122,0.718634,61,26,61,1,225936,249,249,61,0,2,944,17.9016,0,61,1,60,0,119,0,0,0,0.807815,0,1,
full,0,1,woodworking-sat11-strips/p06,gc2,8.28412,True,317.774,False,True,103,200,224,6.43076,103,67,113,1,772780,355,393,103,0,2,2729,32.233,0,121,1,112,0,237,0,0,0,6.87661,0,1,
full,0,2,woodworking-sat11-strips/p06,gc2_b200k,4.1361,True,308.179,False,True,103,183,212,1.99622,103,85,111,1,512220,355,393,103,0,2,2725,29.3107,0,109,1,110,0,255,0,0,0,2.24161,0,1,
full,0,1,woodworking-sat11-strips/p11,gc2,5.68748,True,396.503,False,True,105,90,228,4.82703,105,73,118,0,843633,403,403,105,0,1,1894,20.9714,0,118,0,118,0,241,0,0,0,5.19227,0,0,
full,0,1,woodworking-sat11-strips/p11,gc2_b200k,2.19634,True,290.298,False,True,105,75,216,1.6473,105,79,111,0,591900,403,403,105,0,1,1901,20.2286,0,106,0,111,0,247,0,0,0,1.86441,0,0,
full,0,,zenotravel/pfile11,gc2,,True,0.027494,True,True,,,,,,,,,,,,,,,,,,,,,,,,,,,,,
full,0,,zenotravel/pfile11,gc2_b200k,,True,0.0302149,True,True,,,,,,,,,,,,,,,,,,,,,,,,,,,,,
full2,0,1,airport/p06-airport2-p2,gc3,0.66158,True,0.937008,False,True,2,14,41,0.588173,2,1,41,0,232880,25,114,2,0,1,102,16.5,0,39,0,41,0,2,0,0,0,0.603979,0,0,6849306
full2,0,1,airport/p06-airport2-p2,gc3_w20M,0.746017,True,1.07202,False,True,3,21,63,0.672047,3,0,42,0,287893,25,114,2,0,1,101,15.6667,1,60,0,42,0,0,0,0,0,0.688146,0,0,7453999
full2,0,1,airport/p14-airport3-p3,gc3,1.39547,True,2.45062,False,True,3,23,60,1.1924,3,2,60,0,292479,23,169,3,0,1,231,13.6667,0,57,0,60,0,5,0,0,0,1.25177,0,0,12876109
full2,0,2,airport/p14-airport3-p3,gc3_w20M,2.22804,True,3.19487,False,True,6,45,146,1.8621,6,0,61,0,584149,23,169,3,0,1,230,12.6667,3,140,0,61,0,0,0,0,0,1.92018,0,0,19349725
full2,0,2,airport/p15-airport3-p3,gc3,1.53672,True,2.50665,False,True,3,23,58,1.17068,3,2,58,0,294264,21,169,3,0,1,235,14,0,55,0,58,0,5,0,0,0,1.23777,0,0,12971399
full2,0,2,airport/p15-airport3-p3,gc3_w20M,2.56677,True,3.57648,False,True,6,47,140,2.16159,6,0,59,0,632404,21,169,3,0,1,234,13.3333,3,134,0,59,0,0,0,0,0,2.22529,0,0,21391909
full2,0,2,airport/p16-airport3-p4,gc3,3.20421,True,7.29198,False,True,4,31,79,2.49141,4,3,79,0,447596,27,212,4,0,1,339,14.25,0,75,0,79,0,8,0,0,0,2.681,0,0,23642550
full2,0,2,airport/p16-airport3-p4,gc3_w20M,3.14206,True,7.20525,False,True,4,32,79,2.50397,4,0,79,0,490216,27,212,4,0,1,339,14.25,0,75,0,79,0,5,0,0,0,2.65803,0,0,25934107
full2,0,2,airport/p17-airport3-p5,gc3,3.38826,True,10.31,False,True,5,32,88,2.43804,5,3,88,0,350142,31,255,5,0,1,385,12.2,0,83,0,88,0,10,0,0,0,2.71894,0,0,23507545
full2,0,2,airport/p17-airport3-p5,gc3_w20M,3.47167,True,9.98552,False,True,5,40,88,2.56452,5,1,88,0,411249,31,255,5,0,1,385,14.4,0,83,0,88,0,8,0,0,0,2.81078,0,0,29607472
full2,0,3,airport/p19-airport3-p6,gc3,4.88479,True,11.3744,False,True,6,38,92,2.79522,6,3,91,0,403712,66,271,6,0,1,329,16.6667,0,86,0,91,0,12,0,0,0,3.03847,0,0,24338943
full2,0,3,airport/p19-airport3-p6,gc3_w20M,5.54604,True,12.4572,False,True,6,46,94,3.34086,6,2,93,0,522896,67,271,6,0,1,327,18.8333,0,88,0,93,0,11,0,0,0,3.59981,0,0,34095373
full2,0,3,airport/p20-airport3-p7,gc3,9.71286,True,26.4018,False,True,7,44,115,4.31807,7,3,115,0,450053,33,341,7,0,1,542,11,0,108,0,115,0,14,0,0,0,4.86357,0,0,42291347
full2,0,3,airport/p20-airport3-p7,gc3_w20M,9.04884,True,24.9749,False,True,7,52,115,4.54661,7,3,115,0,526474,35,341,7,0,1,542,13,0,108,0,115,0,14,0,0,0,5.04251,0,0,49830421
full2,23,,airport/p30-airport4halfMUC-p8,gc3,,False,,False,,,,,,,,,,,,,,,,,,,,,,,,,,,,,,
full2,23,,airport/p30-airport4halfMUC-p8,gc3_w20M,,False,,False,,,,,,,,,,,,,,,,,,,,,,,,,,,,,,
full2,0,1,airport/p36-airport5MUC-p2,gc3,29.9055,True,204.98,False,True,2,19,109,1.90354,2,1,109,0,222196,14,760,2,0,1,1155,10,0,107,0,109,0,2,0,0,0,13.1467,0,0,35343212
full2,0,1,airport/p36-airport5MUC-p2,gc3_w20M,17.3674,True,175.474,False,True,2,19,109,1.16621,2,1,109,0,222196,14,760,2,0,1,1155,10,0,107,0,109,0,2,0,0,0,8.39941,0,0,35343212
full2,23,,airport/p46-airport5MUC-p6,gc3,,False,,False,,,,,,,,,,,,,,,,,,,,,,,,,,,,,,
full2,23,,airport/p46-airport5MUC-p6,gc3_w20M,,False,,False,,,,,,,,,,,,,,,,,,,,,,,,,,,,,,
full2,30,,blocks/probBLOCKS-22-1,gc3,,False,,False,,,,,,,,,,,,,,,,,,,,,,,,,,,,,,
full2,30,,blocks/probBLOCKS-22-1,gc3_w20M,,False,,False,,,,,,,,,,,,,,,,,,,,,,,,,,,,,,
full2,0,1,blocks/probBLOCKS-5-2,gc3,0.0166428,True,0.0197047,False,True,9,0,144,0.0108557,9,0,16,0,7695,11,11,4,0,1,34,11,5,135,0,16,0,0,0,0,0,0.0110455,0,0,209509
full2,0,1,blocks/probBLOCKS-5-2,gc3_w20M,0.0164289,True,0.019908,False,True,9,0,144,0.0102515,9,0,16,0,7695,11,11,4,0,1,34,11,5,135,0,16,0,0,0,0,0,0.0104544,0,0,209509
full2,0,1,childsnack-sat14-strips/child-snack_pfile08-2,gc3,78.4706,True,86.548,False,True,13,6,39,2.92069,13,3,17,0,105599,54,73,13,0,1,3094,25.0769,0,26,0,17,0,26,0,0,0,2.98061,0,0,11942915
full2,0,1,childsnack-sat14-strips/child-snack_pfile08-2,gc3_w20M,75.7868,True,83.6881,False,True,13,24,39,5.51592,13,3,17,0,319199,54,73,13,0,1,3094,26.6923,0,26,0,17,0,26,0,0,0,5.58136,0,0,26768741
full2,0,1,childsnack-sat14-strips/child-snack_pfile10-2,gc3,164.668,True,182.985,False,True,15,6,45,6.97878,15,3,19,0,148786,61,85,15,0,1,4801,29.4,0,30,0,19,0,30,0,0,0,7.08899,0,0,24930577
full2,0,1,childsnack-sat14-strips/child-snack_pfile10-2,gc3_w20M,132.283,True,152.975,False,True,15,18,45,10.9847,15,3,19,0,316100,61,85,15,0,1,4801,30.2,0,30,0,19,0,30,0,0,0,11.0967,0,0,39141663
full2,0,3,depot/pfile13,gc3,5.97501,True,6.3507,False,True,6,20,22,2.51596,6,3,22,0,285748,34,34,6,0,1,830,17.3333,0,16,0,22,0,12,0,0,0,2.5238,0,0,25813131
full2,0,3,depot/pfile13,gc3_w20M,5.7167,True,6.05441,False,True,6,25,22,2.41807,6,2,22,0,307885,34,34,6,0,1,830,17.3333,0,16,0,22,0,11,0,0,0,2.42836,0,0,26449577
full2,0,7,depot/pfile4,gc3,114.785,True,114.963,False,True,6,15,19,1.26233,6,3,18,0,329474,28,30,6,0,1,462,19.3333,0,13,0,18,0,12,0,0,0,1.26588,0,0,13084247
full2,0,7,depot/pfile4,gc3_w20M,119.45,True,119.656,False,True,6,25,19,2.2881,6,2,18,0,504097,30,30,6,0,1,462,19.3333,0,13,0,18,0,11,0,0,0,2.29183,0,0,27181218
full2,23,,depot/pfile5,gc3,,False,,False,,9,44,34,4.26529,9,3,34,0,736711,36,36,10,0,1,686,17.4444,0,25,0,34,0,20,0,0,0,4.27722,0,0,40338568
full2,23,,depot/pfile5,gc3_w20M,,False,,False,,9,49,34,4.48615,9,3,34,0,796534,36,36,10,0,1,686,17.4444,0,25,0,34,0,20,0,0,0,4.49533,0,0,42644389
full2,0,4,depot/pfile7,gc3,6.91059,True,7.01821,False,True,5,18,17,1.38144,5,3,17,0,376659,27,27,5,0,1,343,18.8,0,12,0,17,0,10,0,0,0,1.38345,0,0,14474628
full2,0,4,depot/pfile7,gc3_w20M,7.0179,True,7.11375,False,True,5,23,17,1.67756,5,0,17,0,476085,27,27,5,0,1,343,19,0,12,0,17,0,7,0,0,0,1.67941,0,0,22361489
full2,0,4,driverlog/pfile11,gc3,1.02536,True,1.04834,False,True,16,14,94,0.268144,16,0,20,2,289615,13,13,7,0,9,103,6.4375,10,72,2,7,0,0,0,0,0,0.270207,0,22,2478102
full2,0,4,driverlog/pfile11,gc3_w20M,0.95768,True,0.977361,False,True,16,14,94,0.25592,16,0,20,2,289615,13,13,7,0,9,103,6.4375,10,72,2,7,0,0,0,0,0,0.257897,0,22,2478102
full2,0,4,driverlog/pfile12,gc3,1.42517,True,1.45926,False,True,22,34,119,0.486771,22,0,27,3,599178,14,14,10,0,5,171,5.5,14,79,3,20,0,0,0,0,0,0.487582,0,7,4222937
full2,0,4,driverlog/pfile12,gc3_w20M,1.35848,True,1.39183,False,True,22,34,119,0.431707,22,0,27,3,599178,14,14,10,0,5,171,5.5,14,79,3,20,0,0,0,0,0,0.43247,0,7,4222937
full2,0,4,driverlog/pfile13,gc3,1.17324,True,1.21055,False,True,17,23,92,0.382823,17,0,23,1,469154,13,13,8,0,21,175,5.23529,10,65,1,3,0,0,0,0,0,0.386855,0,8,3517946
full2,0,4,driverlog/pfile13,gc3_w20M,1.15056,True,1.18494,False,True,17,23,92,0.370866,17,0,23,1,469154,13,13,8,0,21,175,5.23529,10,65,1,3,0,0,0,0,0,0.374425,0,8,3517946
full2,0,4,driverlog/pfile14,gc3,1.99908,True,2.04738,False,True,15,30,88,0.63147,15,0,24,2,603385,15,15,9,0,14,183,5.73333,7,52,2,5,0,5,0,0,0,0.633109,0,9,5153667
full2,0,4,driverlog/pfile14,gc3_w20M,2.36994,True,2.42003,False,True,20,45,118,1.11143,20,0,28,2,939744,15,15,9,0,16,179,5.3,12,72,2,7,0,0,0,0,0,1.11339,0,9,8120868
full2,0,4,driverlog/pfile15,gc3,17.139,True,17.2957,False,True,17,46,55,0.953858,17,0,24,1,907963,20,20,10,0,6,408,5.64706,8,38,1,19,0,8,0,0,0,0.956072,0,3,5082315
full2,0,4,driverlog/pfile15,gc3_w20M,19.3031,True,19.4656,False,True,25,70,87,1.45875,25,0,30,1,1437157,20,20,10,0,6,402,5.44,16,62,1,25,0,0,0,0,0,1.4605,0,3,8031838
full2,23,,driverlog/pfile18,gc3,,False,,False,,24,74,76,1.14912,24,0,49,0,1184410,32,32,23,0,1,1726,5.83333,3,44,0,49,0,37,0,0,0,1.16624,0,0,5173011
full2,23,,driverlog/pfile18,gc3_w20M,,False,,False,,61,186,235,3.14095,61,0,86,0,3359398,32,32,23,0,1,1689,5.09836,40,161,0,86,0,0,0,0,0,3.16252,0,0,15037993
full2,0,2,driverlog/pfile3,gc3,0.00722359,True,0.0126288,False,True,6,0,38,0.00201871,6,0,8,1,3102,9,9,6,0,4,22,10.5,3,32,1,5,0,0,0,0,0,0.00234615,0,8,22520
full2,0,2,driverlog/pfile3,gc3_w20M,0.00684576,True,0.0116754,False,True,6,0,38,0.00170057,6,0,8,1,3102,9,9,6,0,4,22,10.5,3,32,1,5,0,0,0,0,0,0.00201409,0,8,22520
full2,0,,elevators-00-strips/s1-2,gc3,,True,0.00259028,True,True,,,,,,,,,,,,,,,,,,,,,,,,,,,,,
full2,0,,elevators-00-strips/s1-2,gc3_w20M,,True,0.00143153,True,True,,,,,,,,,,,,,,,,,,,,,,,,,,,,,
full2,0,1,elevators-opt08-strips/p14,gc3,0.133493,True,0.151234,False,True,9,0,126,0.189612,9,0,14,0,86445,8,8,4,0,1,18,8,5,117,0,14,0,0,0,0,0,0.189791,0,0,1355197
full2,0,1,elevators-opt08-strips/p14,gc3_w20M,0.123422,True,0.139798,False,True,9,0,126,0.118472,9,0,14,0,86445,8,8,4,0,1,18,8,5,117,0,14,0,0,0,0,0,0.118654,0,0,1355197
full2,0,1,elevators-sat08-strips/p06,gc3,0.517555,True,0.565795,False,True,9,15,36,0.517132,9,3,24,0,305732,13,13,9,0,1,48,5.55556,0,27,0,24,0,18,0,0,0,0.517452,0,0,5041358
full2,0,1,elevators-sat08-strips/p06,gc3_w20M,2.03156,True,2.08256,False,True,22,77,134,2.03898,22,0,24,0,1275595,13,13,9,0,1,48,6.27273,13,112,0,24,0,2,0,0,0,2.03933,0,0,20333789
full2,0,1,elevators-sat08-strips/p08,gc3,0.636738,True,0.711214,False,True,11,28,42,0.629572,11,3,26,0,290303,15,15,11,0,1,62,5.63636,0,31,0,26,0,22,0,0,0,0.630099,0,0,5721529
full2,0,1,elevators-sat08-strips/p08,gc3_w20M,2.14436,True,2.21745,False,True,21,84,104,2.14743,21,0,26,0,1074840,15,15,11,0,1,62,6,10,83,0,26,0,9,0,0,0,2.14791,0,0,20738004
full2,0,1,elevators-sat08-strips/p09,gc3,0.611089,True,0.718854,False,True,12,16,42,0.630926,12,3,28,0,251485,16,16,12,0,1,68,5.33333,0,30,0,28,0,24,0,0,0,0.631439,0,0,5505462
full2,0,1,elevators-sat08-strips/p09,gc3_w20M,2.09606,True,2.18649,False,True,15,60,92,2.1044,15,0,28,0,937383,16,16,12,0,1,68,6.06667,3,77,0,28,0,18,0,0,0,2.1049,0,0,20460319
full2,0,1,elevators-sat08-strips/p10,gc3,0.696435,True,0.817118,False,True,13,16,58,0.687986,13,3,44,0,258743,17,17,13,0,1,60,5.30769,0,45,0,44,0,26,0,0,0,0.688617,0,0,6770417
full2,0,1,elevators-sat08-strips/p10,gc3_w20M,1.8995,True,2.00351,False,True,13,48,90,1.91077,13,1,44,0,776318,17,17,13,0,1,60,5.92308,0,77,0,44,0,24,0,0,0,1.91134,0,0,20097260
full2,0,1,elevators-sat08-strips/p14,gc3,0.660567,True,0.901711,False,True,14,20,58,0.651061,14,3,42,0,264940,18,18,14,0,1,70,5.57143,0,44,0,42,0,28,0,0,0,0.65175,0,0,5871361
full2,0,1,elevators-sat08-strips/p14,gc3_w20M,2.22824,True,2.44982,False,True,14,63,90,2.23744,14,1,42,0,893088,18,18,14,0,1,70,6.71429,0,76,0,42,0,26,0,0,0,2.23812,0,0,20890670
full2,0,1,elevators-sat08-strips/p15,gc3,0.630293,True,1.00109,False,True,16,12,60,0.616883,16,3,48,0,199046,20,20,16,0,1,80,5.1875,0,44,0,48,0,32,0,0,0,0.618066,0,0,5732036
full2,0,1,elevators-sat08-strips/p15,gc3_w20M,2.54574,True,2.88645,False,True,16,48,96,2.55255,16,3,48,0,776569,20,20,16,0,1,80,5.75,0,80,0,48,0,32,0,0,0,2.55345,0,0,21629172
full2,0,1,elevators-sat08-strips/p16,gc3,0.683423,True,1.04726,False,True,18,15,56,0.670407,18,3,48,0,190836,22,22,18,0,1,96,5.16667,0,38,0,48,0,36,0,0,0,0.671459,0,0,6567391
full2,0,1,elevators-sat08-strips/p16,gc3_w20M,2.66263,True,3.09962,False,True,18,50,70,2.65693,18,3,48,0,624967,22,22,18,0,1,96,5.55556,0,52,0,48,0,36,0,0,0,2.65807,0,0,21440794
full2,0,1,elevators-sat08-strips/p17,gc3,0.744791,True,1.26078,False,True,20,12,60,0.747839,20,3,52,0,187369,24,24,20,0,1,108,5.15,0,40,0,52,0,40,0,0,0,0.749141,0,0,6582631
full2,0,1,elevators-sat08-strips/p17,gc3_w20M,2.67047,True,3.4067,False,True,20,37,76,2.66332,20,3,52,0,572460,24,24,20,0,1,108,5.5,0,56,0,52,0,40,0,0,0,2.66477,0,0,20078910
full2,0,1,elevators-sat08-strips/p18,gc3,0.670954,True,1.53686,False,True,22,8,70,0.655851,22,3,62,0,136989,26,26,22,0,1,114,5.09091,0,48,0,62,0,44,0,0,0,0.657291,0,0,6246339
full2,0,1,elevators-sat08-strips/p18,gc3_w20M,2.87233,True,3.84367,False,True,22,32,94,2.86558,22,3,62,0,512034,26,26,22,0,1,114,5.36364,0,72,0,62,0,44,0,0,0,2.86718,0,0,21989006
full2,0,1,elevators-sat08-strips/p19,gc3,0.64359,True,1.89803,False,True,24,15,80,0.623532,24,3,72,0,128341,28,28,24,0,1,120,5.125,0,56,0,72,0,48,0,0,0,0.62539,0,0,5646332
full2,0,1,elevators-sat08-strips/p19,gc3_w20M,2.75977,True,3.96949,False,True,24,55,96,2.75026,24,3,72,0,461087,28,28,24,0,1,120,5.45833,0,72,0,72,0,48,0,0,0,2.75231,0,0,20153122
full2,0,1,elevators-sat08-strips/p20,gc3,0.797371,True,2.25795,False,True,26,10,68,0.778445,26,3,60,0,178891,30,30,26,0,1,148,5.15385,0,42,0,60,0,52,0,0,0,0.780455,0,0,6350390
full2,0,1,elevators-sat08-strips/p20,gc3_w20M,3.28487,True,4.87216,False,True,26,35,88,3.28114,26,3,60,0,618370,30,30,26,0,1,148,5.53846,0,62,0,60,0,52,0,0,0,3.28343,0,0,21894937
full2,0,1,elevators-sat08-strips/p24,gc3,0.890949,True,2.46209,False,True,21,10,88,0.857997,21,3,80,0,157761,26,26,21,0,1,130,6.09524,0,67,0,80,0,42,0,0,0,0.860597,0,0,7728879
full2,0,1,elevators-sat08-strips/p24,gc3_w20M,2.44545,True,4.02393,False,True,21,35,98,2.42899,21,3,80,0,480756,26,26,21,0,1,130,6.33333,0,77,0,80,0,42,0,0,0,2.43151,0,0,22228376
full2,0,1,elevators-sat08-strips/p26,gc3,0.853058,True,4.15868,False,True,27,15,98,0.809761,27,3,88,0,143543,32,32,27,0,1,182,6.11111,0,71,0,88,0,54,0,0,0,0.814166,0,0,6834644
full2,0,1,elevators-sat08-strips/p26,gc3_w20M,2.57638,True,5.85311,False,True,27,45,118,2.5465,27,3,88,0,448737,32,32,27,0,1,182,6.2963,0,91,0,88,0,54,0,0,0,2.55088,0,0,22000682
full2,0,1,elevators-sat08-strips/p27,gc3,1.04376,True,4.83127,False,True,30,10,112,0.995327,30,3,112,0,131203,35,35,30,0,1,188,6,0,82,0,112,0,60,0,0,0,1.00135,0,0,8710383
full2,0,1,elevators-sat08-strips/p27,gc3_w20M,2.74747,True,7.08664,False,True,30,30,128,2.71346,30,3,112,0,350729,35,35,30,0,1,188,6.13333,0,98,0,112,0,60,0,0,0,2.71991,0,0,22593504
full2,0,1,elevators-sat08-strips/p28,gc3,1.02186,True,6.45102,False,True,33,12,120,0.964709,33,3,114,0,96445,38,38,33,0,1,216,6.06061,0,87,0,114,0,66,0,0,0,0.971491,0,0,7855748
full2,0,1,elevators-sat08-strips/p28,gc3_w20M,3.08604,True,9.36063,False,True,33,36,136,3.05801,33,3,114,0,282764,38,38,33,0,1,216,6.18182,0,103,0,114,0,66,0,0,0,3.06472,0,0,23715142
full2,0,1,elevators-sat08-strips/p29,gc3,1.12037,True,10.5702,False,True,36,10,130,1.04949,36,3,124,0,103557,41,41,36,0,1,236,6.05556,0,94,0,124,0,72,0,0,0,1.05862,0,0,8447548
full2,0,1,elevators-sat08-strips/p29,gc3_w20M,3.21729,True,13.3457,False,True,36,30,134,3.15204,36,3,124,0,270930,41,41,36,0,1,236,6.08333,0,98,0,124,0,72,0,0,0,3.16108,0,0,23361435
full2,0,1,elevators-sat08-strips/p30,gc3,1.06616,True,14.5931,False,True,39,12,132,0.997978,39,3,126,0,101568,44,44,39,0,1,264,6.05128,0,93,0,126,0,78,0,0,0,1.00815,0,0,8098975
full2,0,1,elevators-sat08-strips/p30,gc3_w20M,3.30378,True,17.0264,False,True,39,36,148,3.24459,39,3,126,0,293116,44,44,39,0,1,264,6.15385,0,109,0,126,0,78,0,0,0,3.25829,0,0,23797695
full2,0,1,elevators-sat11-strips/p01,gc3,0.642019,True,0.869976,False,True,14,20,58,0.639088,14,3,42,0,264940,18,18,14,0,1,70,5.57143,0,44,0,42,0,28,0,0,0,0.639745,0,0,5871361
full2,0,1,elevators-sat11-strips/p01,gc3_w20M,2.35592,True,2.60372,False,True,14,63,90,2.3545,14,1,42,0,893088,18,18,14,0,1,70,6.71429,0,76,0,42,0,26,0,0,0,2.35526,0,0,20890670
full2,0,1,elevators-sat11-strips/p02,gc3,0.866796,True,2.35546,False,True,21,10,88,0.837539,21,3,80,0,157761,26,26,21,0,1,130,6.09524,0,67,0,80,0,42,0,0,0,0.840076,0,0,7728879
full2,0,1,elevators-sat11-strips/p02,gc3_w20M,2.50868,True,3.88733,False,True,21,35,98,2.48586,21,3,80,0,480756,26,26,21,0,1,130,6.33333,0,77,0,80,0,42,0,0,0,2.48837,0,0,22228376
full2,0,1,elevators-sat11-strips/p03,gc3,0.84187,True,3.3729,False,True,27,15,98,0.797812,27,3,88,0,143543,32,32,27,0,1,182,6.11111,0,71,0,88,0,54,0,0,0,0.802566,0,0,6834644
full2,0,1,elevators-sat11-strips/p03,gc3_w20M,2.68747,True,5.9882,False,True,27,45,118,2.66097,27,3,88,0,448737,32,32,27,0,1,182,6.2963,0,91,0,88,0,54,0,0,0,2.66564,0,0,22000682
full2,0,1,elevators-sat11-strips/p04,gc3,0.75935,True,2.35816,False,True,26,10,68,0.742694,26,3,60,0,178891,30,30,26,0,1,148,5.15385,0,42,0,60,0,52,0,0,0,0.744989,0,0,6350390
full2,0,1,elevators-sat11-strips/p04,gc3_w20M,2.68486,True,4.21074,False,True,26,35,88,2.70023,26,3,60,0,618370,30,30,26,0,1,148,5.53846,0,62,0,60,0,52,0,0,0,2.7027,0,0,21894937
full2,0,1,elevators-sat11-strips/p05,gc3,0.595499,True,1.36869,False,True,22,8,70,0.584846,22,3,62,0,136989,26,26,22,0,1,114,5.09091,0,48,0,62,0,44,0,0,0,0.586139,0,0,6246339
full2,0,1,elevators-sat11-strips/p05,gc3_w20M,2.52633,True,3.30973,False,True,22,32,94,2.52346,22,3,62,0,512034,26,26,22,0,1,114,5.36364,0,72,0,62,0,44,0,0,0,2.52513,0,0,21989006
full2,0,1,elevators-sat11-strips/p06,gc3,1.04417,True,5.04223,False,True,30,10,112,1.00027,30,3,112,0,131203,35,35,30,0,1,188,6,0,82,0,112,0,60,0,0,0,1.0059,0,0,8710383
full2,0,1,elevators-sat11-strips/p06,gc3_w20M,2.73194,True,7.36076,False,True,30,30,128,2.69517,30,3,112,0,350729,35,35,30,0,1,188,6.13333,0,98,0,112,0,60,0,0,0,2.70198,0,0,22593504
full2,0,1,elevators-sat11-strips/p08,gc3,0.937532,True,6.59517,False,True,33,12,120,0.877983,33,3,114,0,96445,38,38,33,0,1,216,6.06061,0,87,0,114,0,66,0,0,0,0.88551,0,0,7855748
full2,0,1,elevators-sat11-strips/p08,gc3_w20M,3.05042,True,9.33331,False,True,33,36,136,3.01133,33,3,114,0,282764,38,38,33,0,1,216,6.18182,0,103,0,114,0,66,0,0,0,3.01909,0,0,23715142
full2,0,1,elevators-sat11-strips/p09,gc3,1.03077,True,9.48539,False,True,36,10,130,0.969837,36,3,124,0,103557,41,41,36,0,1,236,6.05556,0,94,0,124,0,72,0,0,0,0.977578,0,0,8447548
full2,0,1,elevators-sat11-strips/p09,gc3_w20M,3.12423,True,12.4763,False,True,36,30,134,3.05725,36,3,124,0,270930,41,41,36,0,1,236,6.08333,0,98,0,124,0,72,0,0,0,3.06593,0,0,23361435
full2,0,1,elevators-sat11-strips/p10,gc3,1.11527,True,13.9008,False,True,39,12,132,1.04807,39,3,126,0,101568,44,44,39,0,1,264,6.05128,0,93,0,126,0,78,0,0,0,1.05814,0,0,8098975
full2,0,1,elevators-sat11-strips/p10,gc3_w20M,3.28236,True,16.7115,False,True,39,36,148,3.21743,39,3,126,0,293116,44,44,39,0,1,264,6.15385,0,109,0,126,0,78,0,0,0,3.22771,0,0,23797695
full2,0,1,elevators-sat11-strips/p12,gc3,3.62677,True,29.8537,False,True,43,12,168,3.46097,43,3,164,0,201919,51,51,43,0,1,524,9.04651,0,125,0,164,0,86,0,0,0,3.4937,0,0,25080877
full2,0,1,elevators-sat11-strips/p12,gc3_w20M,5.87628,True,32.6039,False,True,43,33,170,5.97909,43,3,164,0,365901,51,51,43,0,1,524,9.06977,0,127,0,164,0,86,0,0,0,6.01224,0,0,40445172
full2,0,1,elevators-sat11-strips/p13,gc3,3.32462,True,37.0779,False,True,46,6,174,3.14797,46,3,174,0,169918,54,54,46,0,1,562,9,0,128,0,174,0,92,0,0,0,3.18746,0,0,24907175
full2,0,1,elevators-sat11-strips/p13,gc3_w20M,6.33805,True,39.2638,False,True,46,24,174,6.15747,46,3,174,0,350307,54,54,46,0,1,562,9,0,128,0,174,0,92,0,0,0,6.19288,0,0,44328812
full2,0,1,elevators-sat11-strips/p14,gc3,3.15699,True,40.9478,False,True,49,6,170,2.9375,49,3,170,0,123183,57,57,49,0,1,614,9,0,121,0,170,0,98,0,0,0,2.98589,0,0,18801417
full2,0,1,elevators-sat11-strips/p14,gc3_w20M,4.36654,True,40.1571,False,True,49,24,170,4.17106,49,3,170,0,244472,57,57,49,0,1,614,9,0,121,0,170,0,98,0,0,0,4.21149,0,0,31885737
full2,0,1,elevators-sat11-strips/p15,gc3,3.60875,True,48.0158,False,True,52,6,188,3.22643,52,3,188,0,156563,60,60,52,0,1,644,9,0,136,0,188,0,104,0,0,0,3.27714,0,0,23199755
full2,0,1,elevators-sat11-strips/p15,gc3_w20M,6.52047,True,49.6483,False,True,52,24,188,6.16558,52,3,188,0,337122,60,60,52,0,1,644,9,0,136,0,188,0,104,0,0,0,6.21868,0,0,41211110
full2,0,1,elevators-sat11-strips/p16,gc3,4.35465,True,34.2874,False,True,40,10,154,4.19942,40,3,154,0,162670,48,48,40,0,1,486,9,0,114,0,154,0,80,0,0,0,4.22613,0,0,21304167
full2,0,1,elevators-sat11-strips/p16,gc3_w20M,4.795,True,31.3735,False,True,40,21,156,4.68806,40,3,154,0,258523,48,48,40,0,1,486,9.025,0,116,0,154,0,80,0,0,0,4.71231,0,0,32646059
full2,0,1,elevators-sat11-strips/p17,gc3,3.85595,True,44.9419,False,True,45,6,176,3.68251,45,3,176,0,151422,53,53,45,0,1,544,9,0,131,0,176,0,90,0,0,0,3.71856,0,0,20746672
full2,0,1,elevators-sat11-strips/p17,gc3_w20M,7.01699,True,42.6683,False,True,45,24,176,6.85838,45,3,176,0,332397,53,53,45,0,1,544,9,0,131,0,176,0,90,0,0,0,6.88648,0,0,39747825
full2,0,1,elevators-sat11-strips/p18,gc3,6.8834,True,61.3045,False,True,50,12,194,6.68324,50,3,194,0,199372,58,58,50,0,1,606,9,0,144,0,194,0,100,0,0,0,6.73223,0,0,30055415
full2,0,1,elevators-sat11-strips/p18,gc3_w20M,7.26202,True,54.7717,False,True,50,30,194,7.07512,50,3,194,0,327462,58,58,50,0,1,606,9,0,144,0,194,0,100,0,0,0,7.11364,0,0,43401959
full2,0,1,elevators-sat11-strips/p19,gc3,5.4836,True,68.7554,False,True,55,6,214,5.24797,55,3,214,0,173207,63,63,55,0,1,666,9,0,159,0,214,0,110,0,0,0,5.30213,0,0,29762069
full2,0,1,elevators-sat11-strips/p19,gc3_w20M,8.13482,True,68.6292,False,True,55,18,214,7.94507,55,3,214,0,295813,63,63,55,0,1,666,9,0,159,0,214,0,110,0,0,0,7.99523,0,0,45495637
full2,0,1,elevators-sat11-strips/p20,gc3,6.61045,True,94.5468,False,True,60,6,216,6.36312,60,3,216,0,166558,68,68,60,0,1,744,9,0,156,0,216,0,120,0,0,0,6.42508,0,0,31234496
full2,0,1,elevators-sat11-strips/p20,gc3_w20M,8.03101,True,84.1374,False,True,60,12,216,7.84615,60,3,216,0,230842,68,68,60,0,1,744,9,0,156,0,216,0,120,0,0,0,7.90438,0,0,40950176
full2,0,1,ferry/p-10locs-5cars,gc3,0.00477657,True,0.00964438,False,True,12,0,120,0.000838679,12,0,10,0,1344,6,6,5,0,1,0,6,7,108,0,10,0,0,0,0,0,0.000893177,0,0,8975
full2,0,1,ferry/p-10locs-5cars,gc3_w20M,0.00468044,True,0.0104472,False,True,12,0,120,0.000802136,12,0,10,0,1344,6,6,5,0,1,0,6,7,108,0,10,0,0,0,0,0,0.000855814,0,0,8975
full2,0,1,ferry/p-10locs-7cars,gc3,0.00912149,True,0.0166336,False,True,18,0,180,0.00501879,18,0,10,0,9090,8,8,7,0,1,4,8,11,162,0,10,0,0,0,0,0,0.00512424,0,0,68211
full2,0,1,ferry/p-10locs-7cars,gc3_w20M,0.00859629,True,0.0151098,False,True,18,0,180,0.00484636,18,0,10,0,9090,8,8,7,0,1,4,8,11,162,0,10,0,0,0,0,0,0.00493615,0,0,68211
full2,0,3,floortile-sat11-strips/seq-p02-004,gc3,1.93518,True,1.96739,False,True,15,44,143,0.546291,15,3,63,1,724243,20,20,15,0,43,81,6.46667,0,128,1,21,0,30,0,0,0,0.615595,0,6,6549089
full2,0,3,floortile-sat11-strips/seq-p02-004,gc3_w20M,2.66689,True,2.6986,False,True,28,115,283,1.44745,28,0,61,1,1987312,20,20,15,0,48,83,6.53571,13,255,1,14,0,14,0,0,0,1.55204,0,11,20721437
full2,0,5,floortile-sat14-strips/p02-5-4-2,gc3,15.3511,True,15.4231,False,True,20,52,187,0.759446,20,3,83,1,905383,26,26,20,0,73,117,6.3,0,167,1,11,0,40,0,0,0,3.42191,0,11,8232499
full2,0,4,floortile-sat14-strips/p02-5-4-2,gc3_w20M,9.99231,True,10.0578,False,True,25,105,240,1.91209,25,0,84,1,2171230,26,26,20,0,74,116,6.4,5,215,0,11,0,32,0,0,0,3.23826,0,14,20408296
full2,0,6,floortile-sat14-strips/p03-6-4-2,gc3,38.7076,True,38.8097,False,True,24,64,218,0.713013,24,3,83,1,923616,30,30,24,0,79,153,6.25,0,194,0,5,0,48,0,0,0,2.07884,0,17,8508256
full2,0,6,floortile-sat14-strips/p03-6-4-2,gc3_w20M,49.928,True,50.0492,False,True,29,145,275,2.1576,29,0,92,1,2205930,30,30,24,0,84,144,6.34483,5,246,0,9,0,40,0,0,0,3.81042,0,24,20325863
full2,0,6,floortile-sat14-strips/p04-5-4-2,gc3,29.0375,True,29.1136,False,True,20,53,189,0.741636,20,3,77,1,911000,26,26,20,0,73,123,6.35,0,169,1,5,0,40,0,0,0,6.92834,0,11,8207991
full2,0,5,floortile-sat14-strips/p04-5-4-2,gc3_w20M,17.8697,True,17.9538,False,True,25,106,244,1.93866,25,0,79,1,2177045,26,26,20,0,76,121,6.44,5,219,0,4,0,32,0,0,0,3.52049,0,14,20528658
full2,23,,freecell/pfile17,gc3,,False,,False,,4,20,20,4.1086,4,3,13,0,246038,14,102,4,0,1,886,7.25,0,16,0,13,0,8,0,0,0,4.20283,0,0,31005250
full2,23,,freecell/pfile17,gc3_w20M,,False,,False,,4,25,20,3.74844,4,1,13,0,233495,14,102,4,0,1,886,7.25,0,16,0,13,0,6,0,0,0,3.84278,0,0,31096896
full2,0,1,freecell/probfreecell-4-1,gc3,1.9795,True,2.5022,False,True,4,24,13,0.592878,4,0,10,0,214759,24,38,4,0,1,236,12.75,0,9,0,10,0,5,0,0,0,0.595885,0,0,5111982
full2,0,1,freecell/probfreecell-4-1,gc3_w20M,3.28052,True,3.84499,False,True,9,53,36,2.18662,9,0,13,0,608474,24,38,4,0,1,233,10.4444,5,27,0,13,0,0,0,0,0,2.18952,0,0,18920303
full2,0,1,freecell/probfreecell-4-3,gc3,1.76953,True,2.37128,False,True,4,21,15,0.681187,4,1,12,0,269352,23,38,4,0,1,226,12,0,11,0,12,0,6,0,0,0,0.684406,0,0,5868493
full2,0,1,freecell/probfreecell-4-3,gc3_w20M,2.74964,True,3.22118,False,True,9,49,38,1.60581,9,0,14,0,675318,23,38,4,0,1,224,10.1111,5,29,0,14,0,0,0,0,0,1.60801,0,0,17218772
full2,0,2,freecell/probfreecell-7-2,gc3,28.8979,True,31.0852,False,True,4,21,21,1.71024,4,2,15,0,300050,20,62,4,0,1,478,9.5,0,17,0,15,0,7,0,0,0,1.72256,0,0,17438541
full2,0,2,freecell/probfreecell-7-2,gc3_w20M,33.1006,True,35.5343,False,True,5,30,26,2.51441,5,0,15,0,355650,20,62,4,0,1,478,9,1,21,0,15,0,4,0,0,0,2.52761,0,0,20966422
full2,0,2,grid/prob01,gc3,91.7641,True,91.8856,False,True,1,4,4,0.481488,1,0,4,0,57009,16,19,1,0,1,2262,16,0,3,0,4,0,0,0,0,0,0.49561,0,0,9321850
full2,0,2,grid/prob01,gc3_w20M,84.6454,True,84.7594,False,True,1,4,4,0.457053,1,0,4,0,57009,16,19,1,0,1,2262,16,0,3,0,4,0,0,0,0,0,0.472237,0,0,9321850
full2,22,,grid/prob03,gc3,,False,,False,,5,19,12,1.44161,5,3,12,0,153197,12,23,5,0,1,6487,7.6,0,7,0,12,0,10,0,0,0,1.56574,0,0,21280316
full2,22,,grid/prob03,gc3_w20M,,False,,False,,5,21,12,2.05246,5,2,12,0,196932,12,23,5,0,1,6487,7.6,0,7,0,12,0,9,0,0,0,2.17806,0,0,27420976
full2,0,1,gripper/prob01,gc3,0.00535871,True,0.00918837,False,True,9,0,72,0.00100561,9,0,8,0,1152,6,6,4,0,1,8,6,5,63,0,8,0,0,0,0,0,0.00107635,0,0,9483
full2,0,1,gripper/prob01,gc3_w20M,0.0049507,True,0.00805715,False,True,9,0,72,0.000974612,9,0,8,0,1152,6,6,4,0,1,8,6,5,63,0,8,0,0,0,0,0,0.00103165,0,0,9483
full2,0,1,gripper/prob03,gc3,0.134909,True,0.140807,False,True,21,0,336,0.129722,21,0,16,0,123648,10,10,8,0,1,16,10,13,315,0,16,0,0,0,0,0,0.129878,0,0,1338578
full2,0,1,gripper/prob03,gc3_w20M,0.126781,True,0.132452,False,True,21,0,336,0.121905,21,0,16,0,123648,10,10,8,0,1,16,10,13,315,0,16,0,0,0,0,0,0.122059,0,0,1338578
full2,0,,logistics00/adl-98-prob03,gc3,,True,0.165294,True,True,,,,,,,,,,,,,,,,,,,,,,,,,,,,,
full2,0,,logistics00/adl-98-prob03,gc3_w20M,,True,0.16328,True,True,,,,,,,,,,,,,,,,,,,,,,,,,,,,,
full2,0,,miconic/s1-2,gc3,,True,0.0027889,True,True,,,,,,,,,,,,,,,,,,,,,,,,,,,,,
full2,0,,miconic/s1-2,gc3_w20M,,True,0.00153973,True,True,,,,,,,,,,,,,,,,,,,,,,,,,,,,,
full2,0,,movie/prob03,gc3,,True,0.00242921,True,True,,,,,,,,,,,,,,,,,,,,,,,,,,,,,
full2,0,,movie/prob03,gc3_w20M,,True,0.00283413,True,True,,,,,,,,,,,,,,,,,,,,,,,,,,,,,
full2,0,1,mprime/prob04,gc3,0.224409,True,0.272558,False,True,1,5,7,0.218419,1,0,7,0,65532,12,19,1,0,1,232,12,0,6,0,7,0,0,0,0,0,0.219974,0,0,1467937
full2,0,1,mprime/prob04,gc3_w20M,0.211602,True,0.261369,False,True,1,5,7,0.185833,1,0,7,0,65532,12,19,1,0,1,232,12,0,6,0,7,0,0,0,0,0,0.187231,0,0,1467937
full2,0,1,mprime/prob11,gc3,0.577466,True,0.626918,False,True,3,12,21,0.569731,3,0,7,0,225812,13,18,2,0,1,185,13,1,18,0,7,0,0,0,0,0,0.570895,0,0,3789903
full2,0,1,mprime/prob11,gc3_w20M,0.485675,True,0.531536,False,True,3,12,21,0.46683,3,0,7,0,225812,13,18,2,0,1,185,13,1,18,0,7,0,0,0,0,0,0.467852,0,0,3789903
full2,0,1,mprime/prob16,gc3,6.23721,True,7.4386,False,True,3,15,10,0.154228,3,0,9,0,74807,20,34,2,0,1,1564,15.3333,1,7,0,9,0,0,0,0,0,0.181935,0,0,641412
full2,0,1,mprime/prob16,gc3_w20M,5.83393,True,7.0544,False,True,3,15,10,0.138425,3,0,9,0,74807,20,34,2,0,1,1564,15.3333,1,7,0,9,0,0,0,0,0,0.162485,0,0,641412
full2,250,,mprime/prob18,gc3,,False,,False,,1,6,2,0.0812757,1,0,2,0,40193,7,45,1,0,1,3379,7,0,1,0,2,0,0,0,0,0,0.253047,0,0,298878
full2,250,,mprime/prob18,gc3_w20M,,False,,False,,1,6,2,0.0677649,1,0,2,0,40193,7,45,1,0,1,3379,7,0,1,0,2,0,0,0,0,0,0.233062,0,0,298878
full2,0,1,mprime/prob25,gc3,0.00865557,True,0.0179456,False,True,1,0,4,0.00108057,1,0,4,0,1499,10,10,1,0,1,46,10,0,3,0,4,0,0,0,0,0,0.00123261,0,0,7806
full2,0,1,mprime/prob25,gc3_w20M,0.00830175,True,0.0178438,False,True,1,0,4,0.0010538,1,0,4,0,1499,10,10,1,0,1,46,10,0,3,0,4,0,0,0,0,0,0.00119678,0,0,7806
full2,0,1,mprime/prob26,gc3,1.49831,True,1.82322,False,True,1,5,5,0.0781857,1,0,5,0,77999,8,26,1,0,1,662,8,0,4,0,5,0,0,0,0,0,0.0841992,0,0,432007
full2,0,1,mprime/prob26,gc3_w20M,1.57245,True,1.91994,False,True,1,5,5,0.0813051,1,0,5,0,77999,8,26,1,0,1,662,8,0,4,0,5,0,0,0,0,0,0.0881472,0,0,432007
full2,0,1,mprime/prob30,gc3,5.89307,True,7.90098,False,True,6,30,28,0.469801,6,0,13,1,335657,17,30,3,0,3,1118,11.1667,3,22,1,11,0,0,0,0,0,0.486276,0,2,4192944
full2,0,1,mprime/prob30,gc3_w20M,5.58566,True,7.63349,False,True,6,30,28,0.489879,6,0,13,1,335657,17,30,3,0,3,1118,11.1667,3,22,1,11,0,0,0,0,0,0.505744,0,2,4192944
full2,0,2,mprime/prob32,gc3,1.17998,True,1.34929,False,True,1,5,7,0.113485,1,0,5,1,63719,12,27,1,0,4,623,12,0,6,1,2,0,0,0,0,0,0.117971,0,2,1196752
full2,0,2,mprime/prob32,gc3_w20M,1.25021,True,1.40979,False,True,1,5,7,0.1026,1,0,5,1,63719,12,27,1,0,4,623,12,0,6,1,2,0,0,0,0,0,0.106918,0,2,1196752
full2,0,2,mystery/prob20,gc3,42.1428,True,43.6966,False,True,1,5,2,0.056263,1,0,2,0,60087,10,42,1,0,1,1606,10,0,1,0,2,0,0,0,0,0,0.104434,0,0,179811
full2,0,2,mystery/prob20,gc3_w20M,42.2861,True,43.9943,False,True,1,5,2,0.0560916,1,0,2,0,60087,10,42,1,0,1,1606,10,0,1,0,2,0,0,0,0,0,0.104064,0,0,179811
full2,23,,mystery/prob23,gc3,,False,,False,,1,5,9,0.195479,1,0,8,1,78363,5,47,1,0,3,2354,5,0,8,1,6,0,0,0,0,0,0.266525,0,1,1519167
full2,23,,mystery/prob23,gc3_w20M,,False,,False,,1,5,9,0.221298,1,0,8,1,78363,5,47,1,0,3,2354,5,0,8,1,6,0,0,0,0,0,0.291206,0,1,1519167
full2,0,1,mystery/prob28,gc3,0.0103733,True,0.0179955,False,True,3,0,21,0.00324629,3,0,7,0,5907,14,14,2,0,1,68,14,1,18,0,7,0,0,0,0,0,0.00353157,0,0,37780
full2,0,1,mystery/prob28,gc3_w20M,0.00998245,True,0.0170751,False,True,3,0,21,0.00295207,3,0,7,0,5907,14,14,2,0,1,68,14,1,18,0,7,0,0,0,0,0,0.00325972,0,0,37780
full2,0,6,nomystery-opt11-strips/p06,gc3,4.25436,True,4.33675,False,True,21,6,183,0.0966264,21,0,25,1,170294,10,10,8,0,21,57,3.47619,13,162,1,5,0,0,0,0,0,0.112731,0,29,852162
full2,0,6,nomystery-opt11-strips/p06,gc3_w20M,3.58412,True,3.65586,False,True,21,6,183,0.072158,21,0,25,1,170294,10,10,8,0,21,57,3.47619,13,162,1,5,0,0,0,0,0,0.0859893,0,29,852162
full2,0,5,nomystery-opt11-strips/p07,gc3,1.83706,True,1.92782,False,True,24,4,215,0.100956,24,0,31,2,201088,11,11,9,0,15,72,3.54167,15,191,2,12,0,0,0,0,0,0.105917,0,33,1019435
full2,0,5,nomystery-opt11-strips/p07,gc3_w20M,1.86699,True,1.94842,False,True,24,4,215,0.133196,24,0,31,2,201088,11,11,9,0,15,72,3.54167,15,191,2,12,0,0,0,0,0,0.137464,0,33,1019435
full2,0,8,nomystery-opt11-strips/p08,gc3,6.8437,True,6.95001,False,True,27,16,256,0.153502,27,0,31,1,285361,12,12,10,0,29,90,3.33333,17,229,1,3,0,0,0,0,0,0.4083,0,57,1434324
full2,0,8,nomystery-opt11-strips/p08,gc3_w20M,6.13999,True,6.23735,False,True,27,16,256,0.140885,27,0,31,1,285361,12,12,10,0,29,90,3.33333,17,229,1,3,0,0,0,0,0,0.383798,0,57,1434324
full2,0,8,nomystery-opt11-strips/p09,gc3,13.674,True,13.8331,False,True,30,20,264,0.146532,30,0,36,1,303820,13,13,11,0,31,111,3.3,19,232,1,6,0,0,0,0,0,0.466446,0,36,1559676
full2,0,8,nomystery-opt11-strips/p09,gc3_w20M,12.2159,True,12.3692,False,True,30,20,264,0.141692,30,0,36,1,303820,13,13,11,0,31,111,3.3,19,232,1,6,0,0,0,0,0,0.455102,0,36,1559676
full2,0,8,nomystery-opt11-strips/p10,gc3,20.2841,True,20.4023,False,True,33,8,283,0.167805,33,0,36,1,305905,14,14,12,0,35,133,3.51515,21,241,0,2,0,0,0,0,0,3.49737,0,53,1516473
full2,0,8,nomystery-opt11-strips/p10,gc3_w20M,18.9064,True,19.0148,False,True,33,8,283,0.130063,33,0,36,1,305905,14,14,12,0,35,133,3.51515,21,241,0,2,0,0,0,0,0,3.16987,0,53,1516473
full2,0,5,nomystery-opt11-strips/p11,gc3,0.115536,True,0.120607,False,True,6,0,37,0.000640494,6,0,12,1,1205,5,5,3,0,12,6,3.5,3,31,1,1,0,0,0,0,0,0.00129723,0,7,6670
full2,0,5,nomystery-opt11-strips/p11,gc3_w20M,0.110992,True,0.114755,False,True,6,0,37,0.00056549,6,0,12,1,1205,5,5,3,0,12,6,3.5,3,31,1,1,0,0,0,0,0,0.00118422,0,7,6670
full2,0,8,nomystery-opt11-strips/p19,gc3,10.1987,True,10.3034,False,True,30,20,264,0.156916,30,0,36,1,303490,13,13,11,0,31,111,3.3,19,232,1,6,0,0,0,0,0,0.486084,0,36,1573528
full2,0,8,nomystery-opt11-strips/p19,gc3_w20M,12.9636,True,13.0988,False,True,30,20,264,0.203686,30,0,36,1,303490,13,13,11,0,31,111,3.3,19,232,1,6,0,0,0,0,0,0.594631,0,36,1573528
full2,0,4,nomystery-sat11-strips/p01,gc3,0.125397,True,0.144162,False,True,15,0,100,0.0101051,15,0,19,1,22406,8,8,6,0,8,26,3.6,9,85,1,12,0,0,0,0,0,0.0109688,0,15,111325
full2,0,4,nomystery-sat11-strips/p01,gc3_w20M,0.116333,True,0.133723,False,True,15,0,100,0.00954725,15,0,19,1,22406,8,8,6,0,8,26,3.6,9,85,1,12,0,0,0,0,0,0.0103415,0,15,111325
full2,0,4,nomystery-sat11-strips/p02,gc3,0.128042,True,0.149445,False,True,18,0,119,0.00990791,18,0,20,1,22668,9,9,7,0,15,37,3.61111,11,101,1,6,0,0,0,0,0,0.0261639,0,22,102392
full2,0,4,nomystery-sat11-strips/p02,gc3_w20M,0.113603,True,0.132982,False,True,18,0,119,0.008765,18,0,20,1,22668,9,9,7,0,15,37,3.61111,11,101,1,6,0,0,0,0,0,0.0234494,0,22,102392
full2,0,7,nomystery-sat11-strips/p05,gc3,6.05142,True,6.16027,False,True,27,12,245,0.126888,27,0,33,1,243834,12,12,10,0,32,80,3.40741,17,218,1,2,0,0,0,0,0,0.317972,0,36,1244597
full2,0,7,nomystery-sat11-strips/p05,gc3_w20M,5.59478,True,5.69522,False,True,27,12,245,0.125605,27,0,33,1,243834,12,12,10,0,32,80,3.40741,17,218,1,2,0,0,0,0,0,0.30892,0,36,1244597
full2,0,9,nomystery-sat11-strips/p07,gc3,25.3281,True,25.5005,False,True,33,20,287,0.155868,33,0,38,1,321881,14,14,12,0,33,121,3.33333,21,252,1,6,0,0,0,0,0,0.81419,0,39,1649182
full2,0,9,nomystery-sat11-strips/p07,gc3_w20M,21.6082,True,21.7801,False,True,33,20,287,0.162403,33,0,38,1,321881,14,14,12,0,33,121,3.33333,21,252,1,6,0,0,0,0,0,0.7682,0,39,1649182
full2,0,8,nomystery-sat11-strips/p08,gc3,13.0306,True,13.1487,False,True,36,8,305,0.169106,36,0,38,1,321586,15,15,13,0,37,144,3.52778,23,259,0,2,0,0,0,0,0,1.20907,0,56,1591303
full2,0,8,nomystery-sat11-strips/p08,gc3_w20M,13.5112,True,13.6319,False,True,36,8,305,0.168303,36,0,38,1,321586,15,15,13,0,37,144,3.52778,23,259,0,2,0,0,0,0,0,1.30429,0,56,1591303
full2,0,4,nomystery-sat11-strips/p12,gc3,0.107406,True,0.123445,False,True,18,0,119,0.00641803,18,0,20,1,15250,9,9,7,0,15,37,3.61111,11,101,1,6,0,0,0,0,0,0.0219376,0,22,77921
full2,0,4,nomystery-sat11-strips/p12,gc3_w20M,0.105783,True,0.120971,False,True,18,0,119,0.00654345,18,0,20,1,15250,9,9,7,0,15,37,3.61111,11,101,1,6,0,0,0,0,0,0.0219388,0,22,77921
full2,0,7,nomystery-sat11-strips/p14,gc3,4.51704,True,4.57392,False,True,24,2,195,0.0593562,24,0,26,1,120063,11,11,9,0,22,65,3.58333,15,171,1,5,0,0,0,0,0,0.0696295,0,24,611141
full2,0,7,nomystery-sat11-strips/p14,gc3_w20M,4.46736,True,4.52724,False,True,24,2,195,0.0656764,24,0,26,1,120063,11,11,9,0,22,65,3.58333,15,171,1,5,0,0,0,0,0,0.0762498,0,24,611141
full2,0,8,nomystery-sat11-strips/p15,gc3,31.9946,True,32.0673,False,True,27,10,245,0.122526,27,0,33,1,240528,12,12,10,0,32,80,3.44444,17,218,1,2,0,0,0,0,0,0.323045,0,36,1289232
full2,0,8,nomystery-sat11-strips/p15,gc3_w20M,27.227,True,27.2902,False,True,27,10,245,0.106713,27,0,33,1,240528,12,12,10,0,32,80,3.44444,17,218,1,2,0,0,0,0,0,0.28477,0,36,1289232
full2,0,9,nomystery-sat11-strips/p18,gc3,61.5988,True,61.689,False,True,36,8,305,0.16104,36,0,38,1,301927,15,15,13,0,37,144,3.52778,23,259,0,2,0,0,0,0,0,1.25904,0,56,1559769
full2,0,9,nomystery-sat11-strips/p18,gc3_w20M,61.8584,True,61.9474,False,True,36,8,305,0.153016,36,0,38,1,301927,15,15,13,0,37,144,3.52778,23,259,0,2,0,0,0,0,0,1.3687,0,56,1559769
full2,0,3,openstacks-opt08-strips/p04,gc3,0.516861,True,0.524095,False,True,8,24,121,0.498983,8,2,25,0,443477,17,17,8,0,1,0,8.125,0,101,0,25,0,15,0,0,0,0.499156,0,0,5689758
full2,0,3,openstacks-opt08-strips/p04,gc3_w20M,1.79053,True,1.79762,False,True,21,84,396,1.79399,21,0,25,1,1596213,17,17,8,0,5,0,10.0476,13,336,1,21,0,0,0,0,0,1.79438,0,3,20009765
full2,0,5,openstacks-opt08-strips/p11,gc3,3.56532,True,3.59053,False,True,15,20,118,0.682589,15,3,46,1,301114,31,31,15,0,25,0,6,0,96,1,22,0,30,0,0,0,0.687717,0,4,6421848
full2,0,4,openstacks-opt08-strips/p11,gc3_w20M,2.47174,True,2.49525,False,True,15,65,215,2.02927,15,2,46,1,973425,31,31,15,0,26,0,11.2,0,182,1,21,0,29,0,0,0,2.03961,0,12,20803316
full2,0,4,openstacks-opt08-strips/p12,gc3,1.12198,True,1.1363,False,True,16,15,106,0.566782,16,3,49,1,274208,33,33,16,0,9,0,5.25,0,89,1,41,0,32,0,0,0,0.567306,0,2,5664976
full2,0,4,openstacks-opt08-strips/p12,gc3_w20M,3.55383,True,3.56659,False,True,16,55,188,1.90757,16,3,49,2,1026397,33,33,16,0,9,0,9.6875,0,161,2,37,0,32,0,0,0,1.90825,0,4,21213057
full2,0,5,openstacks-opt08-strips/p13,gc3,6.9151,True,6.98876,False,True,17,15,109,0.61966,17,3,52,1,275557,35,35,17,0,7,0,5.11765,0,87,1,46,0,34,0,0,0,0.620222,0,1,5930988
full2,0,5,openstacks-opt08-strips/p13,gc3_w20M,9.305,True,9.36309,False,True,17,55,191,2.11808,17,3,52,2,1009491,35,35,17,0,22,0,9.23529,0,160,2,29,0,34,0,0,0,2.12007,0,6,21861446
full2,0,5,openstacks-opt08-strips/p14,gc3,6.5479,True,6.582,False,True,18,15,112,0.725051,18,3,55,1,288821,37,37,18,0,11,0,5.33333,0,90,1,45,0,36,0,0,0,0.725787,0,1,6461501
full2,0,5,openstacks-opt08-strips/p14,gc3_w20M,15.7259,True,15.7546,False,True,18,50,175,2.00122,18,3,55,2,945539,37,37,18,0,19,0,9.11111,0,144,2,36,0,36,0,0,0,2.00388,0,6,21561158
full2,0,5,openstacks-opt08-strips/p15,gc3,14.3973,True,14.508,False,True,19,17,114,0.677178,19,3,58,1,279949,39,39,19,0,13,0,4.89474,0,91,1,46,0,38,0,0,0,0.678339,0,2,6347549
full2,0,5,openstacks-opt08-strips/p15,gc3_w20M,20.3354,True,20.4372,False,True,19,53,181,2.0411,19,3,58,1,870434,39,39,19,0,13,0,7.73684,0,145,1,46,0,38,0,0,0,2.04312,0,3,20285605
full2,0,6,openstacks-opt08-strips/p16,gc3,16.5136,True,16.6117,False,True,20,18,119,0.668214,20,3,61,1,274645,41,41,20,0,27,0,5.25,0,96,1,35,0,40,0,0,0,0.672634,0,3,6412978
full2,0,6,openstacks-opt08-strips/p16,gc3_w20M,121.459,True,121.554,False,True,20,66,169,2.57137,20,3,61,1,996798,41,41,20,0,27,0,9.35,0,138,1,35,0,40,0,0,0,2.57637,0,6,22184668
full2,0,3,parcprinter-08-strips/p04,gc3,0.251438,True,0.270796,False,True,30,5,409,0.214588,30,0,33,1,127845,34,34,12,0,16,27,20.2667,18,379,1,18,0,0,0,0,0,0.237441,0,39,2577076
full2,0,3,parcprinter-08-strips/p04,gc3_w20M,0.240927,True,0.261418,False,True,30,5,409,0.204583,30,0,33,1,127845,34,34,12,0,16,27,20.2667,18,379,1,18,0,0,0,0,0,0.226938,0,39,2577076
full2,0,3,parcprinter-08-strips/p07,gc3,0.691064,True,0.765114,False,True,35,15,429,0.526797,35,0,60,1,349188,49,49,21,0,30,48,20.0857,14,394,1,31,0,19,0,0,0,0.669703,0,44,5671545
full2,0,2,parcprinter-08-strips/p07,gc3_w20M,1.44751,True,1.51486,False,True,54,55,781,1.02248,54,0,60,1,698773,49,49,21,0,30,48,20.6481,33,727,1,31,0,0,0,0,0,1.43776,0,81,13170165
full2,0,2,parcprinter-08-strips/p09,gc3,0.557544,True,0.691487,False,True,44,15,555,0.484143,44,0,70,2,297407,59,59,27,0,22,62,19.8636,17,511,2,33,0,26,0,0,0,0.540007,0,66,5619582
full2,0,3,parcprinter-08-strips/p09,gc3_w20M,1.06153,True,1.18704,False,True,70,25,1117,0.971619,70,0,70,2,581301,59,59,27,0,22,62,20.6286,43,1047,2,33,0,0,0,0,0,1.03342,0,128,12269884
full2,0,2,parcprinter-08-strips/p10,gc3,0.970854,True,1.15815,False,True,57,15,819,0.529778,57,0,75,4,293976,64,64,30,0,30,69,19.8947,27,762,4,43,0,21,0,0,0,0.953879,0,98,6254581
full2,0,2,parcprinter-08-strips/p10,gc3_w20M,1.21991,True,1.37123,False,True,78,25,1263,0.824189,78,0,75,4,509174,64,64,30,0,30,69,20.4103,48,1185,4,43,0,0,0,0,0,1.2063,0,156,11131718
full2,0,1,parcprinter-08-strips/p14,gc3,0.556857,True,0.592489,False,True,22,35,264,0.567532,22,0,35,3,313863,39,39,12,0,2,50,20.7273,10,242,3,32,0,8,0,0,0,0.568907,0,4,5717859
full2,0,1,parcprinter-08-strips/p14,gc3_w20M,0.770361,True,0.804751,False,True,30,60,389,0.760325,30,0,35,3,458881,39,39,12,0,2,50,21.6333,18,359,3,32,0,0,0,0,0,0.761508,0,4,9105011
full2,0,2,parcprinter-08-strips/p20,gc3,0.544372,True,0.951231,False,True,37,45,357,0.47548,37,0,89,1,245418,77,77,31,0,10,126,20.973,6,320,1,80,0,44,0,0,0,0.485815,0,1,5267690
full2,0,2,parcprinter-08-strips/p20,gc3_w20M,1.88,True,2.26929,False,True,54,125,676,1.75416,54,0,89,1,996966,77,77,31,0,53,126,20.8333,23,622,1,37,0,27,0,0,0,1.8266,0,15,20004006
full2,0,3,parcprinter-08-strips/p28,gc3,1.21322,True,1.2883,False,True,48,22,699,0.48427,48,0,49,2,362662,56,56,24,0,32,34,15.8333,24,651,2,15,0,14,0,0,0,1.18617,0,102,5388817
full2,0,3,parcprinter-08-strips/p28,gc3_w20M,2.02964,True,2.10165,False,True,62,22,983,0.635632,62,0,49,2,450282,56,56,24,0,32,34,16.3226,38,921,2,15,0,0,0,0,0,2.00446,0,149,6981208
full2,0,2,pathways-noneg/p04,gc3,0.0133744,True,0.0696242,False,True,8,0,36,0.00392862,8,0,18,1,3297,28,64,4,0,2,77,12.375,4,28,1,17,0,0,0,0,0,0.00550625,0,1,33526
full2,0,2,pathways-noneg/p04,gc3_w20M,0.0129847,True,0.067201,False,True,8,0,36,0.00365716,8,0,18,1,3297,28,64,4,0,2,77,12.375,4,28,1,17,0,0,0,0,0,0.00516968,0,1,33526
full2,0,4,pathways-noneg/p10,gc3,1.01489,True,2.47946,False,True,31,28,161,0.849068,31,0,64,1,468964,74,155,14,0,20,229,14.7097,17,130,1,45,0,5,0,0,0,0.875266,0,4,5572365
full2,0,4,pathways-noneg/p10,gc3_w20M,1.21135,True,2.68517,False,True,36,38,196,1.04025,36,0,68,1,612664,74,155,14,0,25,225,14.9444,22,160,1,44,0,0,0,0,0,1.06156,0,5,7387231
full2,0,5,pathways-noneg/p14,gc3,45.121,True,47.3884,False,True,28,15,150,0.760125,28,0,78,1,250391,92,190,18,0,8,250,12.3929,10,122,1,71,0,21,0,0,0,0.793228,0,2,5222060
full2,23,,pathways-noneg/p14,gc3_w20M,,False,,False,,49,52,302,2.75384,49,0,105,2,818677,92,190,18,0,31,223,15.102,31,253,2,67,0,0,0,0,0,2.7931,0,7,16680823
full2,0,5,pathways-noneg/p25,gc3,3.08803,True,47.2394,False,True,68,10,386,0.821798,68,0,149,5,247338,171,324,33,0,24,509,12.7059,35,318,5,116,0,18,0,0,0,0.986903,0,10,5450202
full2,0,5,pathways-noneg/p25,gc3_w20M,3.58067,True,46.1915,False,True,86,20,521,1.30641,86,0,164,3,441248,171,324,33,0,54,494,13.4535,53,435,3,101,0,0,0,0,0,1.65164,0,17,8702684
full2,0,5,pathways-noneg/p26,gc3,2.9666,True,41.9936,False,True,44,15,206,0.741297,44,0,115,1,262769,176,336,34,0,10,570,11.2045,10,162,1,106,0,47,0,0,0,0.901251,0,1,5071913
full2,0,6,pathways-noneg/p26,gc3_w20M,7.01615,True,42.7711,False,True,91,30,562,1.98466,91,0,159,2,635557,176,336,34,0,60,526,14.1758,57,471,2,98,0,0,0,0,0,3.25657,0,22,14838623
full2,0,6,pathways-noneg/p28,gc3,4.34015,True,51.743,False,True,42,16,175,0.960516,42,0,120,0,291062,187,340,37,0,1,571,10.2857,5,133,0,120,0,59,0,0,0,1.1428,0,0,5666600
full2,0,5,pathways-noneg/p28,gc3_w20M,4.75212,True,48.7309,False,True,68,51,364,2.89217,68,0,150,2,932401,187,340,37,0,14,541,13.2647,31,296,2,135,0,33,0,0,0,3.0916,0,3,20083789
full2,0,7,pathways-noneg/p29,gc3,25.5734,True,51.4332,False,True,43,15,186,0.871462,43,0,112,1,156496,184,306,39,0,3,485,9.16279,4,143,1,110,0,64,0,0,0,0.975187,0,2,5434561
full2,0,7,pathways-noneg/p29,gc3_w20M,380.074,True,406.138,False,True,75,40,440,3.49832,75,0,156,4,646215,184,306,39,0,32,441,12.7067,36,365,4,116,0,32,0,0,0,3.61185,0,16,22544749
full2,0,5,pathways/p26,gc3,3.13943,True,19.5142,False,True,44,15,206,0.745419,44,0,115,1,262769,176,338,34,0,10,572,11.2045,10,162,1,106,0,47,0,0,0,0.930718,0,1,5071913
full2,0,6,pathways/p26,gc3_w20M,8.82808,True,23.816,False,True,91,30,562,2.11947,91,0,159,2,635557,176,338,34,0,60,528,14.1758,57,471,2,98,0,0,0,0,0,3.58315,0,22,14838623
full2,0,3,pegsol-08-strips/p22,gc3,0.783235,True,0.814159,False,True,33,24,171,0.707842,33,3,45,1,356441,33,34,33,0,35,32,11.6061,0,138,1,11,0,63,0,0,0,0.742318,0,14,5690892
full2,0,3,pegsol-08-strips/p22,gc3_w20M,2.80053,True,2.83089,False,True,35,82,235,2.58448,35,0,55,1,1318275,33,34,33,0,44,22,15.0286,2,200,1,12,0,58,0,0,0,2.77987,0,21,20311217
full2,0,2,pipesworld-notankage/p06-net1-b10-g6,gc3,3.75181,True,3.88832,False,True,6,30,25,1.96439,6,3,18,0,281343,70,70,6,0,1,350,36.6667,0,19,0,18,0,12,0,0,0,1.96929,0,0,12610136
full2,0,2,pipesworld-notankage/p06-net1-b10-g6,gc3_w20M,5.07866,True,5.22883,False,True,7,45,31,3.70834,7,0,21,0,462250,70,70,6,0,1,347,36.2857,1,24,0,21,0,8,0,0,0,3.7137,0,0,25459869
full2,0,4,pipesworld-notankage/p11-net2-b10-g2,gc3,29.7958,True,31.6679,False,True,2,16,10,1.54369,2,0,10,0,168951,93,172,2,0,1,790,49,0,8,0,10,0,1,0,0,0,1.60777,0,0,9573432
full2,0,4,pipesworld-notankage/p11-net2-b10-g2,gc3_w20M,32.174,True,33.9543,False,True,3,24,18,2.71584,3,0,15,2,276667,93,172,2,0,2,785,37.3333,1,15,2,13,0,0,0,0,0,2.77958,0,2,23135403
full2,0,2,psr-small/p06-s10-n1-l4-f50,gc3,0.00460245,True,0.0073175,False,True,6,0,48,0.000130214,6,0,6,1,66,6,6,3,0,6,4,6,3,42,1,1,0,0,0,0,0,0.00052103,0,6,355
full2,0,2,psr-small/p06-s10-n1-l4-f50,gc3_w20M,0.00528922,True,0.00742673,False,True,6,0,48,0.000123019,6,0,6,1,66,6,6,3,0,6,4,6,3,42,1,1,0,0,0,0,0,0.000528057,0,6,355
full2,0,2,psr-small/p11-s18-n2-l2-f50,gc3,0.0114268,True,0.0152456,False,True,12,0,192,0.0013971,12,0,15,1,1452,12,12,5,0,15,9,11.5,7,180,1,1,0,0,0,0,0,0.00628479,0,12,16408
full2,0,2,psr-small/p11-s18-n2-l2-f50,gc3_w20M,0.0115968,True,0.0153502,False,True,12,0,192,0.00131157,12,0,15,1,1452,12,12,5,0,15,9,11.5,7,180,1,1,0,0,0,0,0,0.00595133,0,12,16408
full2,0,4,psr-small/p12-s21-n2-l3-f30,gc3,0.0140006,True,0.0173341,False,True,14,0,179,0.00145514,14,0,11,1,1498,11,11,6,0,11,12,10.3571,8,165,1,1,0,0,0,0,0,0.00545539,0,33,15240
full2,0,4,psr-small/p12-s21-n2-l3-f30,gc3_w20M,0.014761,True,0.0183186,False,True,14,0,179,0.00147341,14,0,11,1,1498,11,11,6,0,11,12,10.3571,8,165,1,1,0,0,0,0,0,0.0057894,0,33,15240
full2,0,4,psr-small/p16-s29-n2-l5-f30,gc3,0.02381,True,0.0312174,False,True,2,0,50,0.00700584,2,0,20,1,5360,17,17,2,0,19,35,24.5,1,48,1,2,0,0,0,0,0,0.00885922,0,6,106850
full2,0,4,psr-small/p16-s29-n2-l5-f30,gc3_w20M,0.0239808,True,0.0313199,False,True,2,0,50,0.0068864,2,0,20,1,5360,17,17,2,0,19,35,24.5,1,48,1,2,0,0,0,0,0,0.00886734,0,6,106850
full2,0,2,psr-small/p23-s38-n3-l3-f50,gc3,0.00956963,True,0.014358,False,True,20,0,186,0.00267828,20,0,9,1,2195,17,17,8,0,7,25,14.15,12,166,1,3,0,0,0,0,0,0.0040108,0,11,28275
full2,0,2,psr-small/p23-s38-n3-l3-f50,gc3_w20M,0.00975326,True,0.0140747,False,True,20,0,186,0.0025563,20,0,9,1,2195,17,17,8,0,7,25,14.15,12,166,1,3,0,0,0,0,0,0.00381129,0,11,28275
full2,0,4,psr-small/p26-s41-n3-l4-f30,gc3,0.0166691,True,0.0205311,False,True,16,0,207,0.00213218,16,0,12,1,1853,14,14,7,0,12,14,12.375,9,191,1,1,0,0,0,0,0,0.00789446,0,35,21405
full2,0,4,psr-small/p26-s41-n3-l4-f30,gc3_w20M,0.0172165,True,0.0206467,False,True,16,0,207,0.00208704,16,0,12,1,1853,14,14,7,0,12,14,12.375,9,191,1,1,0,0,0,0,0,0.00807741,0,35,21405
full2,0,4,psr-small/p32-s50-n4-l2-f50,gc3,0.033905,True,0.0383553,False,True,18,0,334,0.0120892,18,0,19,1,5861,19,19,7,0,18,15,16.5556,11,316,1,2,0,0,0,0,0,0.0320904,0,40,101494
full2,0,4,psr-small/p32-s50-n4-l2-f50,gc3_w20M,0.0327055,True,0.0385888,False,True,18,0,334,0.00648572,18,0,19,1,5861,19,19,7,0,18,15,16.5556,11,316,1,2,0,0,0,0,0,0.0228515,0,40,101494
full2,0,2,psr-small/p33-s51-n4-l2-f70,gc3,0.0189519,True,0.0262657,False,True,2,0,42,0.00792004,2,0,18,1,5604,22,23,2,0,17,49,32.5,1,40,1,2,0,0,0,0,0,0.0087948,0,2,110841
full2,0,2,psr-small/p33-s51-n4-l2-f70,gc3_w20M,0.0180841,True,0.0261756,False,True,2,0,42,0.00752384,2,0,18,1,5604,22,23,2,0,17,49,32.5,1,40,1,2,0,0,0,0,0,0.00841887,0,2,110841
full2,0,2,psr-small/p34-s55-n4-l3-f70,gc3,0.0180744,True,0.0228316,False,True,18,0,294,0.00320515,18,0,17,1,3050,18,18,7,0,17,13,15.5556,11,276,1,1,0,0,0,0,0,0.0129533,0,16,44087
full2,0,2,psr-small/p34-s55-n4-l3-f70,gc3_w20M,0.0184563,True,0.0238487,False,True,18,0,294,0.00344103,18,0,17,1,3050,18,18,7,0,17,13,15.5556,11,276,1,1,0,0,0,0,0,0.0129113,0,16,44087
full2,0,2,psr-small/p45-s94-n4-l3-f50,gc3,0.0279762,True,0.0337336,False,True,21,0,321,0.00612138,21,0,15,1,5484,19,19,8,0,15,19,16.4286,13,300,1,1,0,0,0,0,0,0.0220826,0,18,83802
full2,0,2,psr-small/p45-s94-n4-l3-f50,gc3_w20M,0.0284966,True,0.0332621,False,True,21,0,321,0.00611378,21,0,15,1,5484,19,19,8,0,15,19,16.4286,13,300,1,1,0,0,0,0,0,0.022549,0,18,83802
full2,0,11,psr-small/p46-s97-n5-l2-f30,gc3,2.8937,True,2.90532,False,True,2,10,27,0.125237,2,0,14,1,99638,28,28,2,0,8,54,35.5,1,25,1,7,0,0,0,0,0,0.125844,0,5,1522403
full2,0,11,psr-small/p46-s97-n5-l2-f30,gc3_w20M,2.81462,True,2.82517,False,True,2,10,27,0.119878,2,0,14,1,99638,28,28,2,0,8,54,35.5,1,25,1,7,0,0,0,0,0,0.120542,0,5,1522403
full2,0,4,psr-small/p47-s98-n5-l2-f50,gc3,0.108006,True,0.115798,False,True,30,0,534,0.0560181,30,0,19,1,50592,24,24,11,0,19,30,20.7,19,504,1,1,0,0,0,0,0,0.0903719,0,60,895204
full2,0,4,psr-small/p47-s98-n5-l2-f50,gc3_w20M,0.109761,True,0.116326,False,True,30,0,534,0.0553842,30,0,19,1,50592,24,24,11,0,19,30,20.7,19,504,1,1,0,0,0,0,0,0.0914314,0,60,895204
full2,0,4,psr-small/p48-s101-n5-l3-f30,gc3,0.456917,True,0.487384,False,True,19,15,263,0.365771,19,3,32,1,289342,36,36,19,0,31,82,21.6316,0,244,1,2,0,38,0,0,0,0.378883,0,13,5024853
full2,0,4,psr-small/p48-s101-n5-l3-f30,gc3_w20M,1.77474,True,1.80633,False,True,26,70,476,1.63624,26,0,34,1,1213032,36,36,19,0,33,80,26.8846,7,450,1,2,0,28,0,0,0,1.69178,0,28,20961768
full2,0,11,psr-small/p49-s105-n6-l2-f30,gc3,6.88512,True,6.91331,False,True,21,27,257,0.416323,21,3,34,1,331256,40,40,21,0,34,93,13.5714,0,236,1,1,0,42,0,0,0,0.47633,0,52,5887971
full2,0,9,psr-small/p49-s105-n6-l2-f30,gc3_w20M,5.77722,True,5.80431,False,True,24,132,473,1.82622,24,0,39,1,1535502,40,40,21,0,39,88,28.875,3,449,1,1,0,36,0,0,0,2.16768,0,74,21025420
full2,0,2,psr-small/p50-s107-n6-l2-f70,gc3,0.0366712,True,0.0430732,False,True,27,0,465,0.0182753,27,0,19,1,13558,25,25,10,0,15,24,20.4815,17,438,1,5,0,0,0,0,0,0.0299779,0,22,261774
full2,0,2,psr-small/p50-s107-n6-l2-f70,gc3_w20M,0.0349144,True,0.041338,False,True,27,0,465,0.0170904,27,0,19,1,13558,25,25,10,0,15,24,20.4815,17,438,1,5,0,0,0,0,0,0.0286131,0,22,261774
full2,0,1,rovers/p05,gc3,0.00414365,True,0.0176669,False,True,6,0,18,9.7657e-05,6,0,10,0,53,10,11,4,0,1,1,3.66667,2,12,0,10,0,0,0,0,0,0.00014907,0,0,154
full2,0,1,rovers/p05,gc3_w20M,0.00414654,True,0.0161706,False,True,6,0,18,7.4059e-05,6,0,10,0,53,10,11,4,0,1,1,3.66667,2,12,0,10,0,0,0,0,0,0.00012144,0,0,154
full2,0,3,rovers/p27,gc3,0.146393,True,4.78364,False,True,42,0,136,0.0194867,42,0,36,0,5361,41,61,16,0,1,150,7.7381,26,94,0,36,0,0,0,0,0,0.0210564,0,0,162415
full2,0,3,rovers/p27,gc3_w20M,0.127496,True,4.18332,False,True,42,0,136,0.0177411,42,0,36,0,5361,41,61,16,0,1,150,7.7381,26,94,0,36,0,0,0,0,0,0.0192396,0,0,162415
full2,0,2,rovers/p28,gc3,0.13605,True,8.74645,False,True,36,0,116,0.0491519,36,0,32,0,9698,37,58,14,0,1,186,8.97222,22,80,0,32,0,0,0,0,0,0.050726,0,0,459139
full2,0,2,rovers/p28,gc3_w20M,0.12766,True,8.02008,False,True,36,0,116,0.0455166,36,0,32,0,9698,37,58,14,0,1,186,8.97222,22,80,0,32,0,0,0,0,0,0.0472901,0,0,459139
full2,0,2,rovers/p29,gc3,0.102328,True,16.3703,False,True,24,0,76,0.0448722,24,0,25,0,6613,29,65,10,0,1,242,9,14,52,0,25,0,0,0,0,0,0.0472144,0,0,384264
full2,0,2,rovers/p29,gc3_w20M,0.106717,True,16.6468,False,True,24,0,76,0.0464495,24,0,25,0,6613,29,65,10,0,1,242,9,14,52,0,25,0,0,0,0,0,0.0487452,0,0,384264
full2,0,3,rovers/p30,gc3,47.426,True,71.9085,False,True,51,0,166,0.134491,51,0,42,0,16529,48,77,19,0,1,317,9.84314,32,115,0,42,0,0,0,0,0,0.138149,0,0,1283845
full2,0,3,rovers/p30,gc3_w20M,44.5497,True,66.569,False,True,51,0,166,0.123107,51,0,42,0,16529,48,77,19,0,1,317,9.84314,32,115,0,42,0,0,0,0,0,0.126837,0,0,1283845
full2,0,3,rovers/p31,gc3,0.934911,True,17.0035,False,True,50,0,162,0.0843654,50,0,43,0,11044,48,82,19,0,1,292,8.62,31,112,0,43,0,0,0,0,0,0.0882058,0,0,674840
full2,0,3,rovers/p31,gc3_w20M,0.829629,True,15.0633,False,True,50,0,162,0.0779465,50,0,43,0,11044,48,82,19,0,1,292,8.62,31,112,0,43,0,0,0,0,0,0.0818584,0,0,674840
full2,23,,rovers/p37,gc3,,False,,False,,80,0,228,0.812323,80,0,94,0,36167,102,141,46,0,1,547,10.2875,34,148,0,94,0,52,0,0,0,0.831741,0,0,5042473
full2,23,,rovers/p37,gc3_w20M,,False,,False,,132,0,436,1.42514,132,0,96,0,62159,102,141,46,0,1,545,10.3712,86,304,0,96,0,0,0,0,0,1.44774,0,0,8588903
full2,0,1,satellite/p04-pfile4,gc3,0.00618323,True,0.017784,False,True,15,0,53,0.000387221,15,0,11,0,270,15,15,7,0,1,14,7.93333,8,38,0,11,0,0,0,0,0,0.000471343,0,0,1154
full2,0,1,satellite/p04-pfile4,gc3_w20M,0.00455424,True,0.0145551,False,True,15,0,53,0.000394888,15,0,11,0,270,15,15,7,0,1,14,7.93333,8,38,0,11,0,0,0,0,0,0.000474229,0,0,1154
full2,0,1,satellite/p22-HC-pfile2,gc3,0.029762,True,9.80097,False,True,120,0,437,0.0200814,120,0,49,0,20618,68,68,43,0,1,256,18.4917,77,317,0,49,0,0,0,0,0,0.0225851,0,0,136048
full2,0,1,satellite/p22-HC-pfile2,gc3_w20M,0.0331802,True,8.02806,False,True,120,0,437,0.0234757,120,0,49,0,20618,68,68,43,0,1,256,18.4917,77,317,0,49,0,0,0,0,0,0.025895,0,0,136048
full2,0,1,satellite/p23-HC-pfile3,gc3,0.143952,True,21.8378,False,True,132,0,481,0.123855,132,0,53,0,88814,90,90,47,0,1,521,29.8939,85,349,0,53,0,0,0,0,0,0.133499,0,0,702944
full2,0,1,satellite/p23-HC-pfile3,gc3_w20M,0.126812,True,15.409,False,True,132,0,481,0.107939,132,0,53,0,88814,90,90,47,0,1,521,29.8939,85,349,0,53,0,0,0,0,0,0.117294,0,0,702944
full2,0,1,satellite/p24-HC-pfile4,gc3,0.169647,True,34.6395,False,True,189,0,690,0.144201,189,0,68,0,106866,103,103,66,0,1,745,31.9206,123,501,0,68,0,0,0,0,0,0.156814,0,0,793020
full2,0,1,satellite/p24-HC-pfile4,gc3_w20M,0.167228,True,36.0197,False,True,189,0,690,0.141496,189,0,68,0,106866,103,103,66,0,1,745,31.9206,123,501,0,68,0,0,0,0,0,0.156364,0,0,793020
full2,0,1,satellite/p25-HC-pfile5,gc3,0.216467,True,53.1605,False,True,174,0,636,0.185919,174,0,62,0,138379,102,102,60,0,1,849,38.931,114,462,0,62,0,0,0,0,0,0.202023,0,0,1074348
full2,0,1,satellite/p25-HC-pfile5,gc3_w20M,0.229426,True,53.4911,False,True,174,0,636,0.199993,174,0,62,0,138379,102,102,60,0,1,849,38.931,114,462,0,62,0,0,0,0,0,0.215293,0,0,1074348
full2,0,1,satellite/p26-HC-pfile6,gc3,0.179308,True,66.5314,False,True,180,0,656,0.151492,180,0,68,0,114877,112,112,64,0,1,693,30.2611,116,476,0,68,0,0,0,0,0,0.166306,0,0,894578
full2,0,1,satellite/p26-HC-pfile6,gc3_w20M,0.19745,True,65.45,False,True,180,0,656,0.169828,180,0,68,0,114877,112,112,64,0,1,693,30.2611,116,476,0,68,0,0,0,0,0,0.1853,0,0,894578
full2,0,1,scanalyzer-08-strips/p04,gc3,1.32153,True,1.40024,False,True,37,0,84,0.071509,37,0,26,0,17902,16,16,16,0,1,870,11.0811,29,47,0,26,0,0,0,0,0,0.0734016,0,0,641359
full2,0,1,scanalyzer-08-strips/p04,gc3_w20M,1.40035,True,1.48646,False,True,37,0,84,0.072196,37,0,26,0,17902,16,16,16,0,1,870,11.0811,29,47,0,26,0,0,0,0,0,0.0739233,0,0,641359
full2,0,2,scanalyzer-08-strips/p05,gc3,5.73461,True,5.79205,False,True,26,6,100,0.564169,26,0,27,0,179911,16,16,16,0,1,869,11.2308,18,74,0,27,0,11,0,0,0,0.566066,0,0,7649499
full2,0,2,scanalyzer-08-strips/p05,gc3_w20M,11.4151,True,11.4762,False,True,34,24,140,1.4653,34,0,49,0,495853,16,16,16,0,1,847,10.2353,26,106,0,49,0,3,0,0,0,1.4674,0,0,20729440
full2,0,1,scanalyzer-08-strips/p07,gc3,6.99937,True,7.30972,False,True,34,3,76,0.463252,34,0,24,0,111653,20,20,20,0,1,2226,13.9706,24,42,0,24,0,13,0,0,0,0.470306,0,0,5053109
full2,0,1,scanalyzer-08-strips/p07,gc3_w20M,7.9303,True,8.29016,False,True,47,3,108,0.68638,47,0,38,0,143399,20,20,20,0,1,2212,13.4255,37,61,0,38,0,0,0,0,0,0.695014,0,0,6547892
full2,0,2,scanalyzer-08-strips/p11,gc3,76.947,True,78.1547,False,True,12,17,34,1.55938,12,3,32,0,336914,24,24,24,0,1,4720,21.9167,0,22,0,32,0,48,0,0,0,1.58979,0,0,10162660
full2,0,2,scanalyzer-08-strips/p11,gc3_w20M,80.3652,True,81.1807,False,True,17,37,54,2.85391,17,0,32,0,685506,24,24,24,0,1,4720,16.9412,5,37,0,32,0,40,0,0,0,2.88154,0,0,22352921
full2,0,3,schedule/probschedule-10-2,gc3,1.10718,True,1.34117,False,True,27,126,47,1.05796,27,0,11,1,466056,84,99,10,0,2,170,50.7407,17,20,1,10,0,0,0,0,0,1.06063,0,1,3878302
full2,0,3,schedule/probschedule-10-2,gc3_w20M,1.12553,True,1.35211,False,True,27,126,47,1.07477,27,0,11,1,466056,84,99,10,0,2,170,50.7407,17,20,1,10,0,0,0,0,0,1.07759,0,1,3878302
full2,0,3,schedule/probschedule-12-2,gc3,0.509131,True,0.9493,False,True,33,182,54,0.439446,33,0,13,0,294769,110,117,12,0,1,204,56.3333,21,21,0,13,0,0,0,0,0,0.442909,0,0,748248
full2,0,3,schedule/probschedule-12-2,gc3_w20M,0.51497,True,1.01,False,True,33,182,54,0.448857,33,0,13,0,294769,110,117,12,0,1,204,56.3333,21,21,0,13,0,0,0,0,0,0.452456,0,0,748248
full2,0,2,schedule/probschedule-13-0,gc3,1.29603,True,1.90755,False,True,36,203,62,1.19315,36,0,15,1,534370,114,126,13,0,2,220,54.2778,23,26,1,14,0,0,0,0,0,1.19707,0,1,3662793
full2,0,2,schedule/probschedule-13-0,gc3_w20M,1.26105,True,1.88865,False,True,36,203,62,1.17531,36,0,15,1,534370,114,126,13,0,2,220,54.2778,23,26,1,14,0,0,0,0,0,1.18015,0,1,3662793
full2,0,1,schedule/probschedule-3-0,gc3,0.00981807,True,0.0231948,False,True,6,0,10,0.00411635,6,0,5,0,3857,36,36,3,0,1,50,32.5,3,4,0,5,0,0,0,0,0,0.00444065,0,0,19482
full2,0,1,schedule/probschedule-3-0,gc3_w20M,0.0100265,True,0.0238036,False,True,6,0,10,0.00408288,6,0,5,0,3857,36,36,3,0,1,50,32.5,3,4,0,5,0,0,0,0,0,0.00440767,0,0,19482
full2,0,1,schedule/probschedule-3-2,gc3,0.00967484,True,0.0224731,False,True,6,0,10,0.00431076,6,0,5,0,3736,36,36,3,0,1,50,29.5,3,4,0,5,0,0,0,0,0,0.00458757,0,0,20809
full2,0,1,schedule/probschedule-3-2,gc3_w20M,0.0102171,True,0.0234287,False,True,6,0,10,0.00417063,6,0,5,0,3736,36,36,3,0,1,50,29.5,3,4,0,5,0,0,0,0,0,0.00443346,0,0,20809
full2,0,1,schedule/probschedule-4-0,gc3,0.012718,True,0.0303997,False,True,9,0,15,0.00620549,9,0,7,0,5087,45,45,4,0,1,66,32.8889,5,6,0,7,0,0,0,0,0,0.00657218,0,0,23240
full2,0,1,schedule/probschedule-4-0,gc3_w20M,0.0131973,True,0.0331369,False,True,9,0,15,0.00625669,9,0,7,0,5087,45,45,4,0,1,66,32.8889,5,6,0,7,0,0,0,0,0,0.00668509,0,0,23240
full2,0,1,schedule/probschedule-4-2,gc3,0.0134257,True,0.0300239,False,True,9,0,15,0.00562328,9,0,5,0,4354,45,45,4,0,1,68,32.5556,5,6,0,5,0,0,0,0,0,0.00605192,0,0,20500
full2,0,1,schedule/probschedule-4-2,gc3_w20M,0.0127556,True,0.0271646,False,True,9,0,15,0.00538896,9,0,5,0,4354,45,45,4,0,1,68,32.5556,5,6,0,5,0,0,0,0,0,0.00574672,0,0,20500
full2,0,1,schedule/probschedule-5-0,gc3,0.041581,True,0.0799219,False,True,12,0,19,0.0346602,12,0,5,0,24255,54,54,5,0,1,86,44.25,7,7,0,5,0,0,0,0,0,0.0352947,0,0,106591
full2,0,1,schedule/probschedule-5-0,gc3_w20M,0.0381414,True,0.0775169,False,True,12,0,19,0.0308257,12,0,5,0,24255,54,54,5,0,1,86,44.25,7,7,0,5,0,0,0,0,0,0.0314001,0,0,106591
full2,0,2,schedule/probschedule-5-1,gc3,0.023196,True,0.0643011,False,True,12,0,19,0.00957218,12,0,7,0,9751,54,54,5,0,1,84,44.25,7,7,0,7,0,0,0,0,0,0.010242,0,0,18458
full2,0,2,schedule/probschedule-5-1,gc3_w20M,0.0226253,True,0.0614337,False,True,12,0,19,0.00937278,12,0,7,0,9751,54,54,5,0,1,84,44.25,7,7,0,7,0,0,0,0,0,0.0100144,0,0,18458
full2,0,2,schedule/probschedule-5-2,gc3,0.0611684,True,0.0985517,False,True,12,0,21,0.0446259,12,0,7,1,34523,54,54,5,0,2,84,44.25,7,9,1,6,0,0,0,0,0,0.0453309,0,1,160217
full2,0,2,schedule/probschedule-5-2,gc3_w20M,0.0670134,True,0.109836,False,True,12,0,21,0.0504926,12,0,7,1,34523,54,54,5,0,2,84,44.25,7,9,1,6,0,0,0,0,0,0.051229,0,1,160217
full2,0,2,storage/p04,gc3,0.00879766,True,0.0121454,False,True,3,0,16,0.000301073,3,0,8,1,98,12,12,2,0,4,30,11.3333,1,13,1,5,0,0,0,0,0,0.000535318,0,1,1402
full2,0,2,storage/p04,gc3_w20M,0.00807843,True,0.0121537,False,True,3,0,16,0.000287313,3,0,8,1,98,12,12,2,0,4,30,11.3333,1,13,1,5,0,0,0,0,0,0.000488709,0,1,1402
full2,0,3,storage/p07,gc3,0.0732939,True,0.0791785,False,True,6,0,48,0.00144651,6,0,13,1,643,17,17,3,0,6,63,15.5,3,42,1,8,0,0,0,0,0,0.00186059,0,3,12957
full2,0,3,storage/p07,gc3_w20M,0.0781544,True,0.0850705,False,True,6,0,48,0.00148619,6,0,13,1,643,17,17,3,0,6,63,15.5,3,42,1,8,0,0,0,0,0,0.00195137,0,3,12957
full2,0,4,storage/p11,gc3,4.43483,True,4.46664,False,True,9,0,47,0.0142258,9,0,13,1,5011,24,24,4,0,8,239,21.5556,5,38,1,6,0,0,0,0,0,0.01597,0,5,217871
full2,0,4,storage/p11,gc3_w20M,4.39912,True,4.44089,False,True,9,0,47,0.0173406,9,0,13,1,5011,24,24,4,0,8,239,21.5556,5,38,1,6,0,0,0,0,0,0.01917,0,5,217871
full2,0,4,storage/p12,gc3,30.4849,True,30.5517,False,True,9,0,47,0.0561302,9,0,13,1,14163,26,26,4,0,8,365,23.5556,5,38,1,6,0,0,0,0,0,0.0591924,0,5,807184
full2,0,4,storage/p12,gc3_w20M,31.8571,True,31.9265,False,True,9,0,47,0.0496966,9,0,13,1,14163,26,26,4,0,8,365,23.5556,5,38,1,6,0,0,0,0,0,0.0517812,0,5,807184
full2,0,6,storage/p13,gc3,9.32784,True,9.34866,False,True,12,0,68,0.0136015,12,0,16,1,6804,27,27,5,0,5,166,23.5833,7,56,1,12,0,0,0,0,0,0.014632,0,1,139745
full2,0,6,storage/p13,gc3_w20M,8.01652,True,8.03445,False,True,12,0,68,0.0111456,12,0,16,1,6804,27,27,5,0,5,166,23.5833,7,56,1,12,0,0,0,0,0,0.0120068,0,1,139745
full2,0,3,storage/p14,gc3,4.57787,True,4.6427,False,True,12,0,76,0.0280026,12,0,16,0,11052,29,29,5,0,1,348,25.5833,7,64,0,16,0,0,0,0,0,0.0307867,0,0,352126
full2,0,3,storage/p14,gc3_w20M,5.44235,True,5.52954,False,True,12,0,76,0.0376282,12,0,16,0,11052,29,29,5,0,1,348,25.5833,7,64,0,16,0,0,0,0,0,0.0406667,0,0,352126
full2,0,3,storage/p15,gc3,20.397,True,20.5176,False,True,12,0,56,0.106695,12,0,15,1,37310,31,31,5,0,3,531,27.5833,7,44,1,13,0,0,0,0,0,0.111603,0,1,1387456
full2,0,3,storage/p15,gc3_w20M,22.022,True,22.1665,False,True,12,0,56,0.132119,12,0,15,1,37310,31,31,5,0,3,531,27.5833,7,44,1,13,0,0,0,0,0,0.13739,0,1,1387456
full2,22,,tetris-sat14-strips/p032,gc3,,False,,False,,,,,,,,,,,,,,,,,,,,,,,,,,,,,,
full2,22,,tetris-sat14-strips/p032,gc3_w20M,,False,,False,,,,,,,,,,,,,,,,,,,,,,,,,,,,,,
full2,22,,tetris-sat14-strips/p033,gc3,,False,,False,,,,,,,,,,,,,,,,,,,,,,,,,,,,,,
full2,22,,tetris-sat14-strips/p033,gc3_w20M,,False,,False,,,,,,,,,,,,,,,,,,,,,,,,,,,,,,
full2,0,4,thoughtful-sat14-strips/bootstrap-typed-04,gc3,37.6918,True,39.8583,False,True,4,12,19,0.912258,4,2,18,0,121665,50,118,4,0,1,839,23.25,0,15,0,18,0,7,0,0,0,0.980313,0,0,7859373
full2,0,4,thoughtful-sat14-strips/bootstrap-typed-04,gc3_w20M,40.1418,True,42.19,False,True,5,30,31,2.46091,5,0,26,0,358911,58,118,4,0,1,831,30.8,1,26,0,26,0,4,0,0,0,2.52185,0,0,20979332
full2,0,2,tpp/p07,gc3,0.00625715,True,0.033859,False,True,7,0,30,0.000140473,7,0,21,3,90,29,37,7,0,3,17,4.14286,0,23,3,15,0,0,0,0,0,0.000489255,0,3,345
full2,0,2,tpp/p07,gc3_w20M,0.00628749,True,0.0363945,False,True,7,0,30,0.000146603,7,0,21,3,90,29,37,7,0,3,17,4.14286,0,23,3,15,0,0,0,0,0,0.000509197,0,3,345
full2,0,2,tpp/p19,gc3,0.0990223,True,22.3695,False,True,14,0,93,0.0336111,14,0,42,10,24427,120,156,14,0,3,244,8.57143,0,79,10,22,0,0,0,0,0,0.0471256,0,17,356491
full2,0,2,tpp/p19,gc3_w20M,0.0941114,True,19.0694,False,True,14,0,93,0.0334416,14,0,42,10,24427,120,156,14,0,3,244,8.57143,0,79,10,22,0,0,0,0,0,0.044407,0,17,356491
full2,0,2,tpp/p21,gc3,0.325519,True,27.5199,False,True,11,12,93,0.263154,11,0,30,8,198403,102,139,11,0,3,253,9.27273,0,58,8,14,0,0,0,0,0,0.274107,0,13,2908017
full2,0,2,tpp/p21,gc3_w20M,0.357936,True,27.5957,False,True,11,12,93,0.289487,11,0,30,8,198403,102,139,11,0,3,253,9.27273,0,58,8,14,0,0,0,0,0,0.300824,0,13,2908017
full2,0,2,tpp/p22,gc3,0.20503,True,35.8429,False,True,12,4,76,0.138904,12,0,35,5,91130,116,152,12,0,3,275,9.66667,0,56,5,25,0,0,0,0,0,0.152136,0,11,1379323
full2,0,2,tpp/p22,gc3_w20M,0.19222,True,35.4223,False,True,12,4,76,0.128797,12,0,35,5,91130,116,152,12,0,3,275,9.66667,0,56,5,25,0,0,0,0,0,0.143606,0,11,1379323
full2,0,2,tpp/p23,gc3,0.34441,True,44.3035,False,True,13,8,95,0.258587,13,0,37,8,155331,123,163,13,0,3,293,9.46154,0,66,8,21,0,0,0,0,0,0.277624,0,14,2326201
full2,0,2,tpp/p23,gc3_w20M,0.300127,True,48.2877,False,True,13,8,95,0.223257,13,0,37,8,155331,123,163,13,0,3,293,9.46154,0,66,8,21,0,0,0,0,0,0.247048,0,14,2326201
full2,0,2,tpp/p24,gc3,0.21551,True,56.0348,False,True,14,4,100,0.116569,14,0,41,11,84659,134,174,14,0,3,309,9.57143,0,78,11,19,0,0,0,0,0,0.137021,0,17,1256495
full2,0,2,tpp/p24,gc3_w20M,0.238791,True,59.2297,False,True,14,4,100,0.124854,14,0,41,11,84659,134,174,14,0,3,309,9.57143,0,78,11,19,0,0,0,0,0,0.1642,0,17,1256495
full2,0,1,transport-opt08-strips/p04,gc3,0.0172268,True,0.033138,False,True,12,0,120,0.012544,12,0,10,0,12084,7,7,5,0,1,10,7,7,108,0,10,0,0,0,0,0,0.0126668,0,0,190338
full2,0,1,transport-opt08-strips/p04,gc3_w20M,0.0183118,True,0.0350235,False,True,12,0,120,0.0139321,12,0,10,0,12084,7,7,5,0,1,10,7,7,108,0,10,0,0,0,0,0,0.0140551,0,0,190338
full2,0,1,transport-opt08-strips/p07,gc3,0.508082,True,0.640216,False,True,8,24,40,0.504539,8,2,16,0,391455,11,11,8,0,1,32,5.5,0,32,0,16,0,15,0,0,0,0.504718,0,0,5652518
full2,0,1,transport-opt08-strips/p07,gc3_w20M,1.75149,True,1.89593,False,True,21,71,126,1.75086,21,0,16,0,1358062,11,11,8,0,1,32,6,13,105,0,16,0,0,0,0,0,1.75104,0,0,18624723
full2,0,1,transport-opt08-strips/p10,gc3,0.562822,True,1.00133,False,True,11,28,50,0.55783,11,3,22,0,317027,14,14,11,0,1,44,5.27273,0,39,0,22,0,22,0,0,0,0.558079,0,0,5801956
full2,0,1,transport-opt08-strips/p10,gc3_w20M,1.96732,True,2.35974,False,True,25,100,150,1.96697,25,0,22,0,1132824,14,14,11,0,1,44,6,14,125,0,22,0,5,0,0,0,1.96728,0,0,20032790
full2,0,1,transport-opt08-strips/p14,gc3,0.0174466,True,0.038168,False,True,12,0,120,0.0129757,12,0,10,0,12084,7,7,5,0,1,10,7,7,108,0,10,0,0,0,0,0,0.0130898,0,0,190338
full2,0,1,transport-opt08-strips/p14,gc3_w20M,0.0185031,True,0.0404406,False,True,12,0,120,0.0138534,12,0,10,0,12084,7,7,5,0,1,10,7,7,108,0,10,0,0,0,0,0,0.0139665,0,0,190338
full2,0,1,transport-opt08-strips/p20,gc3,0.508875,True,1.1318,False,True,11,24,46,0.503493,11,3,22,0,282691,14,14,11,0,1,44,5.09091,0,35,0,22,0,22,0,0,0,0.503763,0,0,5372534
full2,0,1,transport-opt08-strips/p20,gc3_w20M,2.07209,True,2.63758,False,True,24,96,144,2.08037,24,0,22,0,1130625,14,14,11,0,1,44,6,13,120,0,22,0,6,0,0,0,2.08064,0,0,20738404
full2,0,1,transport-opt08-strips/p28,gc3,0.460618,True,0.668942,False,True,9,15,38,0.45596,9,3,18,0,331064,12,12,9,0,1,36,5.11111,0,29,0,18,0,18,0,0,0,0.456158,0,0,5101728
full2,0,1,transport-opt08-strips/p28,gc3_w20M,2.04991,True,2.26477,False,True,21,63,126,2.05688,21,0,18,0,1382925,12,12,9,0,1,36,6,12,105,0,18,0,3,0,0,0,2.05707,0,0,20375782
full2,0,1,transport-sat08-strips/p05,gc3,0.515355,True,0.76726,False,True,10,15,40,0.510923,10,3,20,0,331686,13,13,10,0,1,40,5,0,30,0,20,0,20,0,0,0,0.511132,0,0,5327049
full2,0,1,transport-sat08-strips/p05,gc3_w20M,2.01659,True,2.25355,False,True,22,78,132,2.02345,22,0,20,0,1227820,13,13,10,0,1,40,6,12,110,0,20,0,5,0,0,0,2.02368,0,0,20213743
full2,0,1,transport-sat08-strips/p09,gc3,0.661662,True,5.44032,False,True,18,15,48,0.652581,18,3,36,0,233046,22,22,18,0,1,108,5.33333,0,30,0,36,0,36,0,0,0,0.653263,0,0,5487545
full2,0,1,transport-sat08-strips/p09,gc3_w20M,2.54,True,7.05633,False,True,18,55,80,2.5415,18,3,36,0,852478,22,22,18,0,1,108,6.22222,0,62,0,36,0,36,0,0,0,2.54214,0,0,20089590
full2,0,1,transport-sat08-strips/p26,gc3,0.663788,True,1.87787,False,True,12,20,34,0.655907,12,3,24,0,310221,16,16,12,0,1,72,5.41667,0,22,0,24,0,24,0,0,0,0.656244,0,0,6177515
full2,0,1,transport-sat08-strips/p26,gc3_w20M,2.06164,True,3.36066,False,True,17,68,70,2.05758,17,0,24,0,1047214,16,16,12,0,1,72,6.05882,5,53,0,24,0,16,0,0,0,2.05808,0,0,20419982
full2,0,1,transport-sat11-strips/p06,gc3,0.630383,True,4.05579,False,True,16,12,44,0.621012,16,3,32,0,239130,20,20,16,0,1,96,5.375,0,28,0,32,0,32,0,0,0,0.621589,0,0,5536255
full2,0,1,transport-sat11-strips/p06,gc3_w20M,2.7211,True,6.82197,False,True,16,48,80,2.71642,16,3,32,0,944318,20,20,16,0,1,96,6.5,0,64,0,32,0,32,0,0,0,2.71706,0,0,21577518
full2,0,1,transport-sat14-strips/p17,gc3,0.818139,True,70.6932,False,True,25,10,54,0.788543,25,3,50,0,167803,30,30,25,0,1,200,6.08,0,29,0,50,0,50,0,0,0,0.79055,0,0,5151420
full2,0,1,transport-sat14-strips/p17,gc3_w20M,3.17939,True,70.3763,False,True,25,40,66,3.17075,25,3,50,0,664903,30,30,25,0,1,200,6.32,0,41,0,50,0,50,0,0,0,3.17266,0,0,20459132
full2,0,4,trucks-strips/p01,gc3,0.0614216,True,0.0662041,False,True,6,0,41,0.00432872,6,0,14,1,6068,10,10,3,0,11,32,7,3,35,1,4,0,0,0,0,0,0.0051094,0,8,65611
full2,0,4,trucks-strips/p01,gc3_w20M,0.0717218,True,0.0768886,False,True,6,0,41,0.00510548,6,0,14,1,6068,10,10,3,0,11,32,7,3,35,1,4,0,0,0,0,0,0.0060091,0,8,65611
full2,0,6,trucks-strips/p04,gc3,2.55406,True,2.57188,False,True,15,0,106,0.0530149,15,0,25,1,48770,16,16,6,0,14,61,7.2,9,91,1,12,0,0,0,0,0,0.0623917,0,19,1171392
full2,0,6,trucks-strips/p04,gc3_w20M,2.47117,True,2.48677,False,True,15,0,106,0.0532685,15,0,25,1,48770,16,16,6,0,14,61,7.2,9,91,1,12,0,0,0,0,0,0.0621117,0,19,1171392
full2,0,6,trucks-strips/p05,gc3,4.2046,True,4.23357,False,True,15,14,98,0.312898,15,0,28,1,290112,17,17,7,0,13,71,7.8,8,83,1,16,0,3,0,0,0,0.314559,0,14,6046769
full2,0,6,trucks-strips/p05,gc3_w20M,3.97057,True,3.99912,False,True,18,17,124,0.406683,18,0,30,1,365577,17,17,7,0,16,69,7.88889,11,106,1,15,0,0,0,0,0,0.410331,0,19,7664975
full2,0,8,trucks-strips/p06,gc3,17.1976,True,17.2287,False,True,11,20,62,0.305443,11,0,29,1,322243,18,18,8,0,9,84,7.36364,3,51,1,21,0,10,0,0,0,0.306359,0,9,6807959
full2,0,8,trucks-strips/p06,gc3_w20M,19.7281,True,19.7606,False,True,20,48,143,1.05151,20,0,29,1,973766,18,18,8,0,19,84,7.25,12,123,1,11,0,1,0,0,0,1.21787,0,27,21456560
full2,0,5,trucks-strips/p07,gc3,1.65742,True,1.68246,False,True,15,0,107,0.0905472,15,0,29,1,57829,17,17,6,0,29,135,8.2,9,92,1,1,0,0,0,0,0,0.111416,0,20,1390373
full2,0,5,trucks-strips/p07,gc3_w20M,1.77181,True,1.79942,False,True,15,0,107,0.104673,15,0,29,1,57829,17,17,6,0,29,135,8.2,9,92,1,1,0,0,0,0,0,0.12983,0,20,1390373
full2,0,7,trucks-strips/p08,gc3,35.0923,True,35.1414,False,True,13,18,65,0.272634,13,0,27,1,200110,19,19,7,0,13,157,7.46154,6,52,1,15,0,5,0,0,0,0.273897,0,7,5588665
full2,0,7,trucks-strips/p08,gc3_w20M,30.3151,True,30.3618,False,True,18,33,91,0.425611,18,0,29,1,331512,19,19,7,0,19,155,7.61111,11,73,1,11,0,0,0,0,0,0.427541,0,8,9577199
full2,0,2,visitall-opt11-strips/problem02-full,gc3,0.00396749,True,0.00546133,False,True,6,0,11,5.1278e-05,6,0,3,1,23,4,4,3,0,2,1,2.5,3,5,1,2,0,0,0,0,0,0.00016205,0,1,49
full2,0,2,visitall-opt11-strips/problem02-full,gc3_w20M,0.00377956,True,0.0065608,False,True,6,0,11,5.1632e-05,6,0,3,1,23,4,4,3,0,2,1,2.5,3,5,1,2,0,0,0,0,0,0.000159008,0,1,49
full2,0,3,visitall-opt11-strips/problem03-full,gc3,0.00804493,True,0.0103338,False,True,21,0,57,0.000222544,21,0,9,1,267,9,9,8,0,7,0,2.61905,13,36,1,3,0,0,0,0,0,0.00052416,0,6,804
full2,0,3,visitall-opt11-strips/problem03-full,gc3_w20M,0.00856846,True,0.0115801,False,True,21,0,57,0.000261709,21,0,9,1,267,9,9,8,0,7,0,2.61905,13,36,1,3,0,0,0,0,0,0.000588993,0,6,804
full2,0,2,woodworking-opt08-strips/p10,gc3,1.61243,True,6.60294,False,True,39,20,84,1.011,39,3,43,0,257646,135,135,40,0,1,785,32.2308,0,45,0,43,0,52,0,0,0,1.04099,0,0,6810098
full2,0,2,woodworking-opt08-strips/p10,gc3_w20M,4.12688,True,9.60106,False,True,39,67,100,3.40566,39,3,43,0,820248,135,135,40,0,1,785,32.4359,0,61,0,43,0,52,0,0,0,3.44207,0,0,21004805
full2,0,1,woodworking-opt08-strips/p17,gc3,0.841946,True,2.16591,False,True,30,20,72,0.801012,30,3,31,0,296241,93,93,30,0,1,400,19.7667,0,42,0,31,0,41,0,0,0,0.809207,0,0,5960748
full2,0,1,woodworking-opt08-strips/p17,gc3_w20M,3.15678,True,4.45325,False,True,30,95,90,3.13732,30,3,33,0,1143645,93,93,30,0,1,398,21.0333,0,60,0,33,0,41,0,0,0,3.14478,0,0,21174090
full2,0,2,woodworking-opt08-strips/p18,gc3,1.1369,True,3.15865,False,True,32,20,77,0.882822,32,3,36,0,301051,104,104,32,0,1,466,22.9688,0,45,0,36,0,42,0,0,0,0.895369,0,0,5885967
full2,0,2,woodworking-opt08-strips/p18,gc3_w20M,3.05973,True,4.94544,False,True,32,97,97,2.8402,32,3,36,0,1152381,104,104,32,0,1,466,24.0938,0,65,0,36,0,42,0,0,0,2.85072,0,0,20734256
full2,0,1,woodworking-opt08-strips/p19,gc3,0.941609,True,5.7179,False,True,32,20,66,0.876793,32,3,28,0,294829,115,115,32,0,1,523,23.1562,0,34,0,28,0,41,0,0,0,0.89353,0,0,6101320
full2,0,1,woodworking-opt08-strips/p19,gc3_w20M,3.06476,True,7.59507,False,True,32,82,88,2.94686,32,3,30,0,1031637,115,115,32,0,1,521,23.9062,0,56,0,30,0,41,0,0,0,2.95969,0,0,20385838
full2,0,1,woodworking-opt08-strips/p20,gc3,0.939214,True,8.40699,False,True,42,18,95,0.82265,42,3,43,0,197402,138,138,42,0,1,780,31,0,53,0,43,0,56,0,0,0,0.854309,0,0,5524894
full2,0,1,woodworking-opt08-strips/p20,gc3_w20M,3.21543,True,10.4903,False,True,42,70,113,3.13736,42,3,43,0,719658,138,138,42,0,1,780,31.4286,0,71,0,43,0,56,0,0,0,3.17182,0,0,21387500
full2,0,1,woodworking-opt08-strips/p21,gc3,0.00649662,True,0.0173277,False,True,19,0,71,0.00107284,19,0,6,0,791,19,21,9,0,1,28,7.73684,10,52,0,6,0,0,0,0,0,0.00123323,0,0,4389
full2,0,1,woodworking-opt08-strips/p21,gc3_w20M,0.00578697,True,0.0163553,False,True,19,0,71,0.00101344,19,0,6,0,791,19,21,9,0,1,28,7.73684,10,52,0,6,0,0,0,0,0,0.00113634,0,0,4389
full2,0,1,woodworking-sat08-strips/p27,gc3,1.25808,True,50.2633,False,True,61,26,125,1.08756,61,3,61,0,375802,249,249,61,0,1,944,18.7541,0,64,0,61,0,96,0,0,0,1.17189,0,0,6289383
full2,0,1,woodworking-sat08-strips/p27,gc3_w20M,3.73579,True,51.4436,False,True,73,90,182,3.5719,73,0,58,0,1227322,249,249,61,0,1,947,22.5205,12,109,0,58,0,81,0,0,0,3.66412,0,0,20566034
full2,0,2,woodworking-sat11-strips/p06,gc3,7.70916,True,316.767,False,True,103,183,212,3.21132,103,3,111,1,512212,355,393,103,0,2,2731,29.3107,0,109,1,110,0,173,0,0,0,3.58105,0,1,14311011
full2,0,1,woodworking-sat11-strips/p06,gc3_w20M,4.67759,True,280.405,False,True,103,212,226,3.82355,103,3,111,1,938201,355,393,103,0,2,2725,32.6699,0,123,1,110,0,173,0,0,0,4.01806,0,1,28940972
full2,0,1,woodworking-sat11-strips/p11,gc3,3.83265,True,400.456,False,True,105,70,214,2.96205,105,3,111,0,508384,403,403,105,0,1,1901,20.1619,0,104,0,111,0,171,0,0,0,3.39465,0,0,12366002
full2,0,1,woodworking-sat11-strips/p11,gc3_w20M,3.49881,True,283.033,False,True,105,102,243,2.89778,105,3,121,0,999582,403,403,105,0,1,1891,22.2952,0,133,0,121,0,171,0,0,0,3.1113,0,0,25633292
full2,0,,zenotravel/pfile11,gc3,,True,0.0291404,True,True,,,,,,,,,,,,,,,,,,,,,,,,,,,,,
full2,0,,zenotravel/pfile11,gc3_w20M,,True,0.0282927,True,True,,,,,,,,,,,,,,,,,,,,,,,,,,,,,
noise_rerun,0,3,airport/p20-airport3-p7,gc2_b200k_rerun,11.2063,True,28.1137,False,True,7,60,115,6.02161,7,4,115,0,610109,35,341,7,0,1,542,14.8571,0,108,0,115,0,15,0,0,0,6.54206,0,0,59029101
noise_rerun,0,3,airport/p20-airport3-p7,v1_rerun,11.9575,True,28.2711,False,True,7,32,115,9.97221,7,0,115,0,901168,34,341,7,0,1,542,10.4286,0,108,0,115,0,0,0,0,0,10.2098,0,0,87444960
noise_rerun,0,1,airport/p36-airport5MUC-p2,gc2_b200k_rerun,28.7444,True,207.459,False,True,2,19,109,1.93194,2,0,109,0,222196,14,760,2,0,1,1155,10,0,107,0,109,0,1,0,0,0,13.9049,0,0,35347001
noise_rerun,0,1,airport/p36-airport5MUC-p2,v1_rerun,17.9674,True,203.412,False,True,2,10,109,0.74852,2,0,109,0,209279,13,760,2,0,1,1155,6.5,0,107,0,109,0,0,0,0,0,7.129,0,0,5251795
noise_rerun,0,1,childsnack-sat14-strips/child-snack_pfile08-2,gc2_b200k_rerun,82.3686,True,90.6387,False,True,13,18,39,4.88548,13,10,17,0,247999,54,73,13,0,1,3094,26.1538,0,26,0,17,0,33,0,0,0,4.94802,0,0,21826799
noise_rerun,0,1,childsnack-sat14-strips/child-snack_pfile08-2,v1_rerun,75.3447,True,82.8453,False,True,13,0,39,1.61491,13,0,17,0,34399,47,73,13,0,1,3094,24.5385,0,26,0,17,0,0,0,0,0,1.64468,0,0,7000973
noise_rerun,0,1,childsnack-sat14-strips/child-snack_pfile10-2,gc2_b200k_rerun,169.356,True,190.568,False,True,15,18,45,9.34451,15,12,19,0,316100,61,85,15,0,1,4801,30.2,0,30,0,19,0,39,0,0,0,9.45734,0,0,39141663
noise_rerun,0,1,childsnack-sat14-strips/child-snack_pfile10-2,v1_rerun,288.726,True,310.397,False,True,15,0,45,5.18938,15,0,19,0,65129,55,85,15,0,1,4801,29,0,30,0,19,0,0,0,0,0,5.24298,0,0,17825034
noise_rerun,0,7,depot/pfile4,gc2_b200k_rerun,115.182,True,115.387,False,True,6,25,19,2.05118,6,3,18,0,485765,30,30,6,0,1,462,18.8333,0,13,0,18,0,12,0,0,0,2.05532,0,0,23028990
noise_rerun,0,8,depot/pfile4,v1_rerun,297.072,True,297.242,False,True,6,9,20,1.50837,6,0,18,0,415454,28,30,6,0,1,462,21.3333,0,14,0,18,0,0,0,0,0,1.51031,0,0,13913157
noise_rerun,23,,depot/pfile5,gc2_b200k_rerun,,False,,False,,9,49,34,4.47119,9,7,34,0,796714,36,36,10,0,1,686,17.4444,0,25,0,34,0,24,0,0,0,4.4803,0,0,42493995
noise_rerun,0,6,depot/pfile5,v1_rerun,435.627,True,436.014,False,True,9,35,34,9.30401,9,0,34,0,1532957,36,36,10,0,1,686,20.1111,0,25,0,34,0,0,0,0,0,9.30913,0,0,91812060
noise_rerun,0,6,driverlog/pfile18,gc2_b200k_rerun,500.127,True,501.888,False,True,21,42,64,0.960148,21,13,44,0,766316,32,32,23,0,1,1731,5.52381,0,39,0,44,0,53,0,0,0,0.981223,0,0,3265019
noise_rerun,0,6,driverlog/pfile18,v1_rerun,393.45,True,394.867,False,True,21,51,96,3.61503,21,0,44,0,2187505,32,32,23,0,1,1731,4.95238,0,55,0,44,0,0,0,0,0,3.62518,0,0,10259219
noise_rerun,0,1,elevators-sat11-strips/p12,gc2_b200k_rerun,5.31083,True,29.6869,False,True,43,28,170,5.16692,43,38,164,0,325597,51,51,43,0,1,524,9.06977,0,127,0,164,0,121,0,0,0,5.20037,0,0,36332160
noise_rerun,0,1,elevators-sat11-strips/p12,v1_rerun,2.39881,True,24.6026,False,True,43,0,164,2.25525,43,0,164,0,110726,51,51,43,0,1,524,9,0,121,0,164,0,0,0,0,0,2.27066,0,0,17553551
noise_rerun,0,1,elevators-sat11-strips/p13,gc2_b200k_rerun,6.39816,True,38.0218,False,True,46,24,174,6.22174,46,42,174,0,350307,54,54,46,0,1,562,9,0,128,0,174,0,131,0,0,0,6.2617,0,0,44328812
noise_rerun,0,1,elevators-sat11-strips/p13,v1_rerun,2.72069,True,33.2354,False,True,46,0,174,2.56693,46,0,174,0,108462,54,54,46,0,1,562,9,0,128,0,174,0,0,0,0,0,2.58727,0,0,18571717
noise_rerun,0,1,elevators-sat11-strips/p14,gc2_b200k_rerun,5.49876,True,43.3643,False,True,49,30,170,5.29031,49,44,170,0,284557,57,57,49,0,1,614,9,0,121,0,170,0,139,0,0,0,5.33629,0,0,36425989
noise_rerun,0,1,elevators-sat11-strips/p14,v1_rerun,1.90964,True,33.4503,False,True,49,0,170,1.74511,49,0,170,0,76339,57,57,49,0,1,614,9,0,121,0,170,0,0,0,0,0,1.76576,0,0,12975661
noise_rerun,0,1,elevators-sat11-strips/p15,gc2_b200k_rerun,5.96315,True,50.0444,False,True,52,24,188,5.61761,52,48,188,0,337122,60,60,52,0,1,644,9,0,136,0,188,0,149,0,0,0,5.66702,0,0,41211110
noise_rerun,0,1,elevators-sat11-strips/p15,v1_rerun,2.392,True,41.6985,False,True,52,0,188,2.22415,52,0,188,0,95646,60,60,52,0,1,644,9,0,136,0,188,0,0,0,0,0,2.24837,0,0,17045200
noise_rerun,0,1,elevators-sat11-strips/p16,gc2_b200k_rerun,6.28194,True,35.5838,False,True,40,27,158,6.1868,40,35,154,0,313143,48,48,40,0,1,486,9.05,0,118,0,154,0,112,0,0,0,6.20902,0,0,39017658
noise_rerun,0,1,elevators-sat11-strips/p16,v1_rerun,1.71698,True,26.3548,False,True,40,0,154,1.58225,40,0,154,0,81182,48,48,40,0,1,486,9,0,114,0,154,0,0,0,0,0,1.59506,0,0,11496227
noise_rerun,0,1,elevators-sat11-strips/p17,gc2_b200k_rerun,6.95433,True,47.0481,False,True,45,24,176,6.77959,45,41,176,0,332397,53,53,45,0,1,544,9,0,131,0,176,0,128,0,0,0,6.81452,0,0,39747825
noise_rerun,0,1,elevators-sat11-strips/p17,v1_rerun,2.46928,True,41.1423,False,True,45,0,176,2.31227,45,0,176,0,91142,53,53,45,0,1,544,9,0,131,0,176,0,0,0,0,0,2.32964,0,0,14667137
noise_rerun,0,1,elevators-sat11-strips/p18,gc2_b200k_rerun,7.2444,True,55.2154,False,True,50,30,194,7.0755,50,45,194,0,327462,58,58,50,0,1,606,9,0,144,0,194,0,142,0,0,0,7.11826,0,0,43401959
noise_rerun,0,1,elevators-sat11-strips/p18,v1_rerun,4.14506,True,52.5103,False,True,50,0,194,3.98018,50,0,194,0,115738,58,58,50,0,1,606,9,0,144,0,194,0,0,0,0,0,4.00203,0,0,21309962
noise_rerun,0,1,elevators-sat11-strips/p19,gc2_b200k_rerun,10.3689,True,73.4809,False,True,55,24,214,10.1298,55,51,214,0,355853,63,63,55,0,1,666,9,0,159,0,214,0,158,0,0,0,10.1874,0,0,53035306
noise_rerun,0,1,elevators-sat11-strips/p19,v1_rerun,4.67047,True,65.6883,False,True,55,0,214,4.48547,55,0,214,0,112292,63,63,55,0,1,666,9,0,159,0,214,0,0,0,0,0,4.51391,0,0,22045259
noise_rerun,0,1,elevators-sat11-strips/p20,gc2_b200k_rerun,12.445,True,98.6149,False,True,60,24,216,12.2516,60,56,216,0,352076,68,68,60,0,1,744,9,0,156,0,216,0,173,0,0,0,12.3176,0,0,58516806
noise_rerun,0,1,elevators-sat11-strips/p20,v1_rerun,4.61523,True,88.4972,False,True,60,0,216,4.38694,60,0,216,0,105913,68,68,60,0,1,744,9,0,156,0,216,0,0,0,0,0,4.42481,0,0,22384401
noise_rerun,0,6,floortile-sat14-strips/p03-6-4-2,gc2_b200k_rerun,46.7256,True,46.8582,False,True,24,39,216,0.523818,24,21,82,1,580961,30,30,24,0,80,154,6.16667,0,192,0,3,0,66,0,0,0,2.4477,0,17,5667913
noise_rerun,0,5,floortile-sat14-strips/p03-6-4-2,v1_rerun,89.6513,True,89.7748,False,True,24,15,219,0.595892,24,0,87,1,538873,30,30,24,0,83,149,6.125,0,195,0,5,0,0,0,0,0,57.9315,0,14,6744306
noise_rerun,0,6,floortile-sat14-strips/p04-5-4-2,gc2_b200k_rerun,26.8957,True,26.9877,False,True,20,32,188,0.450305,20,17,77,1,518742,26,26,20,0,73,123,6.25,0,168,1,5,0,54,0,0,0,5.87385,0,11,4851967
noise_rerun,0,4,floortile-sat14-strips/p04-5-4-2,v1_rerun,36.0577,True,36.1372,False,True,20,3,193,0.384421,20,0,90,1,340576,26,26,20,0,80,110,6.25,0,173,0,11,0,0,0,0,0,29.7608,0,13,4370805
noise_rerun,0,2,freecell/probfreecell-7-2,gc2_b200k_rerun,35.1744,True,37.6094,False,True,4,23,21,1.85801,4,1,15,0,287243,20,62,4,0,1,478,9.5,0,17,0,15,0,6,0,0,0,1.87038,0,0,16929285
noise_rerun,0,3,freecell/probfreecell-7-2,v1_rerun,41.8962,True,44.0466,False,True,4,13,21,3.65286,4,0,16,0,515524,24,62,4,0,1,477,11.25,0,17,0,16,0,0,0,0,0,3.66056,0,0,35027331
noise_rerun,0,2,grid/prob01,gc2_b200k_rerun,90.7343,True,90.8702,False,True,1,4,4,0.527172,1,0,4,0,57009,16,19,1,0,1,2262,16,0,3,0,4,0,0,0,0,0,0.547396,0,0,9321850
noise_rerun,0,2,grid/prob01,v1_rerun,70.2454,True,70.3736,False,True,1,0,4,0.0436453,1,0,4,0,5999,11,19,1,0,1,2262,11,0,3,0,4,0,0,0,0,0,0.0523861,0,0,626747
noise_rerun,0,2,mystery/prob20,gc2_b200k_rerun,45.5663,True,47.78,False,True,1,5,2,0.0682997,1,0,2,0,60087,10,42,1,0,1,1606,10,0,1,0,2,0,0,0,0,0,0.120912,0,0,179811
noise_rerun,0,2,mystery/prob20,v1_rerun,46.6321,True,48.5844,False,True,1,5,2,0.081576,1,0,2,0,50262,10,42,1,0,1,1606,10,0,1,0,2,0,0,0,0,0,0.108908,0,0,143696
noise_rerun,0,9,nomystery-opt11-strips/p19,gc2_b200k_rerun,36.2391,True,36.3574,False,True,24,14,202,0.124707,24,0,35,1,200901,13,13,11,0,28,112,3.25,13,177,1,8,0,6,0,0,0,0.170783,0,27,1041646
noise_rerun,0,9,nomystery-opt11-strips/p19,v1_rerun,25.7275,True,25.8482,False,True,11,0,65,0.000669432,11,0,33,3,364,12,13,11,0,7,114,2,0,54,3,23,0,0,0,0,0,0.00130128,0,9,1884
noise_rerun,0,8,nomystery-sat11-strips/p15,gc2_b200k_rerun,53.3178,True,53.3899,False,True,23,10,208,0.135549,23,0,33,1,203219,12,12,10,0,30,80,3.34783,13,185,1,4,0,4,0,0,0,0.231947,0,28,1103359
noise_rerun,0,9,nomystery-sat11-strips/p15,v1_rerun,28.7061,True,28.7815,False,True,10,0,64,0.000553174,10,0,30,1,297,11,12,10,0,15,83,2,0,54,1,16,0,0,0,0,0,0.00151589,0,6,1499
noise_rerun,0,7,nomystery-sat11-strips/p18,gc2_b200k_rerun,10.8862,True,10.9703,False,True,29,6,231,0.0974877,29,0,38,1,208422,15,15,13,0,34,144,3.44828,16,195,1,5,0,7,0,0,0,1.7746,0,40,1071975
noise_rerun,0,10,nomystery-sat11-strips/p18,v1_rerun,59.7534,True,59.8359,False,True,13,0,69,0.0006961,13,0,35,4,408,14,15,13,0,8,147,2,0,55,4,21,0,0,0,0,0,0.00159196,0,8,2117
noise_rerun,0,5,pathways-noneg/p14,gc2_b200k_rerun,120.735,True,122.995,False,True,24,15,118,0.66712,24,0,74,1,218970,92,190,18,0,3,254,11.625,6,94,1,72,0,25,0,0,0,0.699671,0,1,4548293
noise_rerun,23,,pathways-noneg/p14,v1_rerun,,False,,False,,18,0,36,0.00119717,18,0,36,0,90,54,190,18,0,1,292,3,0,18,0,36,0,0,0,0,0,0.0173554,0,0,238
noise_rerun,0,5,pathways-noneg/p25,gc2_b200k_rerun,3.54917,True,50.9689,False,True,60,10,326,0.526314,60,0,140,5,203405,171,324,33,0,5,518,12.1333,27,266,5,126,0,26,0,0,0,0.687016,0,6,3896229
noise_rerun,0,6,pathways-noneg/p25,v1_rerun,2.97656,True,48.2804,False,True,33,0,66,0.00342933,33,0,66,0,161,99,324,33,0,1,592,3,0,33,0,66,0,0,0,0,0,0.0845083,0,0,412
noise_rerun,0,5,pathways-noneg/p26,gc2_b200k_rerun,3.72675,True,46.0854,False,True,39,10,168,0.407525,39,0,112,0,202579,176,336,34,0,1,573,10.2821,5,129,0,112,0,52,0,0,0,0.608104,0,0,2767548
noise_rerun,0,6,pathways-noneg/p26,v1_rerun,4.29072,True,42.5857,False,True,34,0,68,0.00375656,34,0,68,0,168,102,336,34,0,1,617,3,0,34,0,68,0,0,0,0,0,0.102901,0,0,432
noise_rerun,0,6,pathways-noneg/p28,gc2_b200k_rerun,4.31953,True,53.1067,False,True,42,16,175,0.9274,42,0,120,0,291062,187,340,37,0,1,571,10.2857,5,133,0,120,0,59,0,0,0,1.11525,0,0,5666600
noise_rerun,0,5,pathways-noneg/p28,v1_rerun,1.77124,True,48.7987,False,True,37,0,74,0.00405349,37,0,74,0,181,111,340,37,0,1,617,3,0,37,0,74,0,0,0,0,0,0.104958,0,0,483
noise_rerun,0,7,pathways-noneg/p29,gc2_b200k_rerun,20.5933,True,46.6184,False,True,52,20,254,1.51773,52,0,120,2,256921,184,306,39,0,7,477,10.4231,13,202,2,112,0,55,0,0,0,1.61464,0,6,9352020
noise_rerun,0,7,pathways-noneg/p29,v1_rerun,454.962,True,479.991,False,True,39,0,78,0.00307707,39,0,78,0,194,117,306,39,0,1,519,3,0,39,0,78,0,0,0,0,0,0.0530225,0,0,454
noise_rerun,0,5,pathways/p26,gc2_b200k_rerun,3.83603,True,21.3056,False,True,39,10,168,0.451941,39,0,112,0,202579,176,338,34,0,1,575,10.2821,5,129,0,112,0,52,0,0,0,0.638811,0,0,2767548
noise_rerun,0,6,pathways/p26,v1_rerun,7.76865,True,24.1886,False,True,34,0,68,0.00388239,34,0,68,0,168,102,338,34,0,1,619,3,0,34,0,68,0,0,0,0,0,0.100515,0,0,432
noise_rerun,0,4,pipesworld-notankage/p11-net2-b10-g2,gc2_b200k_rerun,30.3833,True,31.9826,False,True,3,24,18,2.92732,3,0,15,2,276667,93,172,2,0,2,785,37.3333,1,15,2,13,0,0,0,0,0,2.97891,0,2,23135403
noise_rerun,0,4,pipesworld-notankage/p11-net2-b10-g2,v1_rerun,29.2686,True,31.0686,False,True,2,0,8,0.0602123,2,0,7,1,11050,44,172,2,0,2,793,22,0,6,1,6,0,0,0,0,0,0.0868854,0,1,508063
noise_rerun,0,3,rovers/p30,gc2_b200k_rerun,47.5174,True,73.3321,False,True,51,0,166,0.139009,51,0,42,0,16529,48,77,19,0,1,317,9.84314,32,115,0,42,0,0,0,0,0,0.14347,0,0,1283845
noise_rerun,0,3,rovers/p30,v1_rerun,0.698785,True,26.5338,False,True,19,0,38,0.000711124,19,0,38,0,57,38,77,19,0,1,321,2,0,19,0,38,0,0,0,0,0,0.00279217,0,0,202
noise_rerun,0,1,satellite/p23-HC-pfile3,gc2_b200k_rerun,0.137683,True,19.0628,False,True,132,0,481,0.119906,132,0,53,0,88814,90,90,47,0,1,521,29.8939,85,349,0,53,0,0,0,0,0,0.128322,0,0,702944
noise_rerun,0,1,satellite/p23-HC-pfile3,v1_rerun,0.021744,True,18.0992,False,True,47,0,141,0.0069697,47,0,53,0,4369,83,90,47,0,1,521,23.1277,0,94,0,53,0,0,0,0,0,0.0109829,0,0,15728
noise_rerun,0,1,satellite/p24-HC-pfile4,gc2_b200k_rerun,0.168076,True,38.2012,False,True,189,0,690,0.140787,189,0,68,0,106866,103,103,66,0,1,745,31.9206,123,501,0,68,0,0,0,0,0,0.154941,0,0,793020
noise_rerun,0,1,satellite/p24-HC-pfile4,v1_rerun,0.0269444,True,34.207,False,True,66,0,198,0.00857624,66,0,68,0,6528,96,103,66,0,1,745,24.2727,0,132,0,68,0,0,0,0,0,0.01469,0,0,23544
noise_rerun,0,1,satellite/p25-HC-pfile5,gc2_b200k_rerun,0.223161,True,55.7324,False,True,174,0,636,0.195745,174,0,62,0,138379,102,102,60,0,1,849,38.931,114,462,0,62,0,0,0,0,0,0.208794,0,0,1074348
noise_rerun,0,1,satellite/p25-HC-pfile5,v1_rerun,0.0385919,True,54.5464,False,True,60,0,180,0.0140971,60,0,62,0,8474,94,102,60,0,1,849,29.6667,0,120,0,62,0,0,0,0,0,0.0219845,0,0,31076
noise_rerun,0,1,satellite/p26-HC-pfile6,gc2_b200k_rerun,0.188937,True,72.8912,False,True,180,0,656,0.162109,180,0,68,0,114877,112,112,64,0,1,693,30.2611,116,476,0,68,0,0,0,0,0,0.174483,0,0,894578
noise_rerun,0,1,satellite/p26-HC-pfile6,v1_rerun,0.0309039,True,75.2892,False,True,64,0,192,0.00914952,64,0,68,0,5766,104,112,64,0,1,693,22.9062,0,128,0,68,0,0,0,0,0,0.0167774,0,0,20705
noise_rerun,0,2,scanalyzer-08-strips/p11,gc2_b200k_rerun,83.8647,True,84.5273,False,True,12,17,34,1.34891,12,8,32,0,336914,24,24,24,0,1,4720,21.9167,0,22,0,32,0,53,0,0,0,1.37815,0,0,10162660
noise_rerun,0,2,scanalyzer-08-strips/p11,v1_rerun,141.337,True,142.03,False,True,12,6,34,1.66302,12,0,32,0,463895,24,24,24,0,1,4720,23.8333,0,22,0,32,0,0,0,0,0,1.67632,0,0,13534880
noise_rerun,0,4,storage/p12,gc2_b200k_rerun,33.5986,True,33.6615,False,True,9,0,47,0.0606514,9,0,13,1,14163,26,26,4,0,8,365,23.5556,5,38,1,6,0,0,0,0,0,0.0637944,0,5,807184
noise_rerun,0,4,storage/p12,v1_rerun,50.0896,True,50.1441,False,True,4,0,12,0.00290816,4,0,9,0,931,22,26,4,0,1,369,16,0,8,0,9,0,0,0,0,0,0.00379992,0,0,9883
noise_rerun,0,3,storage/p15,gc2_b200k_rerun,21.9509,True,22.0891,False,True,12,0,56,0.116617,12,0,15,1,37310,31,31,5,0,3,531,27.5833,7,44,1,13,0,0,0,0,0,0.122529,0,1,1387456
noise_rerun,0,3,storage/p15,v1_rerun,48.1522,True,48.2955,False,True,5,0,15,0.00581068,5,0,11,0,742,26,31,5,0,1,535,13,0,10,0,11,0,0,0,0,0,0.00927935,0,0,8082
noise_rerun,0,4,thoughtful-sat14-strips/bootstrap-typed-04,gc2_b200k_rerun,41.6386,True,43.8581,False,True,4,18,23,1.57594,4,1,22,0,217031,58,118,4,0,1,835,27.25,0,19,0,22,0,6,0,0,0,1.62464,0,0,12805594
noise_rerun,0,3,thoughtful-sat14-strips/bootstrap-typed-04,v1_rerun,21.7985,True,24.0827,False,True,4,0,12,0.00741748,4,0,10,0,454,29,118,4,0,1,847,11.5,0,8,0,10,0,0,0,0,0,0.0392476,0,0,10586
noise_rerun,0,2,tpp/p19,gc2_b200k_rerun,0.0892924,True,21.4573,False,True,14,0,93,0.0311749,14,0,42,10,24427,120,156,14,0,3,244,8.57143,0,79,10,22,0,0,0,0,0,0.0425343,0,17,356491
noise_rerun,0,2,tpp/p19,v1_rerun,0.0581049,True,20.889,False,True,14,0,62,0.00907814,14,0,28,1,4033,84,156,14,0,2,258,6,0,20,1,27,0,0,0,0,0,0.016845,0,3,43241
noise_rerun,0,2,tpp/p21,gc2_b200k_rerun,0.324862,True,28.2354,False,True,11,12,93,0.262614,11,0,30,8,198403,102,139,11,0,3,253,9.27273,0,58,8,14,0,0,0,0,0,0.272123,0,13,2908017
noise_rerun,0,2,tpp/p21,v1_rerun,0.0969521,True,28.2664,False,True,11,0,72,0.0331891,11,0,22,3,24150,77,139,11,0,2,261,7,0,21,3,19,0,0,0,0,0,0.0387889,0,5,335196
noise_rerun,0,2,tpp/p22,gc2_b200k_rerun,0.234476,True,35.8081,False,True,12,4,76,0.154468,12,0,35,5,91130,116,152,12,0,3,275,9.66667,0,56,5,25,0,0,0,0,0,0.174135,0,11,1379323
noise_rerun,0,2,tpp/p22,v1_rerun,0.0803176,True,36.0592,False,True,12,0,54,0.0177448,12,0,24,0,13306,84,152,12,0,1,286,7,0,12,0,24,0,0,0,0,0,0.0257088,0,0,175828
noise_rerun,0,2,tpp/p23,gc2_b200k_rerun,0.275743,True,43.994,False,True,13,8,95,0.207607,13,0,37,8,155331,123,163,13,0,3,293,9.46154,0,66,8,21,0,0,0,0,0,0.223854,0,14,2326201
noise_rerun,0,2,tpp/p23,v1_rerun,0.095349,True,44.3588,False,True,13,0,70,0.0276574,13,0,26,0,20413,91,163,13,0,1,304,7,0,13,0,26,0,0,0,0,0,0.0359635,0,0,278841
noise_rerun,0,2,tpp/p24,gc2_b200k_rerun,0.156191,True,59.7079,False,True,14,4,100,0.0877859,14,0,41,11,84659,134,174,14,0,3,309,9.57143,0,78,11,19,0,0,0,0,0,0.104369,0,17,1256495
noise_rerun,0,2,tpp/p24,v1_rerun,0.105144,True,56.0033,False,True,14,0,70,0.016659,14,0,28,1,12696,98,174,14,0,2,322,7,0,16,1,27,0,0,0,0,0,0.0282397,0,1,162572
noise_rerun,0,1,transport-sat14-strips/p17,gc2_b200k_rerun,0.709398,True,59.6313,False,True,25,15,56,0.688101,25,22,50,0,250653,30,30,25,0,1,200,6.12,0,31,0,50,0,69,0,0,0,0.689399,0,0,7702900
noise_rerun,0,1,transport-sat14-strips/p17,v1_rerun,0.0447324,True,70.9764,False,True,25,0,50,0.0203708,25,0,50,0,2103,30,30,25,0,1,200,6,0,25,0,50,0,0,0,0,0,0.0215858,0,0,48416
noise_rerun,0,7,trucks-strips/p05,gc2_b200k_rerun,9.04818,True,9.07615,False,True,11,11,66,0.233172,11,0,26,1,201032,17,17,7,0,7,73,7.27273,4,55,1,20,0,7,0,0,0,0.233951,0,10,4232560
noise_rerun,0,10,trucks-strips/p05,v1_rerun,19.8178,True,19.8453,False,True,7,0,22,0.000601878,7,0,16,0,629,17,17,7,0,1,83,3.28571,0,15,0,16,0,0,0,0,0,0.000749564,0,0,8841
noise_rerun,0,8,trucks-strips/p06,gc2_b200k_rerun,20.5245,True,20.5552,False,True,10,16,54,0.262955,10,0,27,1,239912,18,18,8,0,8,86,7.3,2,44,1,20,0,11,0,0,0,0.263847,0,8,4980612
noise_rerun,0,11,trucks-strips/p06,v1_rerun,41.126,True,41.1572,False,True,8,0,28,0.00201308,8,0,19,1,2345,18,18,8,0,3,94,3.5,0,20,1,17,0,0,0,0,0,0.00232206,0,2,50981
noise_rerun,0,7,trucks-strips/p08,gc2_b200k_rerun,32.4177,True,32.464,False,True,13,18,65,0.245001,13,0,27,1,200110,19,19,7,0,13,157,7.46154,6,52,1,15,0,5,0,0,0,0.246682,0,7,5588665
noise_rerun,0,11,trucks-strips/p08,v1_rerun,58.4206,True,58.463,False,True,7,0,21,0.000304704,7,0,15,0,97,15,19,7,0,1,169,3,0,14,0,15,0,0,0,0,0,0.000571272,0,0,1110
noise_rerun,0,1,woodworking-sat08-strips/p27,gc2_b200k_rerun,0.748369,True,51.159,False,True,61,16,122,0.599641,61,26,61,1,225936,249,249,61,0,2,944,17.9016,0,61,1,60,0,119,0,0,0,0.675786,0,1,3845628
noise_rerun,0,1,woodworking-sat08-strips/p27,v1_rerun,0.15419,True,52.3218,False,True,61,0,102,0.0273046,61,0,61,1,4161,242,249,61,0,2,944,13.623,0,41,1,60,0,0,0,0,0,0.0682795,0,1,63869
noise_rerun,0,2,woodworking-sat11-strips/p06,gc2_b200k_rerun,3.6904,True,209.684,False,True,103,183,212,1.76167,103,85,111,1,512220,355,393,103,0,2,2725,29.3107,0,109,1,110,0,255,0,0,0,1.96187,0,1,14310985
noise_rerun,0,2,woodworking-sat11-strips/p06,v1_rerun,5.79456,True,314.386,False,True,103,168,201,2.20961,103,0,110,1,278569,355,393,103,0,2,2732,27.9709,0,98,1,109,0,0,0,0,0,2.4316,0,1,8411719
noise_rerun,0,1,woodworking-sat11-strips/p11,gc2_b200k_rerun,2.18834,True,239.872,False,True,105,75,216,1.68019,105,79,111,0,591900,403,403,105,0,1,1901,20.2286,0,106,0,111,0,247,0,0,0,1.87817,0,0,14483748
noise_rerun,0,2,woodworking-sat11-strips/p11,v1_rerun,3.34777,True,404.671,False,True,104,60,199,1.61656,104,0,109,1,309932,403,403,105,0,2,1903,19.3077,0,90,1,108,0,0,0,0,0,1.84633,0,1,6984592
