batch,exit,horizon,instance,order,search,solved,total,trivial,valid,gc_alternatives,gc_bfs_retries,gc_chain_labels,gc_chain_time,gc_chains,gc_deep_fallbacks,gc_distinct,gc_exact_sccs,gc_explored_states,gc_factors_covered,gc_factors_with_moves,gc_goal_factors,gc_heuristic_sccs,gc_largest_scc,gc_leftover,gc_mean_product_factors,gc_pair_chains,gc_pairs_weight,gc_proven,gc_sccs,gc_selection_rounds,gc_skipped_budget,gc_subgoal_chains,gc_switches,gc_too_big_alone,gc_total_time,gc_unsolved_abstractions,gc_violated
screen1,0,1,airport/p14-airport3-p3,gc,2.13613,True,3.29564,False,True,3,14,60,2.91117,3,,60,0,432354,22,169,3,0,1,231,11.6667,0,57,0,60,0,0,0,0,0,2.98496,0,0
screen1,0,1,airport/p14-airport3-p3,gc_d2,3.92984,True,4.93687,False,True,3,24,60,3.83898,3,,60,0,787991,24,169,3,0,1,231,16.6667,0,57,0,60,0,0,0,0,0,3.86515,0,0
screen1,0,2,airport/p14-airport3-p3,gc_d2_p2_layer,7.47151,True,8.64171,False,True,6,46,146,7.07848,6,,61,0,1554429,24,169,3,0,1,230,15.3333,3,140,0,61,0,0,0,0,0,7.13588,0,0
screen1,0,1,airport/p14-airport3-p3,gc_d3,3.71862,True,4.8267,False,True,3,23,60,3.60924,3,,60,0,742381,24,169,3,0,1,231,16.6667,0,57,0,60,0,0,0,0,0,3.63731,0,0
screen1,0,2,airport/p14-airport3-p3,gc_d3_p2_layer,6.80639,True,7.90936,False,True,6,45,146,6.50859,6,,61,0,1508819,24,169,3,0,1,230,15.3333,3,140,0,61,0,0,0,0,0,6.56172,0,0
screen1,0,1,airport/p14-airport3-p3,gc_layer,2.10674,True,3.27732,False,True,3,14,60,1.8959,3,,60,0,432354,22,169,3,0,1,231,11.6667,0,57,0,60,0,0,0,0,0,1.95473,0,0
screen1,0,2,airport/p14-airport3-p3,gc_pairs2,2.95438,True,3.95931,False,True,4,21,102,2.80376,4,,60,0,724525,22,169,3,0,1,231,11.5,1,98,0,60,0,0,0,0,0,2.83615,0,0
screen1,0,1,airport/p14-airport3-p3,gc_sub2,1.97712,True,3.06575,False,True,4,14,62,1.88278,4,,60,0,432370,30,169,3,0,1,231,11.5,0,58,0,60,0,0,1,0,0,1.917,0,0
screen1,0,1,airport/p14-airport3-p3,gc_support,2.13723,True,3.32884,False,True,3,14,60,1.98639,3,,60,0,432354,22,169,3,0,1,231,11.6667,0,57,0,60,0,0,0,0,0,2.03122,0,0
screen1,0,14,airport/p14-airport3-p3,tsort_goal,8.7869,True,9.9126,False,True,,,,,,,,,,,,,,,,,,,,,,,,,,,,
screen1,0,2,airport/p16-airport3-p4,gc,5.64269,True,10.1763,False,True,4,24,79,7.72363,4,,79,0,815763,26,212,4,0,1,339,13,0,75,0,79,0,0,0,0,0,7.83153,0,0
screen1,0,2,airport/p16-airport3-p4,gc_d2,6.3083,True,10.3726,False,True,4,30,79,5.99806,4,,79,0,1041554,28,212,4,0,1,339,16.5,0,75,0,79,0,0,0,0,0,6.08153,0,0
screen1,0,3,airport/p16-airport3-p4,gc_d2_p2_layer,14.6651,True,19.5327,False,True,8,62,205,12.3165,8,,80,0,2067745,28,212,4,0,1,338,14.875,4,197,0,80,0,1,0,0,0,12.4865,0,0
screen1,0,2,airport/p16-airport3-p4,gc_d3,6.42335,True,10.9585,False,True,4,30,79,6.1803,4,,79,0,1071442,28,212,4,0,1,339,16.5,0,75,0,79,0,0,0,0,0,6.25853,0,0
screen1,0,2,airport/p16-airport3-p4,gc_d3_p2_layer,14.088,True,19.1699,False,True,8,62,185,13.5894,8,,80,0,2205387,28,212,4,0,1,338,15.375,4,177,0,80,0,1,0,0,0,13.7487,0,0
screen1,0,2,airport/p16-airport3-p4,gc_layer,5.86791,True,10.3836,False,True,4,24,79,5.1176,4,,79,0,815763,26,212,4,0,1,339,13,0,75,0,79,0,0,0,0,0,5.305,0,0
screen1,0,3,airport/p16-airport3-p4,gc_pairs2,9.33742,True,13.3075,False,True,7,48,201,8.61937,7,,79,1,1603057,26,212,4,0,35,339,12.1429,3,194,1,45,0,0,0,0,0,8.71262,0,1
screen1,0,2,airport/p16-airport3-p4,gc_sub2,5.56195,True,10.3768,False,True,7,24,83,5.15334,7,,79,0,815813,46,212,4,0,1,339,15.2857,0,76,0,79,0,0,3,0,0,5.24644,0,0
screen1,0,2,airport/p16-airport3-p4,gc_support,5.66716,True,11.156,False,True,4,24,79,5.17134,4,,79,0,815763,26,212,4,0,1,339,13,0,75,0,79,0,0,0,0,0,5.26382,0,0
screen1,0,15,airport/p16-airport3-p4,tsort_goal,21.0061,True,26.5134,False,True,,,,,,,,,,,,,,,,,,,,,,,,,,,,
screen1,0,3,airport/p20-airport3-p7,gc,13.1001,True,31.6452,False,True,7,32,115,16.5948,7,,115,0,901168,34,341,7,0,1,542,10.4286,0,108,0,115,0,0,0,0,0,17.1227,0,0
screen1,0,3,airport/p20-airport3-p7,gc_d2,20.4733,True,37.0392,False,True,7,60,115,18.6556,7,,115,0,1776354,38,341,7,0,1,542,16.7143,0,108,0,115,0,0,0,0,0,18.9282,0,0
screen1,0,3,airport/p20-airport3-p7,gc_d2_p2_layer,24.6763,True,40.7503,False,True,8,68,137,20.915,8,,116,0,2030190,38,341,7,0,1,541,16.625,1,129,0,116,0,10,0,0,0,21.5024,0,0
screen1,0,3,airport/p20-airport3-p7,gc_d3,19.5631,True,36.0524,False,True,7,63,115,17.8633,7,,115,0,1756524,38,341,7,0,1,542,16.7143,0,108,0,115,0,0,0,0,0,18.1341,0,0
screen1,0,3,airport/p20-airport3-p7,gc_d3_p2_layer,24.1447,True,41.414,False,True,8,71,140,20.3757,8,,115,0,2011499,38,341,7,0,1,542,16.625,1,132,0,115,0,10,0,0,0,20.8902,0,0
screen1,0,3,airport/p20-airport3-p7,gc_layer,14.9894,True,31.9834,False,True,7,32,115,9.39966,7,,115,0,901168,34,341,7,0,1,542,10.4286,0,108,0,115,0,0,0,0,0,9.97768,0,0
screen1,0,4,airport/p20-airport3-p7,gc_pairs2,25.6498,True,43.158,False,True,12,72,317,21.0593,12,,115,1,2348634,34,341,7,0,51,542,10.6667,5,305,1,65,0,0,0,0,0,21.3749,0,1
screen1,0,5,airport/p20-airport3-p7,gc_sub2,30.0921,True,46.9115,False,True,26,102,172,17.2688,26,,122,0,1665920,171,341,7,0,1,535,23.2692,0,146,0,122,0,0,19,0,0,17.5589,0,0
screen1,0,3,airport/p20-airport3-p7,gc_support,13.1885,True,30.1924,False,True,7,32,115,9.49233,7,,115,0,901168,34,341,7,0,1,542,10.4286,0,108,0,115,0,0,0,0,0,9.78164,0,0
screen1,0,18,airport/p20-airport3-p7,tsort_goal,109.01,True,126.616,False,True,,,,,,,,,,,,,,,,,,,,,,,,,,,,
screen1,0,8,blocks/probBLOCKS-5-2,gc,1.1411,True,1.14434,False,True,4,0,15,0.000525324,4,,14,0,317,10,11,4,0,1,36,7,0,11,0,14,0,0,0,0,0,0.000608676,0,0
screen1,0,1,blocks/probBLOCKS-5-2,gc_d2,0.0105389,True,0.0150832,False,True,4,0,64,0.00478455,4,,16,0,3420,11,11,4,0,1,34,11,0,60,0,16,0,0,0,0,0,0.00490327,0,0
screen1,0,1,blocks/probBLOCKS-5-2,gc_d2_p2_layer,0.0142862,True,0.0174348,False,True,9,0,144,0.00840941,9,,16,0,7695,11,11,4,0,1,34,11,5,135,0,16,0,0,0,0,0,0.00861919,0,0
screen1,0,1,blocks/probBLOCKS-5-2,gc_d3,0.00964679,True,0.0138044,False,True,4,0,64,0.00420917,4,,16,0,3420,11,11,4,0,1,34,11,0,60,0,16,0,0,0,0,0,0.00434873,0,0
screen1,0,1,blocks/probBLOCKS-5-2,gc_d3_p2_layer,0.013871,True,0.0180699,False,True,9,0,144,0.00848374,9,,16,0,7695,11,11,4,0,1,34,11,5,135,0,16,0,0,0,0,0,0.0086804,0,0
screen1,0,8,blocks/probBLOCKS-5-2,gc_layer,1.20156,True,1.20526,False,True,4,0,15,0.000566231,4,,14,0,317,10,11,4,0,1,36,7,0,11,0,14,0,0,0,0,0,0.000708688,0,0
screen1,0,8,blocks/probBLOCKS-5-2,gc_pairs2,0.692207,True,0.695981,False,True,9,0,52,0.00438671,9,,17,1,3823,10,11,4,0,15,33,7.55556,5,43,1,3,0,0,0,0,0,0.00566815,0,4
screen1,0,8,blocks/probBLOCKS-5-2,gc_sub2,0.910896,True,0.914442,False,True,10,0,33,0.00106596,10,,17,0,679,11,11,4,0,1,33,7,0,23,0,17,0,0,6,0,0,0.00116533,0,0
screen1,0,7,blocks/probBLOCKS-5-2,gc_support,0.723707,True,0.725227,False,True,4,0,15,0.000700102,4,,14,0,317,10,11,4,0,1,36,7,0,11,0,14,0,0,0,0,0,0.00080466,0,0
screen1,0,8,blocks/probBLOCKS-5-2,tsort_goal,0.934582,True,0.938099,False,True,,,,,,,,,,,,,,,,,,,,,,,,,,,,
screen1,0,1,childsnack-sat14-strips/child-snack_pfile08-2,gc,79.0519,True,88.7667,False,True,13,0,39,2.2666,13,,17,0,34399,47,73,13,0,1,3094,24.5385,0,26,0,17,0,0,0,0,0,2.33274,0,0
screen1,0,1,childsnack-sat14-strips/child-snack_pfile08-2,gc_d2,113.041,True,121.421,False,True,13,78,39,42.0442,13,,17,0,2494087,59,73,13,0,1,3094,31.2308,0,26,0,17,0,0,0,0,0,42.076,0,0
screen1,0,1,childsnack-sat14-strips/child-snack_pfile08-2,gc_d2_p2_layer,127.429,True,135.631,False,True,11,66,33,31.4558,11,,15,0,2044047,57,73,13,0,1,3096,30,0,22,0,15,0,25,0,0,0,31.5198,0,0
screen1,0,1,childsnack-sat14-strips/child-snack_pfile08-2,gc_d3,112.522,True,119.956,False,True,13,78,39,40.9155,13,,17,0,2494087,59,73,13,0,1,3094,31.2308,0,26,0,17,0,0,0,0,0,40.9448,0,0
screen1,0,1,childsnack-sat14-strips/child-snack_pfile08-2,gc_d3_p2_layer,129.844,True,138.178,False,True,11,66,33,32.7275,11,,15,0,2044047,57,73,13,0,1,3096,30,0,22,0,15,0,25,0,0,0,32.7872,0,0
screen1,0,1,childsnack-sat14-strips/child-snack_pfile08-2,gc_layer,80.8138,True,89.6248,False,True,13,0,39,1.4824,13,,17,0,34399,47,73,13,0,1,3094,24.5385,0,26,0,17,0,0,0,0,0,1.54284,0,0
screen1,0,1,childsnack-sat14-strips/child-snack_pfile08-2,gc_pairs2,120.416,True,128.067,False,True,33,42,138,53.1878,33,,32,0,1023711,47,73,13,0,1,3079,24.5758,20,105,0,32,0,0,0,0,0,53.2192,0,0
screen1,0,1,childsnack-sat14-strips/child-snack_pfile08-2,gc_sub2,79.7214,True,88.3852,False,True,13,0,39,1.6511,13,,17,0,34399,47,73,13,0,1,3094,24.5385,0,26,0,17,0,0,0,0,0,1.68261,0,0
screen1,0,1,childsnack-sat14-strips/child-snack_pfile08-2,gc_support,54.2775,True,63.2542,False,True,13,0,39,1.66382,13,,17,0,34399,47,73,13,0,1,3094,24.5385,0,26,0,17,0,0,0,0,0,1.69612,0,0
screen1,0,1,childsnack-sat14-strips/child-snack_pfile08-2,tsort_goal,12.7477,True,22.6722,False,True,,,,,,,,,,,,,,,,,,,,,,,,,,,,
screen1,0,3,depot/pfile13,gc,13.1578,True,13.539,False,True,6,20,22,7.28798,6,,22,0,687240,34,34,6,0,1,830,18,0,16,0,22,0,0,0,0,0,7.29561,0,0
screen1,0,3,depot/pfile13,gc_d2,13.0256,True,13.4154,False,True,6,30,22,5.58954,6,,22,0,885999,34,34,6,0,1,830,18,0,16,0,22,0,0,0,0,0,5.593,0,0
screen1,0,2,depot/pfile13,gc_d2_p2_layer,20.9887,True,21.3494,False,True,13,65,77,20.5245,13,,25,1,2028454,34,34,6,0,4,827,14.5385,7,64,1,22,0,2,0,0,0,20.5327,0,1
screen1,0,3,depot/pfile13,gc_d3,12.9694,True,13.3382,False,True,6,30,22,5.68228,6,,22,0,885999,34,34,6,0,1,830,18,0,16,0,22,0,0,0,0,0,5.6869,0,0
screen1,0,2,depot/pfile13,gc_d3_p2_layer,20.7723,True,21.1286,False,True,13,65,77,20.4723,13,,25,1,2028454,34,34,6,0,4,827,14.5385,7,64,1,22,0,2,0,0,0,20.4792,0,1
screen1,0,3,depot/pfile13,gc_layer,15.1846,True,15.5771,False,True,6,20,22,4.787,6,,22,0,687240,34,34,6,0,1,830,18,0,16,0,22,0,0,0,0,0,4.79508,0,0
screen1,0,2,depot/pfile13,gc_pairs2,29.0923,True,29.4616,False,True,15,65,94,28.7508,15,,25,1,2652469,34,34,6,0,12,827,14.0667,9,79,1,14,0,0,0,0,0,28.7551,0,2
screen1,0,2,depot/pfile13,gc_sub2,9.42894,True,9.83152,False,True,13,40,45,8.39445,13,,34,0,1345876,34,34,6,0,1,818,18.6923,0,32,0,34,0,0,7,0,0,8.3995,0,0
screen1,0,3,depot/pfile13,gc_support,23.5251,True,23.9361,False,True,6,20,22,4.89952,6,,22,0,687240,34,34,6,0,1,830,18,0,16,0,22,0,0,0,0,0,4.90579,0,0
screen1,0,3,depot/pfile13,tsort_goal,13.0135,True,13.3884,False,True,,,,,,,,,,,,,,,,,,,,,,,,,,,,
screen1,23,,depot/pfile4,gc,,False,,False,,6,9,20,2.11277,6,,18,0,415454,28,30,6,0,1,462,21.3333,0,14,0,18,0,0,0,0,0,2.1147,0,0
screen1,0,8,depot/pfile4,gc_d2,287.663,True,287.836,False,True,6,30,20,5.38337,6,,18,0,1077369,30,30,6,0,1,462,21.5,0,14,0,18,0,0,0,0,0,5.3853,0,0
screen1,23,,depot/pfile4,gc_d2_p2_layer,,False,,False,,12,60,54,14.7379,12,,24,1,2221817,30,30,6,0,11,456,16.9167,6,42,1,14,0,3,0,0,0,14.7425,0,2
screen1,0,8,depot/pfile4,gc_d3,288.319,True,288.536,False,True,6,30,20,5.74421,6,,18,0,1077369,30,30,6,0,1,462,21.5,0,14,0,18,0,0,0,0,0,5.74605,0,0
screen1,23,,depot/pfile4,gc_d3_p2_layer,,False,,False,,12,60,54,15.3707,12,,24,1,2221817,30,30,6,0,11,456,16.9167,6,42,1,14,0,3,0,0,0,15.3752,0,2
screen1,0,7,depot/pfile4,gc_layer,95.4324,True,95.5857,False,True,6,9,20,1.11086,6,,18,0,415454,28,30,6,0,1,462,21.3333,0,14,0,18,0,0,0,0,0,1.11424,0,0
screen1,23,,depot/pfile4,gc_pairs2,,False,,False,,15,51,69,12.3953,15,,24,1,2393199,28,30,6,0,12,456,16.0667,9,54,1,13,0,0,0,0,0,12.3983,0,3
screen1,0,4,depot/pfile4,gc_sub2,20.1852,True,20.3576,False,True,17,21,59,3.22112,17,,38,0,1051293,30,30,6,0,1,442,21.7059,0,42,0,38,0,0,11,0,0,3.22385,0,0
screen1,0,7,depot/pfile4,gc_support,111.332,True,111.528,False,True,6,9,20,1.26885,6,,18,0,415454,28,30,6,0,1,462,21.3333,0,14,0,18,0,0,0,0,0,1.27116,0,0
screen1,0,7,depot/pfile4,tsort_goal,180.556,True,180.722,False,True,,,,,,,,,,,,,,,,,,,,,,,,,,,,
screen1,0,3,depot/pfile7,gc,3.26578,True,3.38535,False,True,5,10,17,2.28836,5,,17,0,441559,26,27,5,0,1,343,19.2,0,12,0,17,0,0,0,0,0,2.2894,0,0
screen1,0,3,depot/pfile7,gc_d2,6.01945,True,6.14087,False,True,5,25,17,4.37597,5,,17,0,1020899,27,27,5,0,1,343,19.8,0,12,0,17,0,0,0,0,0,4.37703,0,0
screen1,0,4,depot/pfile7,gc_d2_p2_layer,17.5033,True,17.626,False,True,11,54,54,11.3668,11,,19,1,2169579,27,27,5,0,2,341,15.8182,6,43,1,18,0,1,0,0,0,11.3689,0,1
screen1,0,3,depot/pfile7,gc_d3,5.72689,True,5.83921,False,True,5,25,17,4.09482,5,,17,0,1020899,27,27,5,0,1,343,19.8,0,12,0,17,0,0,0,0,0,4.09587,0,0
screen1,0,4,depot/pfile7,gc_d3_p2_layer,16.8967,True,17.0166,False,True,11,54,54,10.858,11,,19,1,2169579,27,27,5,0,2,341,15.8182,6,43,1,18,0,1,0,0,0,10.8602,0,1
screen1,0,4,depot/pfile7,gc_layer,7.33184,True,7.45898,False,True,5,10,17,1.49334,5,,17,0,441559,26,27,5,0,1,343,19.2,0,12,0,17,0,0,0,0,0,1.49552,0,0
screen1,0,3,depot/pfile7,gc_pairs2,13.1701,True,13.2891,False,True,12,38,60,8.96789,12,,22,1,1984734,26,27,5,0,2,338,15.25,7,48,1,21,0,0,0,0,0,8.96912,0,1
screen1,0,3,depot/pfile7,gc_sub2,3.96003,True,4.09502,False,True,10,15,31,2.24482,10,,24,0,684502,27,27,5,0,1,336,19.9,0,21,0,24,0,0,5,0,0,2.24616,0,0
screen1,0,4,depot/pfile7,gc_support,10.1003,True,10.238,False,True,5,10,17,1.58083,5,,17,0,441559,26,27,5,0,1,343,19.2,0,12,0,17,0,0,0,0,0,1.58264,0,0
screen1,0,4,depot/pfile7,tsort_goal,5.27769,True,5.39936,False,True,,,,,,,,,,,,,,,,,,,,,,,,,,,,
screen1,0,5,driverlog/pfile13,gc,1.49707,True,1.53737,False,True,7,0,40,0.0645925,7,,17,2,37317,13,13,8,0,5,181,4.28571,0,25,2,11,0,0,0,0,0,0.0651302,0,6
screen1,0,5,driverlog/pfile13,gc_d2,1.81074,True,1.8478,False,True,7,6,49,0.269028,7,,19,2,262862,13,13,8,0,5,179,6.42857,0,34,2,13,0,0,0,0,0,0.269639,0,6
screen1,0,4,driverlog/pfile13,gc_d2_p2_layer,2.41178,True,2.45072,False,True,17,21,97,1.36753,17,,23,1,1003654,13,13,8,0,21,175,5.47059,10,70,1,3,0,0,0,0,0,1.3756,0,9
screen1,0,5,driverlog/pfile13,gc_d3,1.65878,True,1.69566,False,True,7,6,49,0.330894,7,,19,2,356523,13,13,8,0,5,179,7.71429,0,34,2,13,0,0,0,0,0,0.331451,0,6
screen1,0,5,driverlog/pfile13,gc_d3_p2_layer,3.57307,True,3.61137,False,True,19,27,113,1.49487,19,,23,1,1168609,13,13,8,0,21,175,6.31579,12,84,1,3,0,0,0,0,0,1.50542,0,13
screen1,0,5,driverlog/pfile13,gc_layer,2.11667,True,2.1557,False,True,7,0,40,0.0376348,7,,17,2,37317,13,13,8,0,5,181,4.28571,0,25,2,11,0,0,0,0,0,0.0383975,0,6
screen1,0,5,driverlog/pfile13,gc_pairs2,1.83932,True,1.87631,False,True,15,12,83,0.533116,15,,23,1,376923,13,13,8,0,17,175,4.2,8,59,1,7,0,0,0,0,0,0.535756,0,8
screen1,0,5,driverlog/pfile13,gc_sub2,2.81686,True,2.85466,False,True,10,0,43,0.0380517,10,,20,2,37329,13,13,8,0,5,178,4.2,0,25,2,14,0,0,3,0,0,0.0386313,0,6
screen1,0,5,driverlog/pfile13,gc_support,6.66145,True,6.70303,False,True,7,0,40,0.041724,7,,17,2,37317,13,13,8,0,5,181,4.28571,0,25,2,11,0,0,0,0,0,0.042482,0,6
screen1,0,6,driverlog/pfile13,tsort_goal,5.73453,True,5.77567,False,True,,,,,,,,,,,,,,,,,,,,,,,,,,,,
screen1,0,4,driverlog/pfile14,gc,1.09734,True,1.15326,False,True,8,0,52,0.142346,8,,17,2,46269,15,15,9,0,9,190,4.5,0,31,2,6,0,0,0,0,0,0.146481,0,8
screen1,0,4,driverlog/pfile14,gc_d2,2.08812,True,2.13957,False,True,8,18,52,0.903499,8,,22,5,706580,15,15,9,0,5,185,6.625,0,31,5,12,0,0,0,0,0,0.904223,0,8
screen1,0,4,driverlog/pfile14,gc_d2_p2_layer,5.3686,True,5.41726,False,True,20,45,118,3.35718,20,,31,4,2123579,15,15,9,0,14,176,5.55,12,72,4,11,0,0,0,0,0,3.35913,0,8
screen1,0,4,driverlog/pfile14,gc_d3,2.2124,True,2.26328,False,True,8,18,52,1.16874,8,,22,5,1003791,15,15,9,0,5,185,6.625,0,31,5,12,0,0,0,0,0,1.16937,0,8
screen1,0,4,driverlog/pfile14,gc_d3_p2_layer,4.25015,True,4.29802,False,True,18,44,110,2.82056,18,,27,4,2132583,15,15,9,0,12,180,5.83333,10,66,4,9,0,4,0,0,0,2.82178,0,10
screen1,0,3,driverlog/pfile14,gc_layer,0.710277,True,0.765454,False,True,8,0,52,0.0618367,8,,17,2,46269,15,15,9,0,9,190,4.5,0,31,2,6,0,0,0,0,0,0.0628193,0,8
screen1,0,4,driverlog/pfile14,gc_pairs2,1.84842,True,1.89462,False,True,18,18,112,0.952499,18,,27,1,569210,15,15,9,0,21,180,4.27778,10,70,1,7,0,0,0,0,0,0.955501,0,9
screen1,0,4,driverlog/pfile14,gc_sub2,1.12875,True,1.18693,False,True,11,0,55,0.0650438,11,,18,2,46281,15,15,9,0,9,189,4.36364,0,31,2,7,0,0,3,0,0,0.065818,0,8
screen1,0,4,driverlog/pfile14,gc_support,5.71914,True,5.77077,False,True,8,0,52,0.0637485,8,,17,2,46269,15,15,9,0,9,190,4.5,0,31,2,6,0,0,0,0,0,0.0645808,0,8
screen1,0,4,driverlog/pfile14,tsort_goal,1.07295,True,1.1264,False,True,,,,,,,,,,,,,,,,,,,,,,,,,,,,
screen1,0,4,driverlog/pfile15,gc,10.3213,True,10.4981,False,True,9,0,43,0.516839,9,,20,2,203100,20,20,10,0,10,412,5.55556,0,31,2,10,0,0,0,0,0,0.518401,0,7
screen1,0,4,driverlog/pfile15,gc_d2,11.923,True,12.1016,False,True,9,22,44,1.63986,9,,24,3,1021099,20,20,10,0,7,408,7.22222,0,32,3,13,0,0,0,0,0,1.64154,0,7
screen1,0,4,driverlog/pfile15,gc_d2_p2_layer,17.8476,True,18.0133,False,True,17,45,74,2.89755,17,,32,3,2126686,20,20,10,0,7,400,6.41176,8,53,3,21,0,8,0,0,0,2.89953,0,8
screen1,0,4,driverlog/pfile15,gc_d3,11.2311,True,11.3998,False,True,9,26,44,1.52629,9,,24,3,1162872,20,20,10,0,7,408,7.66667,0,32,3,13,0,0,0,0,0,1.52756,0,7
screen1,0,4,driverlog/pfile15,gc_d3_p2_layer,22.3696,True,22.5391,False,True,16,49,70,3.20538,16,,30,3,2155697,20,20,10,0,7,402,6.875,7,50,3,19,0,10,0,0,0,3.20747,0,8
screen1,0,4,driverlog/pfile15,gc_layer,12.4739,True,12.6445,False,True,9,0,43,0.436293,9,,20,2,203100,20,20,10,0,10,412,5.55556,0,31,2,10,0,0,0,0,0,0.438472,0,7
screen1,0,4,driverlog/pfile15,gc_pairs2,13.1033,True,13.2753,False,True,22,39,95,1.93723,22,,36,2,977782,20,20,10,0,10,396,5.22727,13,70,2,26,0,0,0,0,0,1.93865,0,7
screen1,0,4,driverlog/pfile15,gc_sub2,10.5303,True,10.7229,False,True,12,0,46,0.468991,12,,22,2,203112,20,20,10,0,10,410,5.41667,0,31,2,12,0,0,3,0,0,0.470557,0,7
screen1,0,4,driverlog/pfile15,gc_support,22.4116,True,22.6014,False,True,9,0,43,0.479976,9,,20,2,203100,20,20,10,0,10,412,5.55556,0,31,2,10,0,0,0,0,0,0.481502,0,7
screen1,0,4,driverlog/pfile15,tsort_goal,13.4551,True,13.6287,False,True,,,,,,,,,,,,,,,,,,,,,,,,,,,,
screen1,0,3,driverlog/pfile3,gc,0.00851989,True,0.0150284,False,True,3,0,12,0.000113131,3,,8,2,95,9,9,6,0,3,22,6,0,9,2,5,0,0,0,0,0,0.000292518,0,3
screen1,0,2,driverlog/pfile3,gc_d2,0.00626634,True,0.0124771,False,True,3,0,15,0.000268172,3,,8,1,358,9,9,6,0,4,22,9.66667,0,12,1,5,0,0,0,0,0,0.000476749,0,3
screen1,0,2,driverlog/pfile3,gc_d2_p2_layer,0.00779594,True,0.0131296,False,True,6,0,38,0.00208921,6,,8,1,3102,9,9,6,0,4,22,10.5,3,32,1,5,0,0,0,0,0,0.00244743,0,8
screen1,0,2,driverlog/pfile3,gc_d3,0.0051422,True,0.00865597,False,True,3,0,15,0.000215426,3,,8,1,316,9,9,6,0,4,22,11.6667,0,12,1,5,0,0,0,0,0,0.000398017,0,3
screen1,0,2,driverlog/pfile3,gc_d3_p2_layer,0.00700735,True,0.010585,False,True,8,0,48,0.00160746,8,,8,1,2877,9,9,6,0,4,22,11.125,5,40,1,5,0,0,0,0,0,0.00198707,0,10
screen1,0,2,driverlog/pfile3,gc_layer,0.00532545,True,0.0102695,False,True,3,0,12,9.7758e-05,3,,8,2,95,9,9,6,0,3,22,6,0,9,2,5,0,0,0,0,0,0.000290542,0,3
screen1,0,3,driverlog/pfile3,gc_pairs2,0.00813237,True,0.0127232,False,True,6,0,32,0.000472157,6,,12,2,625,9,9,6,0,6,18,5.66667,3,26,2,5,0,0,0,0,0,0.000815912,0,8
screen1,0,3,driverlog/pfile3,gc_sub2,0.00800045,True,0.0113638,False,True,5,0,14,0.000103332,5,,10,2,101,9,9,6,0,3,20,4.8,0,9,2,7,0,0,2,0,0,0.000271744,0,3
screen1,0,3,driverlog/pfile3,gc_support,0.00870199,True,0.0141686,False,True,3,0,12,0.000113812,3,,8,2,95,9,9,6,0,3,22,6,0,9,2,5,0,0,0,0,0,0.00030513,0,3
screen1,0,3,driverlog/pfile3,tsort_goal,0.00720628,True,0.0128134,False,True,,,,,,,,,,,,,,,,,,,,,,,,,,,,
screen1,0,1,elevators-opt08-strips/p14,gc,0.00805906,True,0.0219831,False,True,4,0,14,0.000326099,4,,14,0,396,8,8,4,0,1,18,5,0,10,0,14,0,0,0,0,0,0.00037483,0,0
screen1,0,1,elevators-opt08-strips/p14,gc_d2,0.055109,True,0.0711554,False,True,4,0,56,0.0500328,4,,14,0,38420,8,8,4,0,1,18,8,0,52,0,14,0,0,0,0,0,0.0501687,0,0
screen1,0,1,elevators-opt08-strips/p14,gc_d2_p2_layer,0.111379,True,0.127723,False,True,9,0,126,0.106472,9,,14,0,86445,8,8,4,0,1,18,8,5,117,0,14,0,0,0,0,0,0.106647,0,0
screen1,0,1,elevators-opt08-strips/p14,gc_d3,0.0565209,True,0.0724823,False,True,4,0,56,0.0512795,4,,14,0,38420,8,8,4,0,1,18,8,0,52,0,14,0,0,0,0,0,0.0514146,0,0
screen1,0,1,elevators-opt08-strips/p14,gc_d3_p2_layer,0.114421,True,0.131488,False,True,9,0,126,0.109465,9,,14,0,86445,8,8,4,0,1,18,8,5,117,0,14,0,0,0,0,0,0.109633,0,0
screen1,0,1,elevators-opt08-strips/p14,gc_layer,0.00576741,True,0.022314,False,True,4,0,14,0.000366444,4,,14,0,396,8,8,4,0,1,18,5,0,10,0,14,0,0,0,0,0,0.000468254,0,0
screen1,0,1,elevators-opt08-strips/p14,gc_pairs2,0.0167737,True,0.033635,False,True,9,0,50,0.0112741,9,,14,0,13805,8,8,4,0,1,18,5.55556,5,41,0,14,0,0,0,0,0,0.0114145,0,0
screen1,0,1,elevators-opt08-strips/p14,gc_sub2,0.0056973,True,0.0225564,False,True,4,0,14,0.000372106,4,,14,0,396,8,8,4,0,1,18,5,0,10,0,14,0,0,0,0,0,0.000440585,0,0
screen1,0,1,elevators-opt08-strips/p14,gc_support,0.00630483,True,0.0239221,False,True,4,0,14,0.000367074,4,,14,0,396,8,8,4,0,1,18,5,0,10,0,14,0,0,0,0,0,0.000455396,0,0
screen1,0,3,elevators-opt08-strips/p14,tsort_goal,0.00989218,True,0.0274498,False,True,,,,,,,,,,,,,,,,,,,,,,,,,,,,
screen1,0,1,elevators-sat08-strips/p09,gc,0.0119646,True,0.10062,False,True,12,0,28,0.00161182,12,,28,0,637,16,16,12,0,1,68,5,0,16,0,28,0,0,0,0,0,0.0019177,0,0
screen1,0,1,elevators-sat08-strips/p09,gc_d2,3.38204,True,3.46427,False,True,12,48,96,3.43115,12,,28,0,1580651,16,16,12,0,1,68,6.91667,0,84,0,28,0,0,0,0,0,3.43151,0,0
screen1,0,1,elevators-sat08-strips/p09,gc_d2_p2_layer,4.33391,True,4.41187,False,True,16,64,128,4.35275,16,,28,0,2111978,16,16,12,0,1,68,6.9375,4,112,0,28,0,17,0,0,0,4.35335,0,0
screen1,0,1,elevators-sat08-strips/p09,gc_d3,3.13761,True,3.21727,False,True,12,48,96,3.17259,12,,28,0,1580651,16,16,12,0,1,68,6.91667,0,84,0,28,0,0,0,0,0,3.17292,0,0
screen1,0,1,elevators-sat08-strips/p09,gc_d3_p2_layer,4.24184,True,4.31732,False,True,16,64,128,4.26252,16,,28,0,2111978,16,16,12,0,1,68,6.9375,4,112,0,28,0,17,0,0,0,4.26305,0,0
screen1,0,1,elevators-sat08-strips/p09,gc_layer,0.0109622,True,0.0810479,False,True,12,0,28,0.0015974,12,,28,0,637,16,16,12,0,1,68,5,0,16,0,28,0,0,0,0,0,0.00203613,0,0
screen1,0,1,elevators-sat08-strips/p09,gc_pairs2,0.101486,True,0.176179,False,True,33,0,138,0.0908652,33,,28,0,38463,16,16,12,0,1,68,5.63636,21,105,0,28,0,0,0,0,0,0.0912055,0,0
screen1,0,1,elevators-sat08-strips/p09,gc_sub2,0.0125268,True,0.0928163,False,True,12,0,28,0.00163757,12,,28,0,637,16,16,12,0,1,68,5,0,16,0,28,0,0,0,0,0,0.00199599,0,0
screen1,0,1,elevators-sat08-strips/p09,gc_support,0.0122714,True,0.116789,False,True,12,0,28,0.001662,12,,28,0,637,16,16,12,0,1,68,5,0,16,0,28,0,0,0,0,0,0.00201712,0,0
screen1,0,3,elevators-sat08-strips/p09,tsort_goal,0.0524843,True,0.12923,False,True,,,,,,,,,,,,,,,,,,,,,,,,,,,,
screen1,0,1,elevators-sat08-strips/p15,gc,0.0190658,True,0.361931,False,True,16,0,48,0.00522305,16,,48,0,1650,20,20,16,0,1,80,5,0,32,0,48,0,0,0,0,0,0.0057357,0,0
screen1,0,1,elevators-sat08-strips/p15,gc_d2,7.08737,True,7.35738,False,True,16,64,116,7.1241,16,,48,0,2516746,20,20,16,0,1,80,6.0625,0,100,0,48,0,0,0,0,0,7.12457,0,0
screen1,0,1,elevators-sat08-strips/p15,gc_d2_p2_layer,5.78672,True,6.05117,False,True,13,52,98,5.81969,13,,42,0,2060625,17,20,16,0,1,86,6.07692,0,85,0,42,0,32,0,0,0,5.82057,0,0
screen1,0,1,elevators-sat08-strips/p15,gc_d3,7.07963,True,7.37281,False,True,16,64,116,7.09906,16,,48,0,2516746,20,20,16,0,1,80,6.0625,0,100,0,48,0,0,0,0,0,7.09959,0,0
screen1,0,1,elevators-sat08-strips/p15,gc_d3_p2_layer,5.71055,True,5.99747,False,True,13,52,98,5.77323,13,,42,0,2060625,17,20,16,0,1,86,6.07692,0,85,0,42,0,32,0,0,0,5.77403,0,0
screen1,0,1,elevators-sat08-strips/p15,gc_layer,0.0199876,True,0.335467,False,True,16,0,48,0.00573506,16,,48,0,1650,20,20,16,0,1,80,5,0,32,0,48,0,0,0,0,0,0.00658221,0,0
screen1,0,1,elevators-sat08-strips/p15,gc_pairs2,0.525259,True,0.810312,False,True,45,0,248,0.526612,45,,48,0,132021,20,20,16,0,1,80,5.64444,29,203,0,48,0,0,0,0,0,0.527268,0,0
screen1,0,1,elevators-sat08-strips/p15,gc_sub2,0.0193764,True,0.375392,False,True,16,0,48,0.00530427,16,,48,0,1650,20,20,16,0,1,80,5,0,32,0,48,0,0,0,0,0,0.00573936,0,0
screen1,0,1,elevators-sat08-strips/p15,gc_support,0.0211726,True,0.417741,False,True,16,0,48,0.00562432,16,,48,0,1650,20,20,16,0,1,80,5,0,32,0,48,0,0,0,0,0,0.00628457,0,0
screen1,0,4,elevators-sat08-strips/p15,tsort_goal,0.127356,True,0.414127,False,True,,,,,,,,,,,,,,,,,,,,,,,,,,,,
screen1,0,1,elevators-sat08-strips/p30,gc,0.201607,True,12.4916,False,True,39,0,126,0.125133,39,,126,0,8910,44,44,39,0,1,264,6,0,87,0,126,0,0,0,0,0,0.131009,0,0
screen1,0,1,elevators-sat08-strips/p30,gc_d2,46.0137,True,57.1027,False,True,39,234,276,46.5852,39,,126,0,4453668,44,44,39,0,1,264,6.97436,0,237,0,126,0,0,0,0,0,46.5906,0,0
screen1,0,3,elevators-sat08-strips/p30,gc_d2_p2_layer,23.5434,True,35.0383,False,True,18,108,122,20.9471,18,,56,0,2034772,23,44,39,0,1,334,6.94444,0,104,0,56,0,96,0,0,0,20.9572,0,0
screen1,0,1,elevators-sat08-strips/p30,gc_d3,43.4328,True,54.3306,False,True,39,234,276,43.8166,39,,126,0,4453668,44,44,39,0,1,264,6.97436,0,237,0,126,0,0,0,0,0,43.8212,0,0
screen1,0,3,elevators-sat08-strips/p30,gc_d3_p2_layer,21.115,True,32.4982,False,True,18,108,122,19.2408,18,,56,0,2034772,23,44,39,0,1,334,6.94444,0,104,0,56,0,96,0,0,0,19.2491,0,0
screen1,0,1,elevators-sat08-strips/p30,gc_layer,0.152259,True,11.8579,False,True,39,0,126,0.086743,39,,126,0,8910,44,44,39,0,1,264,6,0,87,0,126,0,0,0,0,0,0.0954377,0,0
screen1,0,1,elevators-sat08-strips/p30,gc_pairs2,10.0492,True,21.6296,False,True,114,3,594,10.0382,114,,126,0,755679,44,44,39,0,1,264,6.64912,75,480,0,126,0,0,0,0,0,10.043,0,0
screen1,0,1,elevators-sat08-strips/p30,gc_sub2,0.177266,True,11.1027,False,True,39,0,126,0.108971,39,,126,0,8910,44,44,39,0,1,264,6,0,87,0,126,0,0,0,0,0,0.113798,0,0
screen1,0,1,elevators-sat08-strips/p30,gc_support,0.174417,True,12.6639,False,True,39,0,126,0.109051,39,,126,0,8910,44,44,39,0,1,264,6,0,87,0,126,0,0,0,0,0,0.114996,0,0
screen1,0,6,elevators-sat08-strips/p30,tsort_goal,88.3081,True,102.324,False,True,,,,,,,,,,,,,,,,,,,,,,,,,,,,
screen1,0,1,elevators-sat11-strips/p12,gc,2.02102,True,27.1215,False,True,43,0,164,2.6185,43,,164,0,110726,51,51,43,0,1,524,9,0,121,0,164,0,0,0,0,0,2.63439,0,0
screen1,0,1,elevators-sat11-strips/p12,gc_d2,58.5415,True,80.627,False,True,43,238,212,58.6454,43,,164,0,4688307,51,51,43,0,1,524,9.55814,0,169,0,164,0,0,0,0,0,58.6641,0,0
screen1,0,2,elevators-sat11-strips/p12,gc_d2_p2_layer,27.1885,True,49.8933,False,True,19,109,90,25.7297,19,,62,0,2082418,27,51,43,0,1,626,9.73684,0,71,0,62,0,107,0,0,0,25.7605,0,0
screen1,0,1,elevators-sat11-strips/p12,gc_d3,58.3893,True,80.9258,False,True,43,238,212,58.5607,43,,164,0,4688307,51,51,43,0,1,524,9.55814,0,169,0,164,0,0,0,0,0,58.5765,0,0
screen1,0,2,elevators-sat11-strips/p12,gc_d3_p2_layer,26.852,True,49.1467,False,True,19,109,90,25.4668,19,,62,0,2082418,27,51,43,0,1,626,9.73684,0,71,0,62,0,107,0,0,0,25.4939,0,0
screen1,0,1,elevators-sat11-strips/p12,gc_layer,1.80612,True,25.9353,False,True,43,0,164,1.64092,43,,164,0,110726,51,51,43,0,1,524,9,0,121,0,164,0,0,0,0,0,1.67275,0,0
screen1,0,1,elevators-sat11-strips/p12,gc_pairs2,92.9668,True,115.568,False,True,126,134,652,93.9948,126,,164,0,6413033,51,51,43,0,1,524,8.92857,83,526,0,164,0,0,0,0,0,94.0096,0,0
screen1,0,1,elevators-sat11-strips/p12,gc_sub2,1.90861,True,25.9367,False,True,43,0,164,1.77351,43,,164,0,110726,51,51,43,0,1,524,9,0,121,0,164,0,0,0,0,0,1.78905,0,0
screen1,0,1,elevators-sat11-strips/p12,gc_support,1.98061,True,27.3923,False,True,43,0,164,1.83946,43,,164,0,110726,51,51,43,0,1,524,9,0,121,0,164,0,0,0,0,0,1.85818,0,0
screen1,23,,elevators-sat11-strips/p12,tsort_goal,,False,,False,,,,,,,,,,,,,,,,,,,,,,,,,,,,,
screen1,0,1,elevators-sat11-strips/p14,gc,1.61363,True,37.5823,False,True,49,0,170,2.21909,49,,170,0,76339,57,57,49,0,1,614,9,0,121,0,170,0,0,0,0,0,2.23882,0,0
screen1,0,1,elevators-sat11-strips/p14,gc_d2,84.1789,True,114.954,False,True,49,294,176,84.9649,49,,170,0,5156522,57,57,49,0,1,614,9.02041,0,127,0,170,0,0,0,0,0,84.9844,0,0
screen1,0,2,elevators-sat11-strips/p14,gc_d2_p2_layer,33.9976,True,64.88,False,True,20,120,66,31.0067,20,,66,0,2043073,28,57,49,0,1,718,9,0,46,0,66,0,124,0,0,0,31.0488,0,0
screen1,0,1,elevators-sat11-strips/p14,gc_d3,78.6771,True,109.191,False,True,49,294,176,79.3233,49,,170,0,5156522,57,57,49,0,1,614,9.02041,0,127,0,170,0,0,0,0,0,79.3424,0,0
screen1,0,2,elevators-sat11-strips/p14,gc_d3_p2_layer,34.1119,True,67.6175,False,True,20,120,66,31.2685,20,,66,0,2043073,28,57,49,0,1,718,9,0,46,0,66,0,124,0,0,0,31.3092,0,0
screen1,0,1,elevators-sat11-strips/p14,gc_layer,1.74491,True,38.9658,False,True,49,0,170,1.50854,49,,170,0,76339,57,57,49,0,1,614,9,0,121,0,170,0,0,0,0,0,1.55549,0,0
screen1,0,1,elevators-sat11-strips/p14,gc_pairs2,202.588,True,235.512,False,True,144,245,970,204.873,144,,170,0,11819360,57,57,49,0,1,614,7.99306,95,826,0,170,0,0,0,0,0,204.891,0,0
screen1,0,1,elevators-sat11-strips/p14,gc_sub2,1.53542,True,37.3547,False,True,49,0,170,1.3512,49,,170,0,76339,57,57,49,0,1,614,9,0,121,0,170,0,0,0,0,0,1.3731,0,0
screen1,0,1,elevators-sat11-strips/p14,gc_support,1.60806,True,38.4893,False,True,49,0,170,1.43863,49,,170,0,76339,57,57,49,0,1,614,9,0,121,0,170,0,0,0,0,0,1.46113,0,0
screen1,0,6,elevators-sat11-strips/p14,tsort_goal,68.5801,True,103.17,False,True,,,,,,,,,,,,,,,,,,,,,,,,,,,,
screen1,0,1,elevators-sat11-strips/p17,gc,2.22488,True,42.3635,False,True,45,0,176,2.38771,45,,176,0,91142,53,53,45,0,1,544,9,0,131,0,176,0,0,0,0,0,2.40622,0,0
screen1,0,1,elevators-sat11-strips/p17,gc_d2,125.275,True,158.424,False,True,45,270,226,126.343,45,,176,0,6431894,53,53,45,0,1,544,9.28889,0,181,0,176,0,0,0,0,0,126.361,0,0
screen1,0,3,elevators-sat11-strips/p17,gc_d2_p2_layer,44.01,True,76.9293,False,True,15,90,76,37.042,15,,50,0,2054216,23,53,45,0,1,670,9.46667,0,61,0,50,0,117,0,0,0,37.0808,0,0
screen1,0,1,elevators-sat11-strips/p17,gc_d3,123.16,True,157.111,False,True,45,270,226,124.119,45,,176,0,6431894,53,53,45,0,1,544,9.28889,0,181,0,176,0,0,0,0,0,124.135,0,0
screen1,0,3,elevators-sat11-strips/p17,gc_d3_p2_layer,43.1502,True,80.164,False,True,15,90,76,36.79,15,,50,0,2054216,23,53,45,0,1,670,9.46667,0,61,0,50,0,117,0,0,0,36.8221,0,0
screen1,0,1,elevators-sat11-strips/p17,gc_layer,2.51803,True,43.1874,False,True,45,0,176,2.32719,45,,176,0,91142,53,53,45,0,1,544,9,0,131,0,176,0,0,0,0,0,2.36437,0,0
screen1,0,1,elevators-sat11-strips/p17,gc_pairs2,166.417,True,203.538,False,True,132,161,780,167.709,132,,176,0,7760170,53,53,45,0,1,544,8.75,87,648,0,176,0,0,0,0,0,167.725,0,0
screen1,0,1,elevators-sat11-strips/p17,gc_sub2,2.31935,True,41.6147,False,True,45,0,176,2.16547,45,,176,0,91142,53,53,45,0,1,544,9,0,131,0,176,0,0,0,0,0,2.184,0,0
screen1,0,1,elevators-sat11-strips/p17,gc_support,2.45022,True,41.0413,False,True,45,0,176,2.34241,45,,176,0,91142,53,53,45,0,1,544,9,0,131,0,176,0,0,0,0,0,2.36254,0,0
screen1,23,,elevators-sat11-strips/p17,tsort_goal,,False,,False,,,,,,,,,,,,,,,,,,,,,,,,,,,,,
screen1,0,1,ferry/p-10locs-5cars,gc,0.0081957,True,0.0119654,False,True,5,0,10,0.000138299,5,,10,0,24,6,6,5,0,1,0,2,0,5,0,10,0,0,0,0,0,0.000192277,0,0
screen1,0,1,ferry/p-10locs-5cars,gc_d2,0.00494789,True,0.0105725,False,True,5,0,50,0.000303339,5,,10,0,560,6,6,5,0,1,0,6,0,45,0,10,0,0,0,0,0,0.000346513,0,0
screen1,0,1,ferry/p-10locs-5cars,gc_d2_p2_layer,0.00471895,True,0.0102466,False,True,12,0,120,0.000704753,12,,10,0,1344,6,6,5,0,1,0,6,7,108,0,10,0,0,0,0,0,0.000757582,0,0
screen1,0,1,ferry/p-10locs-5cars,gc_d3,0.00532496,True,0.010926,False,True,5,0,50,0.000307416,5,,10,0,560,6,6,5,0,1,0,6,0,45,0,10,0,0,0,0,0,0.000350833,0,0
screen1,0,1,ferry/p-10locs-5cars,gc_d3_p2_layer,0.00499077,True,0.0114155,False,True,12,0,120,0.000697389,12,,10,0,1344,6,6,5,0,1,0,6,7,108,0,10,0,0,0,0,0,0.000744367,0,0
screen1,0,1,ferry/p-10locs-5cars,gc_layer,0.00503186,True,0.0114528,False,True,5,0,10,5.3531e-05,5,,10,0,24,6,6,5,0,1,0,2,0,5,0,10,0,0,0,0,0,9.5097e-05,0,0
screen1,0,1,ferry/p-10locs-5cars,gc_pairs2,0.00539771,True,0.0115653,False,True,12,0,38,0.000122658,12,,10,0,134,6,6,5,0,1,0,2.58333,7,26,0,10,0,0,0,0,0,0.000165259,0,0
screen1,0,1,ferry/p-10locs-5cars,gc_sub2,0.00466068,True,0.0106826,False,True,5,0,10,5.2638e-05,5,,10,0,24,6,6,5,0,1,0,2,0,5,0,10,0,0,0,0,0,8.6939e-05,0,0
screen1,0,1,ferry/p-10locs-5cars,gc_support,0.00492755,True,0.0102729,False,True,5,0,10,5.2124e-05,5,,10,0,24,6,6,5,0,1,0,2,0,5,0,10,0,0,0,0,0,8.9686e-05,0,0
screen1,0,1,ferry/p-10locs-5cars,tsort_goal,0.00476381,True,0.00884094,False,True,,,,,,,,,,,,,,,,,,,,,,,,,,,,
screen1,0,1,ferry/p-10locs-7cars,gc,0.00476724,True,0.011899,False,True,5,0,10,6.9984e-05,5,,10,0,24,8,8,7,0,1,4,2.8,0,5,0,10,0,0,0,0,0,9.5297e-05,0,0
screen1,0,1,ferry/p-10locs-7cars,gc_d2,0.00633263,True,0.0126358,False,True,7,0,70,0.00174846,7,,10,0,3535,8,8,7,0,1,4,8,0,63,0,10,0,0,0,0,0,0.0018368,0,0
screen1,0,1,ferry/p-10locs-7cars,gc_d2_p2_layer,0.00832232,True,0.0154273,False,True,18,0,180,0.00425153,18,,10,0,9090,8,8,7,0,1,4,8,11,162,0,10,0,0,0,0,0,0.00438376,0,0
screen1,0,1,ferry/p-10locs-7cars,gc_d3,0.00649755,True,0.0141272,False,True,7,0,70,0.0017225,7,,10,0,3535,8,8,7,0,1,4,8,0,63,0,10,0,0,0,0,0,0.00180972,0,0
screen1,0,1,ferry/p-10locs-7cars,gc_d3_p2_layer,0.00859853,True,0.0157542,False,True,18,0,180,0.00427331,18,,10,0,9090,8,8,7,0,1,4,8,11,162,0,10,0,0,0,0,0,0.00440033,0,0
screen1,0,1,ferry/p-10locs-7cars,gc_layer,0.00441241,True,0.0119502,False,True,5,0,10,7.7232e-05,5,,10,0,24,8,8,7,0,1,4,2.8,0,5,0,10,0,0,0,0,0,0.000126932,0,0
screen1,0,1,ferry/p-10locs-7cars,gc_pairs2,0.00491911,True,0.0121541,False,True,16,0,46,0.000208043,16,,10,0,156,8,8,7,0,1,4,2.9375,11,30,0,10,0,0,0,0,0,0.000256652,0,0
screen1,0,1,ferry/p-10locs-7cars,gc_sub2,0.00423063,True,0.0108024,False,True,5,0,10,8.0158e-05,5,,10,0,24,8,8,7,0,1,4,2.8,0,5,0,10,0,0,0,0,0,0.000121086,0,0
screen1,0,1,ferry/p-10locs-7cars,gc_support,0.00515754,True,0.0130551,False,True,5,0,10,7.9772e-05,5,,10,0,24,8,8,7,0,1,4,2.8,0,5,0,10,0,0,0,0,0,0.000125286,0,0
screen1,0,1,ferry/p-10locs-7cars,tsort_goal,0.0046405,True,0.00993893,False,True,,,,,,,,,,,,,,,,,,,,,,,,,,,,
screen1,0,4,floortile-sat11-strips/seq-p02-004,gc,3.18169,True,3.22293,False,True,15,0,139,0.200202,15,,62,1,136703,20,20,15,0,51,82,6.13333,0,124,1,12,0,0,0,0,0,0.782121,0,7
screen1,0,3,floortile-sat11-strips/seq-p02-004,gc_d2,5.50799,True,5.54676,False,True,15,63,167,3.39234,15,,75,1,2568288,20,20,15,0,52,69,7.33333,0,152,1,24,0,0,0,0,0,3.81395,0,9
screen1,0,4,floortile-sat11-strips/seq-p02-004,gc_d2_p2_layer,5.59834,True,5.63404,False,True,12,51,134,2.45013,12,,71,1,2039560,20,20,15,0,48,73,7.41667,0,122,1,24,0,30,0,0,0,2.57896,0,7
screen1,0,3,floortile-sat11-strips/seq-p02-004,gc_d3,5.41532,True,5.45339,False,True,15,63,167,3.39019,15,,75,1,2568288,20,20,15,0,52,69,7.33333,0,152,1,24,0,0,0,0,0,3.81125,0,9
screen1,0,4,floortile-sat11-strips/seq-p02-004,gc_d3_p2_layer,5.50855,True,5.54293,False,True,12,51,134,2.42221,12,,71,1,2039560,20,20,15,0,48,73,7.41667,0,122,1,24,0,30,0,0,0,2.56244,0,7
screen1,0,3,floortile-sat11-strips/seq-p02-004,gc_layer,1.58639,True,1.6241,False,True,15,0,139,0.179645,15,,62,1,136703,20,20,15,0,51,82,6.13333,0,124,1,12,0,0,0,0,0,0.473811,0,7
screen1,0,3,floortile-sat11-strips/seq-p02-004,gc_pairs2,42.1225,True,42.1556,False,True,33,48,339,2.43228,33,,82,1,1832369,20,20,15,0,82,62,6.78788,18,306,0,1,0,0,0,0,0,41.7291,0,25
screen1,0,4,floortile-sat11-strips/seq-p02-004,gc_sub2,2.88726,True,2.92297,False,True,16,0,140,0.174497,16,,62,1,136705,20,20,15,0,51,82,6.125,0,124,1,12,0,0,1,0,0,0.47788,0,7
screen1,0,3,floortile-sat11-strips/seq-p02-004,gc_support,2.23238,True,2.26977,False,True,15,0,139,0.159556,15,,62,1,136703,20,20,15,0,51,82,6.13333,0,124,1,12,0,0,0,0,0,0.446767,0,7
screen1,0,8,floortile-sat11-strips/seq-p02-004,tsort_goal,42.3245,True,42.3557,False,True,,,,,,,,,,,,,,,,,,,,,,,,,,,,
screen1,0,3,floortile-sat14-strips/p02-5-4-2,gc,3.57941,True,3.65959,False,True,20,6,190,0.881059,20,,91,2,373330,26,26,20,0,81,109,6.2,0,170,2,8,0,0,0,0,0,1.30651,0,9
screen1,0,4,floortile-sat14-strips/p02-5-4-2,gc_d2,42.7698,True,42.855,False,True,20,98,221,6.67652,20,,100,1,4774510,26,26,20,0,89,100,7.3,0,201,0,12,0,0,0,0,0,36.6217,0,17
screen1,0,5,floortile-sat14-strips/p02-5-4-2,gc_d2_p2_layer,12.8201,True,12.9007,False,True,9,45,104,2.94749,9,,67,1,2170054,26,26,20,0,24,133,7.44444,0,95,1,44,0,48,0,0,0,2.95161,0,4
screen1,0,4,floortile-sat14-strips/p02-5-4-2,gc_d3,41.6886,True,41.7611,False,True,20,98,221,6.40888,20,,100,1,4774510,26,26,20,0,89,100,7.3,0,201,0,12,0,0,0,0,0,35.4246,0,17
screen1,0,5,floortile-sat14-strips/p02-5-4-2,gc_d3_p2_layer,11.9241,True,12.0025,False,True,9,45,104,2.79389,9,,67,1,2170054,26,26,20,0,24,133,7.44444,0,95,1,44,0,48,0,0,0,2.79749,0,4
screen1,0,5,floortile-sat14-strips/p02-5-4-2,gc_layer,16.2105,True,16.277,False,True,20,6,190,0.549213,20,,91,2,373330,26,26,20,0,81,109,6.2,0,170,2,8,0,0,0,0,0,0.942299,0,9
screen1,0,4,floortile-sat14-strips/p02-5-4-2,gc_pairs2,30.012,True,30.0894,False,True,44,80,461,5.15823,44,,114,1,3088634,26,26,20,0,105,86,6.81818,24,417,0,10,0,0,0,0,0,21.034,0,42
screen1,0,3,floortile-sat14-strips/p02-5-4-2,gc_sub2,3.56931,True,3.64933,False,True,20,6,190,0.636803,20,,91,2,373330,26,26,20,0,81,109,6.2,0,170,2,8,0,0,0,0,0,1.02837,0,9
screen1,0,4,floortile-sat14-strips/p02-5-4-2,gc_support,7.02539,True,7.10041,False,True,20,6,190,0.575045,20,,91,2,373330,26,26,20,0,81,109,6.2,0,170,2,8,0,0,0,0,0,1.01632,0,9
screen1,23,,floortile-sat14-strips/p02-5-4-2,tsort_goal,,False,,False,,,,,,,,,,,,,,,,,,,,,,,,,,,,,
screen1,0,5,floortile-sat14-strips/p03-6-4-2,gc,91.7961,True,91.9291,False,True,24,15,219,1.11845,24,,87,1,538873,30,30,24,0,83,149,6.125,0,195,0,5,0,0,0,0,0,90.9788,0,14
screen1,0,5,floortile-sat14-strips/p03-6-4-2,gc_d2,80.4329,True,80.5467,False,True,24,120,253,9.306,24,,88,1,6099840,30,30,24,0,85,148,7.125,0,229,0,4,0,0,0,0,0,55.5081,0,23
screen1,0,9,floortile-sat14-strips/p03-6-4-2,gc_d2_p2_layer,141.632,True,141.755,False,True,8,40,93,3.20534,8,,53,1,2209023,26,30,24,0,24,183,7.5,0,85,1,30,0,61,0,0,0,3.21157,0,5
screen1,0,5,floortile-sat14-strips/p03-6-4-2,gc_d3,77.4759,True,77.5882,False,True,24,120,253,8.9264,24,,88,1,6099840,30,30,24,0,85,148,7.125,0,229,0,4,0,0,0,0,0,53.27,0,23
screen1,0,9,floortile-sat14-strips/p03-6-4-2,gc_d3_p2_layer,142.769,True,142.875,False,True,8,40,93,3.27646,8,,53,1,2209023,26,30,24,0,24,183,7.5,0,85,1,30,0,61,0,0,0,3.28333,0,5
screen1,0,5,floortile-sat14-strips/p03-6-4-2,gc_layer,78.004,True,78.1273,False,True,24,15,219,0.865126,24,,87,1,538873,30,30,24,0,83,149,6.125,0,195,0,5,0,0,0,0,0,57.877,0,14
screen1,0,7,floortile-sat14-strips/p03-6-4-2,gc_pairs2,108.287,True,108.397,False,True,52,101,530,6.30284,52,,92,1,3889992,30,30,24,0,90,144,6.75,28,478,0,3,0,0,0,0,0,24.1326,0,57
screen1,0,5,floortile-sat14-strips/p03-6-4-2,gc_sub2,88.7027,True,88.8285,False,True,25,15,220,0.90274,25,,87,1,538875,30,30,24,0,83,149,6.16,0,195,0,5,0,0,1,0,0,58.7996,0,14
screen1,0,4,floortile-sat14-strips/p03-6-4-2,gc_support,73.9611,True,74.0842,False,True,24,15,219,0.873478,24,,87,1,538873,30,30,24,0,83,149,6.125,0,195,0,5,0,0,0,0,0,60.1245,0,14
screen1,23,,floortile-sat14-strips/p03-6-4-2,tsort_goal,,False,,False,,,,,,,,,,,,,,,,,,,,,,,,,,,,,
screen1,0,4,floortile-sat14-strips/p04-5-4-2,gc,35.7792,True,35.8601,False,True,20,3,193,0.746575,20,,90,1,340576,26,26,20,0,80,110,6.25,0,173,0,11,0,0,0,0,0,44.1272,0,13
screen1,0,3,floortile-sat14-strips/p04-5-4-2,gc_d2,38.2824,True,38.3646,False,True,20,99,224,6.43337,20,,91,2,4770430,26,26,20,0,77,109,7.35,0,204,1,11,0,0,0,0,0,36.603,0,19
screen1,0,4,floortile-sat14-strips/p04-5-4-2,gc_d2_p2_layer,6.29788,True,6.37628,False,True,9,45,104,2.89116,9,,58,1,2147697,26,26,20,0,32,142,7.44444,0,95,1,27,0,48,0,0,0,2.97102,0,7
screen1,0,3,floortile-sat14-strips/p04-5-4-2,gc_d3,33.9324,True,34.0082,False,True,20,99,224,6.20327,20,,91,2,4770430,26,26,20,0,77,109,7.35,0,204,1,11,0,0,0,0,0,32.1389,0,19
screen1,0,4,floortile-sat14-strips/p04-5-4-2,gc_d3_p2_layer,5.83342,True,5.9021,False,True,9,45,104,2.67999,9,,58,1,2147697,26,26,20,0,32,142,7.44444,0,95,1,27,0,48,0,0,0,2.75764,0,7
screen1,0,4,floortile-sat14-strips/p04-5-4-2,gc_layer,29.2801,True,29.3557,False,True,20,3,193,0.471258,20,,90,1,340576,26,26,20,0,80,110,6.25,0,173,0,11,0,0,0,0,0,25.5934,0,13
screen1,0,4,floortile-sat14-strips/p04-5-4-2,gc_pairs2,60.3073,True,60.3872,False,True,44,77,464,4.78628,44,,95,1,2985681,26,26,20,0,90,105,6.84091,24,420,0,6,0,0,0,0,0,53.0059,0,46
screen1,0,4,floortile-sat14-strips/p04-5-4-2,gc_sub2,39.4107,True,39.4943,False,True,21,3,194,0.578349,21,,90,1,340578,26,26,20,0,80,110,6.28571,0,173,0,11,0,0,1,0,0,32.8884,0,13
screen1,0,4,floortile-sat14-strips/p04-5-4-2,gc_support,35.6388,True,35.7068,False,True,20,3,193,0.520369,20,,90,1,340576,26,26,20,0,80,110,6.25,0,173,0,11,0,0,0,0,0,28.2414,0,13
screen1,23,,floortile-sat14-strips/p04-5-4-2,tsort_goal,,False,,False,,,,,,,,,,,,,,,,,,,,,,,,,,,,,
screen1,0,2,freecell/probfreecell-4-1,gc,4.68154,True,5.26011,False,True,4,4,14,0.863396,4,,11,0,212600,25,38,4,0,1,235,10.25,0,10,0,11,0,0,0,0,0,0.865082,0,0
screen1,0,2,freecell/probfreecell-4-1,gc_d2,6.32856,True,6.88622,False,True,4,24,14,1.93114,4,,11,0,619451,25,38,4,0,1,235,13.75,0,10,0,11,0,0,0,0,0,1.93307,0,0
screen1,0,1,freecell/probfreecell-4-1,gc_d2_p2_layer,5.65961,True,6.14159,False,True,9,53,37,4.68798,9,,14,0,1460913,25,38,4,0,1,232,11.1111,5,28,0,14,0,0,0,0,0,4.69078,0,0
screen1,0,2,freecell/probfreecell-4-1,gc_d3,5.308,True,5.80639,False,True,4,24,14,1.62791,4,,11,0,619451,25,38,4,0,1,235,13.75,0,10,0,11,0,0,0,0,0,1.62954,0,0
screen1,0,1,freecell/probfreecell-4-1,gc_d3_p2_layer,4.86339,True,5.32626,False,True,9,53,37,4.06726,9,,14,0,1460913,25,38,4,0,1,232,11.1111,5,28,0,14,0,0,0,0,0,4.06989,0,0
screen1,0,1,freecell/probfreecell-4-1,gc_layer,1.89846,True,2.45833,False,True,4,4,14,0.622426,4,,11,0,212600,25,38,4,0,1,235,10.25,0,10,0,11,0,0,0,0,0,0.625103,0,0
screen1,0,2,freecell/probfreecell-4-1,gc_pairs2,7.00475,True,7.58765,False,True,9,29,36,3.40061,9,,13,0,1003620,25,38,4,0,1,233,9.22222,5,27,0,13,0,0,0,0,0,3.40215,0,0
screen1,0,1,freecell/probfreecell-4-1,gc_sub2,1.57914,True,2.03302,False,True,18,4,57,0.701172,18,,36,0,288561,38,38,4,0,1,210,14.1667,0,39,0,36,0,0,14,0,0,0.702996,0,0
screen1,0,3,freecell/probfreecell-4-1,gc_support,7.38299,True,7.88814,False,True,4,4,14,0.619654,4,,11,0,212600,25,38,4,0,1,235,10.25,0,10,0,11,0,0,0,0,0,0.621737,0,0
screen1,0,3,freecell/probfreecell-4-1,tsort_goal,4.55874,True,5.12895,False,True,,,,,,,,,,,,,,,,,,,,,,,,,,,,
screen1,0,2,freecell/probfreecell-4-3,gc,3.77351,True,4.27347,False,True,4,4,16,0.57911,4,,12,0,159809,24,38,4,0,1,226,12.75,0,12,0,12,0,0,0,0,0,0.580536,0,0
screen1,0,2,freecell/probfreecell-4-3,gc_d2,4.49489,True,5.06589,False,True,4,23,16,1.45813,4,,12,0,619351,24,38,4,0,1,226,13,0,12,0,12,0,0,0,0,0,1.45945,0,0
screen1,0,1,freecell/probfreecell-4-3,gc_d2_p2_layer,5.19326,True,5.6978,False,True,9,50,41,4.47131,9,,15,0,1682710,24,38,4,0,1,223,11.4444,5,32,0,15,0,0,0,0,0,4.47382,0,0
screen1,0,2,freecell/probfreecell-4-3,gc_d3,4.55963,True,5.08377,False,True,4,23,16,1.41997,4,,12,0,619351,24,38,4,0,1,226,13,0,12,0,12,0,0,0,0,0,1.42146,0,0
screen1,0,1,freecell/probfreecell-4-3,gc_d3_p2_layer,5.42142,True,5.96079,False,True,9,50,41,4.56032,9,,15,0,1682710,24,38,4,0,1,223,11.4444,5,32,0,15,0,0,0,0,0,4.56275,0,0
screen1,0,1,freecell/probfreecell-4-3,gc_layer,1.27459,True,1.77437,False,True,4,4,16,0.343251,4,,12,0,159809,24,38,4,0,1,226,12.75,0,12,0,12,0,0,0,0,0,0.345763,0,0
screen1,0,2,freecell/probfreecell-4-3,gc_pairs2,5.69971,True,6.22384,False,True,9,26,40,3.06063,9,,14,0,1105766,24,38,4,0,1,224,11.4444,5,31,0,14,0,0,0,0,0,3.06222,0,0
screen1,0,2,freecell/probfreecell-4-3,gc_sub2,4.15019,True,4.65347,False,True,28,18,81,1.879,28,,46,0,771208,38,38,4,0,1,192,14.8214,0,53,0,46,0,0,24,0,0,1.88056,0,0
screen1,0,2,freecell/probfreecell-4-3,gc_support,1.86937,True,2.3939,False,True,4,4,16,0.341423,4,,12,0,159809,24,38,4,0,1,226,12.75,0,12,0,12,0,0,0,0,0,0.343209,0,0
screen1,0,3,freecell/probfreecell-4-3,tsort_goal,3.65577,True,4.1875,False,True,,,,,,,,,,,,,,,,,,,,,,,,,,,,
screen1,0,3,freecell/probfreecell-7-2,gc,37.2831,True,39.7819,False,True,4,13,21,5.49221,4,,16,0,515524,24,62,4,0,1,477,11.25,0,17,0,16,0,0,0,0,0,5.50008,0,0
screen1,0,3,freecell/probfreecell-7-2,gc_d2,39.1413,True,41.6952,False,True,4,24,21,4.70222,4,,16,0,704296,24,62,4,0,1,477,11.25,0,17,0,16,0,0,0,0,0,4.70942,0,0
screen1,0,2,freecell/probfreecell-7-2,gc_d2_p2_layer,40.2687,True,42.2791,False,True,9,54,53,10.3734,9,,20,1,1488917,24,62,4,0,6,473,8.88889,5,44,1,15,0,0,0,0,0,10.386,0,1
screen1,0,3,freecell/probfreecell-7-2,gc_d3,36.7722,True,39.1525,False,True,4,24,21,4.86471,4,,16,0,704296,24,62,4,0,1,477,11.25,0,17,0,16,0,0,0,0,0,4.8722,0,0
screen1,0,2,freecell/probfreecell-7-2,gc_d3_p2_layer,39.5623,True,41.904,False,True,9,54,53,10.9513,9,,20,1,1488917,24,62,4,0,6,473,8.88889,5,44,1,15,0,0,0,0,0,10.9646,0,1
screen1,0,2,freecell/probfreecell-7-2,gc_layer,43.4899,True,45.8418,False,True,4,13,21,3.41795,4,,16,0,515524,24,62,4,0,1,477,11.25,0,17,0,16,0,0,0,0,0,3.43213,0,0
screen1,0,3,freecell/probfreecell-7-2,gc_pairs2,34.4564,True,36.7356,False,True,9,35,52,9.48048,9,,19,0,1277387,24,62,4,0,1,474,9.11111,5,43,0,19,0,0,0,0,0,9.48736,0,0
screen1,0,3,freecell/probfreecell-7-2,gc_sub2,109.811,True,111.853,False,True,41,69,132,14.2178,41,,74,1,2919015,62,62,4,0,19,419,17.1463,0,91,1,56,0,0,37,0,0,14.2257,0,2
screen1,0,4,freecell/probfreecell-7-2,gc_support,113.992,True,116.362,False,True,4,13,21,3.32387,4,,16,0,515524,24,62,4,0,1,477,11.25,0,17,0,16,0,0,0,0,0,3.33339,0,0
screen1,0,5,freecell/probfreecell-7-2,tsort_goal,215.003,True,217.638,False,True,,,,,,,,,,,,,,,,,,,,,,,,,,,,
screen1,0,2,grid/prob01,gc,66.0427,True,66.1703,False,True,1,0,4,0.0397092,1,,4,0,5999,11,19,1,0,1,2262,11,0,3,0,4,0,0,0,0,0,0.0474587,0,0
screen1,0,2,grid/prob01,gc_d2,60.5172,True,60.6419,False,True,1,4,4,1.02166,1,,4,0,117009,16,19,1,0,1,2262,16,0,3,0,4,0,0,0,0,0,1.03099,0,0
screen1,0,2,grid/prob01,gc_d2_p2_layer,90.4715,True,90.6022,False,True,1,4,4,1.01394,1,,4,0,117009,16,19,1,0,1,2262,16,0,3,0,4,0,0,0,0,0,1.02938,0,0
screen1,0,2,grid/prob01,gc_d3,64.0911,True,64.2169,False,True,1,4,4,1.00248,1,,4,0,117009,16,19,1,0,1,2262,16,0,3,0,4,0,0,0,0,0,1.01209,0,0
screen1,0,2,grid/prob01,gc_d3_p2_layer,92.9581,True,93.0682,False,True,1,4,4,1.05084,1,,4,0,117009,16,19,1,0,1,2262,16,0,3,0,4,0,0,0,0,0,1.06456,0,0
screen1,0,2,grid/prob01,gc_layer,87.2262,True,87.3519,False,True,1,0,4,0.0412778,1,,4,0,5999,11,19,1,0,1,2262,11,0,3,0,4,0,0,0,0,0,0.0585737,0,0
screen1,0,2,grid/prob01,gc_pairs2,61.1021,True,61.2197,False,True,1,0,4,0.0378787,1,,4,0,5999,11,19,1,0,1,2262,11,0,3,0,4,0,0,0,0,0,0.0462824,0,0
screen1,0,2,grid/prob01,gc_sub2,61.2511,True,61.3694,False,True,2,0,6,0.0386126,2,,6,0,6026,12,19,1,0,1,2260,7.5,0,4,0,6,0,0,1,0,0,0.0466867,0,0
screen1,0,2,grid/prob01,gc_support,46.6648,True,46.7935,False,True,1,0,4,0.0410735,1,,4,0,5999,11,19,1,0,1,2262,11,0,3,0,4,0,0,0,0,0,0.0527128,0,0
screen1,0,2,grid/prob01,tsort_goal,31.4588,True,31.5778,False,True,,,,,,,,,,,,,,,,,,,,,,,,,,,,
screen1,0,1,gripper/prob01,gc,0.00505868,True,0.00776531,False,True,4,0,8,7.0045e-05,4,,8,0,74,6,6,4,0,1,8,3,0,4,0,8,0,0,0,0,0,0.000105719,0,0
screen1,0,1,gripper/prob01,gc_d2,0.00480983,True,0.00837394,False,True,4,0,32,0.000399263,4,,8,0,512,6,6,4,0,1,8,6,0,28,0,8,0,0,0,0,0,0.000448859,0,0
screen1,0,1,gripper/prob01,gc_d2_p2_layer,0.00578928,True,0.00894725,False,True,9,0,72,0.00089595,9,,8,0,1152,6,6,4,0,1,8,6,5,63,0,8,0,0,0,0,0,0.000956827,0,0
screen1,0,1,gripper/prob01,gc_d3,0.00448587,True,0.00642488,False,True,4,0,32,0.000356639,4,,8,0,512,6,6,4,0,1,8,6,0,28,0,8,0,0,0,0,0,0.000394183,0,0
screen1,0,1,gripper/prob01,gc_d3_p2_layer,0.00528758,True,0.00855724,False,True,9,0,72,0.000770995,9,,8,0,1152,6,6,4,0,1,8,6,5,63,0,8,0,0,0,0,0,0.000823948,0,0
screen1,0,1,gripper/prob01,gc_layer,0.00445925,True,0.00798188,False,True,4,0,8,6.8967e-05,4,,8,0,74,6,6,4,0,1,8,3,0,4,0,8,0,0,0,0,0,0.00010991,0,0
screen1,0,1,gripper/prob01,gc_pairs2,0.00450269,True,0.00675284,False,True,9,0,28,0.000224714,9,,8,0,306,6,6,4,0,1,8,3.55556,5,19,0,8,0,0,0,0,0,0.000269492,0,0
screen1,0,1,gripper/prob01,gc_sub2,0.0047676,True,0.00864466,False,True,4,0,8,7.4916e-05,4,,8,0,74,6,6,4,0,1,8,3,0,4,0,8,0,0,0,0,0,0.000113069,0,0
screen1,0,1,gripper/prob01,gc_support,0.00466067,True,0.00813731,False,True,4,0,8,6.4847e-05,4,,8,0,74,6,6,4,0,1,8,3,0,4,0,8,0,0,0,0,0,0.000104121,0,0
screen1,0,1,gripper/prob01,tsort_goal,0.00460431,True,0.00765433,False,True,,,,,,,,,,,,,,,,,,,,,,,,,,,,
screen1,0,1,gripper/prob03,gc,0.00596898,True,0.0118661,False,True,8,0,16,0.000254431,8,,16,0,452,10,10,8,0,1,16,3,0,8,0,16,0,0,0,0,0,0.000320882,0,0
screen1,0,1,gripper/prob03,gc_d2,0.0493559,True,0.0548712,False,True,8,0,128,0.0442627,8,,16,0,47104,10,10,8,0,1,16,10,0,120,0,16,0,0,0,0,0,0.0444071,0,0
screen1,0,1,gripper/prob03,gc_d2_p2_layer,0.134722,True,0.139983,False,True,21,0,336,0.142968,21,,16,0,123648,10,10,8,0,1,16,10,13,315,0,16,0,0,0,0,0,0.143138,0,0
screen1,0,1,gripper/prob03,gc_d3,0.0476368,True,0.0530237,False,True,8,0,128,0.0493672,8,,16,0,47104,10,10,8,0,1,16,10,0,120,0,16,0,0,0,0,0,0.0497004,0,0
screen1,0,1,gripper/prob03,gc_d3_p2_layer,0.119428,True,0.123464,False,True,21,0,336,0.114273,21,,16,0,123648,10,10,8,0,1,16,10,13,315,0,16,0,0,0,0,0,0.114424,0,0
screen1,0,1,gripper/prob03,gc_layer,0.00579509,True,0.010631,False,True,8,0,16,0.000236946,8,,16,0,452,10,10,8,0,1,16,3,0,8,0,16,0,0,0,0,0,0.000309593,0,0
screen1,0,1,gripper/prob03,gc_pairs2,0.00672814,True,0.0128351,False,True,21,0,68,0.00133484,21,,16,0,2468,10,10,8,0,1,16,3.61905,13,47,0,16,0,0,0,0,0,0.00146662,0,0
screen1,0,1,gripper/prob03,gc_sub2,0.00578052,True,0.0110984,False,True,8,0,16,0.000232846,8,,16,0,452,10,10,8,0,1,16,3,0,8,0,16,0,0,0,0,0,0.000287371,0,0
screen1,0,1,gripper/prob03,gc_support,0.00644469,True,0.011531,False,True,8,0,16,0.000246389,8,,16,0,452,10,10,8,0,1,16,3,0,8,0,16,0,0,0,0,0,0.000309426,0,0
screen1,0,1,gripper/prob03,tsort_goal,0.00621272,True,0.0124236,False,True,,,,,,,,,,,,,,,,,,,,,,,,,,,,
screen1,0,2,mprime/prob04,gc,0.165188,True,0.217626,False,True,1,0,7,0.000333114,1,,7,0,29,3,19,1,0,1,232,3,0,6,0,7,0,0,0,0,0,0.00101223,0,0
screen1,0,2,mprime/prob04,gc_d2,0.615472,True,0.664915,False,True,1,5,8,0.459253,1,,8,0,125556,13,19,1,0,1,231,13,0,7,0,8,0,0,0,0,0,0.460192,0,0
screen1,0,1,mprime/prob04,gc_d2_p2_layer,0.497484,True,0.544535,False,True,1,5,8,0.45589,1,,8,0,125556,13,19,1,0,1,231,13,0,7,0,8,0,0,0,0,0,0.45748,0,0
screen1,0,2,mprime/prob04,gc_d3,0.563148,True,0.609567,False,True,1,5,8,0.416294,1,,8,0,125556,13,19,1,0,1,231,13,0,7,0,8,0,0,0,0,0,0.417105,0,0
screen1,0,1,mprime/prob04,gc_d3_p2_layer,0.487251,True,0.535522,False,True,1,5,8,0.446571,1,,8,0,125556,13,19,1,0,1,231,13,0,7,0,8,0,0,0,0,0,0.448148,0,0
screen1,0,1,mprime/prob04,gc_layer,0.0261691,True,0.0727427,False,True,1,0,7,0.000269746,1,,7,0,29,3,19,1,0,1,232,3,0,6,0,7,0,0,0,0,0,0.00151975,0,0
screen1,0,2,mprime/prob04,gc_pairs2,0.15532,True,0.202547,False,True,1,0,7,0.000328441,1,,7,0,29,3,19,1,0,1,232,3,0,6,0,7,0,0,0,0,0,0.0010481,0,0
screen1,0,1,mprime/prob04,gc_sub2,0.0784696,True,0.122268,False,True,2,0,8,0.000504623,2,,8,0,66,13,19,1,0,1,231,7,0,6,0,8,0,0,1,0,0,0.00118193,0,0
screen1,0,1,mprime/prob04,gc_support,0.0339653,True,0.0842069,False,True,1,0,7,0.000258594,1,,7,0,29,3,19,1,0,1,232,3,0,6,0,7,0,0,0,0,0,0.000988233,0,0
screen1,0,3,mprime/prob04,tsort_goal,0.645677,True,0.694892,False,True,,,,,,,,,,,,,,,,,,,,,,,,,,,,
screen1,0,2,mprime/prob11,gc,0.146347,True,0.199753,False,True,2,0,10,0.000457149,2,,9,0,138,4,18,2,0,1,183,3,0,8,0,9,0,0,0,0,0,0.000891364,0,0
screen1,0,1,mprime/prob11,gc_d2,0.974,True,1.02622,False,True,2,8,14,0.975711,2,,7,0,303684,14,18,2,0,1,185,14,0,12,0,7,0,0,0,0,0,0.976343,0,0
screen1,0,1,mprime/prob11,gc_d2_p2_layer,1.3412,True,1.39398,False,True,3,12,21,1.35634,3,,7,0,457514,14,18,2,0,1,185,14,1,18,0,7,0,0,0,0,0,1.35759,0,0
screen1,0,1,mprime/prob11,gc_d3,0.844039,True,0.893003,False,True,2,8,14,0.830571,2,,7,0,303684,14,18,2,0,1,185,14,0,12,0,7,0,0,0,0,0,0.831123,0,0
screen1,0,1,mprime/prob11,gc_d3_p2_layer,1.23265,True,1.2799,False,True,3,12,21,1.24055,3,,7,0,457514,14,18,2,0,1,185,14,1,18,0,7,0,0,0,0,0,1.24152,0,0
screen1,0,2,mprime/prob11,gc_layer,0.139053,True,0.187408,False,True,2,0,10,0.00045457,2,,9,0,138,4,18,2,0,1,183,3,0,8,0,9,0,0,0,0,0,0.00139967,0,0
screen1,0,1,mprime/prob11,gc_pairs2,0.0272353,True,0.0816909,False,True,3,0,17,0.00115514,3,,9,0,587,4,18,2,0,1,183,3.33333,1,14,0,9,0,0,0,0,0,0.00163276,0,0
screen1,0,2,mprime/prob11,gc_sub2,0.163101,True,0.216342,False,True,2,0,10,0.000603794,2,,9,0,138,4,18,2,0,1,183,3,0,8,0,9,0,0,0,0,0,0.00111232,0,0
screen1,0,2,mprime/prob11,gc_support,0.0716473,True,0.118008,False,True,2,0,10,0.000438328,2,,9,0,138,4,18,2,0,1,183,3,0,8,0,9,0,0,0,0,0,0.001034,0,0
screen1,0,3,mprime/prob11,tsort_goal,0.63888,True,0.693558,False,True,,,,,,,,,,,,,,,,,,,,,,,,,,,,
screen1,0,1,mprime/prob25,gc,0.00732307,True,0.0151792,False,True,1,0,4,0.000148511,1,,4,0,143,5,10,1,0,1,46,5,0,3,0,4,0,0,0,0,0,0.000219514,0,0
screen1,0,1,mprime/prob25,gc_d2,0.00897083,True,0.0179317,False,True,1,0,4,0.000972553,1,,4,0,1499,10,10,1,0,1,46,10,0,3,0,4,0,0,0,0,0,0.00105715,0,0
screen1,0,1,mprime/prob25,gc_d2_p2_layer,0.00940882,True,0.0185042,False,True,1,0,4,0.0031714,1,,4,0,1499,10,10,1,0,1,46,10,0,3,0,4,0,0,0,0,0,0.00330234,0,0
screen1,0,1,mprime/prob25,gc_d3,0.00762479,True,0.0165908,False,True,1,0,4,0.000957005,1,,4,0,1499,10,10,1,0,1,46,10,0,3,0,4,0,0,0,0,0,0.00103616,0,0
screen1,0,1,mprime/prob25,gc_d3_p2_layer,0.00770586,True,0.0160909,False,True,1,0,4,0.000943685,1,,4,0,1499,10,10,1,0,1,46,10,0,3,0,4,0,0,0,0,0,0.00107918,0,0
screen1,0,1,mprime/prob25,gc_layer,0.00721936,True,0.0149914,False,True,1,0,4,0.000140429,1,,4,0,143,5,10,1,0,1,46,5,0,3,0,4,0,0,0,0,0,0.00024668,0,0
screen1,0,1,mprime/prob25,gc_pairs2,0.00719368,True,0.0154674,False,True,1,0,4,0.000143305,1,,4,0,143,5,10,1,0,1,46,5,0,3,0,4,0,0,0,0,0,0.000212117,0,0
screen1,0,1,mprime/prob25,gc_sub2,0.00790742,True,0.0165495,False,True,1,0,4,0.000139146,1,,4,0,143,5,10,1,0,1,46,5,0,3,0,4,0,0,0,0,0,0.000224833,0,0
screen1,0,1,mprime/prob25,gc_support,0.00740996,True,0.0157727,False,True,1,0,4,0.000132638,1,,4,0,143,5,10,1,0,1,46,5,0,3,0,4,0,0,0,0,0,0.000219956,0,0
screen1,0,2,mprime/prob25,tsort_goal,0.0165756,True,0.0252057,False,True,,,,,,,,,,,,,,,,,,,,,,,,,,,,
screen1,0,2,mprime/prob26,gc,6.63736,True,6.9875,False,True,1,4,5,0.498116,1,,5,0,137548,10,26,1,0,1,662,10,0,4,0,5,0,0,0,0,0,0.508679,0,0
screen1,0,2,mprime/prob26,gc_d2,6.62411,True,7.00019,False,True,1,5,5,0.406701,1,,5,0,177044,10,26,1,0,1,662,10,0,4,0,5,0,0,0,0,0,0.409325,0,0
screen1,0,1,mprime/prob26,gc_d2_p2_layer,1.67084,True,1.96841,False,True,1,5,5,0.354601,1,,5,0,177044,10,26,1,0,1,662,10,0,4,0,5,0,0,0,0,0,0.359689,0,0
screen1,0,2,mprime/prob26,gc_d3,5.93167,True,6.2526,False,True,1,5,5,0.367078,1,,5,0,177044,10,26,1,0,1,662,10,0,4,0,5,0,0,0,0,0,0.369944,0,0
screen1,0,1,mprime/prob26,gc_d3_p2_layer,1.79925,True,2.15564,False,True,1,5,5,0.430181,1,,5,0,177044,10,26,1,0,1,662,10,0,4,0,5,0,0,0,0,0,0.436077,0,0
screen1,0,1,mprime/prob26,gc_layer,1.92113,True,2.24174,False,True,1,4,5,0.307964,1,,5,0,137548,10,26,1,0,1,662,10,0,4,0,5,0,0,0,0,0,0.314035,0,0
screen1,0,2,mprime/prob26,gc_pairs2,6.17107,True,6.52785,False,True,1,4,5,0.296316,1,,5,0,137548,10,26,1,0,1,662,10,0,4,0,5,0,0,0,0,0,0.299141,0,0
screen1,0,1,mprime/prob26,gc_sub2,1.57947,True,1.88355,False,True,2,4,6,0.280484,2,,6,0,137550,22,26,1,0,1,661,13.5,0,4,0,6,0,0,1,0,0,0.283864,0,0
screen1,0,1,mprime/prob26,gc_support,1.2047,True,1.52786,False,True,1,4,5,0.302496,1,,5,0,137548,10,26,1,0,1,662,10,0,4,0,5,0,0,0,0,0,0.305654,0,0
screen1,0,2,mprime/prob26,tsort_goal,4.30092,True,4.68142,False,True,,,,,,,,,,,,,,,,,,,,,,,,,,,,
screen1,0,2,mprime/prob32,gc,1.05728,True,1.28252,False,True,1,0,7,0.0113787,1,,5,1,1490,5,27,1,0,4,623,5,0,6,1,2,0,0,0,0,0,0.0220752,0,2
screen1,0,2,mprime/prob32,gc_d2,1.3985,True,1.62328,False,True,1,5,7,0.383764,1,,5,1,126939,19,27,1,0,4,623,19,0,6,1,2,0,0,0,0,0,0.386282,0,2
screen1,0,2,mprime/prob32,gc_d2_p2_layer,1.52584,True,1.70858,False,True,1,5,7,0.403781,1,,5,1,126939,19,27,1,0,4,623,19,0,6,1,2,0,0,0,0,0,0.409338,0,2
screen1,0,2,mprime/prob32,gc_d3,1.29262,True,1.43979,False,True,1,5,7,0.356155,1,,5,1,126939,19,27,1,0,4,623,19,0,6,1,2,0,0,0,0,0,0.358518,0,2
screen1,0,2,mprime/prob32,gc_d3_p2_layer,1.37041,True,1.50771,False,True,1,5,7,0.33316,1,,5,1,126939,19,27,1,0,4,623,19,0,6,1,2,0,0,0,0,0,0.337804,0,2
screen1,0,2,mprime/prob32,gc_layer,1.09899,True,1.26201,False,True,1,0,7,0.00667478,1,,5,1,1490,5,27,1,0,4,623,5,0,6,1,2,0,0,0,0,0,0.0112028,0,2
screen1,0,2,mprime/prob32,gc_pairs2,0.891966,True,1.07119,False,True,1,0,7,0.00745428,1,,5,1,1490,5,27,1,0,4,623,5,0,6,1,2,0,0,0,0,0,0.00994871,0,2
screen1,0,2,mprime/prob32,gc_sub2,1.01986,True,1.22248,False,True,1,0,7,0.00721201,1,,5,1,1490,5,27,1,0,4,623,5,0,6,1,2,0,0,0,0,0,0.0107651,0,2
screen1,0,3,mprime/prob32,gc_support,4.05461,True,4.20805,False,True,1,0,7,0.00695131,1,,5,1,1490,5,27,1,0,4,623,5,0,6,1,2,0,0,0,0,0,0.0101614,0,2
screen1,0,3,mprime/prob32,tsort_goal,4.13269,True,4.32946,False,True,,,,,,,,,,,,,,,,,,,,,,,,,,,,
screen1,0,2,mystery/prob20,gc,42.7123,True,44.4634,False,True,1,5,2,0.225223,1,,2,0,50262,10,42,1,0,1,1606,10,0,1,0,2,0,0,0,0,0,0.278184,0,0
screen1,0,2,mystery/prob20,gc_d2,39.41,True,41.4235,False,True,1,5,2,0.335443,1,,2,0,150087,10,42,1,0,1,1606,10,0,1,0,2,0,0,0,0,0,0.359094,0,0
screen1,0,2,mystery/prob20,gc_d2_p2_layer,43.2001,True,44.8237,False,True,1,5,2,0.395153,1,,2,0,150087,10,42,1,0,1,1606,10,0,1,0,2,0,0,0,0,0,0.44003,0,0
screen1,0,2,mystery/prob20,gc_d3,38.0814,True,39.8608,False,True,1,5,2,0.343626,1,,2,0,150087,10,42,1,0,1,1606,10,0,1,0,2,0,0,0,0,0,0.365281,0,0
screen1,0,2,mystery/prob20,gc_d3_p2_layer,43.1335,True,44.5478,False,True,1,5,2,0.342382,1,,2,0,150087,10,42,1,0,1,1606,10,0,1,0,2,0,0,0,0,0,0.391097,0,0
screen1,0,2,mystery/prob20,gc_layer,46.3095,True,48.0633,False,True,1,5,2,0.105051,1,,2,0,50262,10,42,1,0,1,1606,10,0,1,0,2,0,0,0,0,0,0.15125,0,0
screen1,0,2,mystery/prob20,gc_pairs2,38.2771,True,39.6854,False,True,1,5,2,0.113709,1,,2,0,50262,10,42,1,0,1,1606,10,0,1,0,2,0,0,0,0,0,0.13815,0,0
screen1,0,2,mystery/prob20,gc_sub2,41.5765,True,43.549,False,True,3,5,8,0.166589,3,,7,0,60843,28,42,1,0,1,1601,15.3333,0,5,0,7,0,0,2,0,0,0.194383,0,0
screen1,0,4,mystery/prob20,gc_support,69.8353,True,71.7289,False,True,1,5,2,0.103885,1,,2,0,50262,10,42,1,0,1,1606,10,0,1,0,2,0,0,0,0,0,0.130403,0,0
screen1,0,3,mystery/prob20,tsort_goal,36.715,True,38.3103,False,True,,,,,,,,,,,,,,,,,,,,,,,,,,,,
screen1,0,1,mystery/prob28,gc,0.00857605,True,0.0164002,False,True,2,0,10,0.000191459,2,,8,0,62,4,14,2,0,1,67,3,0,8,0,8,0,0,0,0,0,0.00523765,0,0
screen1,0,1,mystery/prob28,gc_d2,0.010228,True,0.0179839,False,True,2,0,14,0.00242016,2,,7,0,3938,14,14,2,0,1,68,14,0,12,0,7,0,0,0,0,0,0.00263569,0,0
screen1,0,1,mystery/prob28,gc_d2_p2_layer,0.012074,True,0.0206422,False,True,3,0,21,0.00403022,3,,7,0,5907,14,14,2,0,1,68,14,1,18,0,7,0,0,0,0,0,0.00434263,0,0
screen1,0,1,mystery/prob28,gc_d3,0.0103463,True,0.0165566,False,True,2,0,14,0.00253644,2,,7,0,3938,14,14,2,0,1,68,14,0,12,0,7,0,0,0,0,0,0.00271595,0,0
screen1,0,1,mystery/prob28,gc_d3_p2_layer,0.0106783,True,0.0183943,False,True,3,0,21,0.00380457,3,,7,0,5907,14,14,2,0,1,68,14,1,18,0,7,0,0,0,0,0,0.00407114,0,0
screen1,0,1,mystery/prob28,gc_layer,0.00743182,True,0.0152511,False,True,2,0,10,0.000200613,2,,8,0,62,4,14,2,0,1,67,3,0,8,0,8,0,0,0,0,0,0.00044563,0,0
screen1,0,1,mystery/prob28,gc_pairs2,0.00843721,True,0.0163107,False,True,3,0,17,0.000373739,3,,8,0,217,4,14,2,0,1,67,3.33333,1,14,0,8,0,0,0,0,0,0.000533572,0,0
screen1,0,1,mystery/prob28,gc_sub2,0.00852585,True,0.0155161,False,True,2,0,10,0.000193589,2,,8,0,62,4,14,2,0,1,67,3,0,8,0,8,0,0,0,0,0,0.000322544,0,0
screen1,0,1,mystery/prob28,gc_support,0.00878402,True,0.0161709,False,True,2,0,10,0.000176473,2,,8,0,62,4,14,2,0,1,67,3,0,8,0,8,0,0,0,0,0,0.000344185,0,0
screen1,0,3,mystery/prob28,tsort_goal,0.0173037,True,0.0243872,False,True,,,,,,,,,,,,,,,,,,,,,,,,,,,,
screen1,0,6,nomystery-opt11-strips/p07,gc,2.71421,True,2.79864,False,True,9,0,56,0.000525071,9,,28,2,246,10,11,9,0,5,75,2,0,47,2,23,0,0,0,0,0,0.000978434,0,5
screen1,0,6,nomystery-opt11-strips/p07,gc_d2,2.61094,True,2.69995,False,True,9,0,56,0.00345631,9,,28,2,5272,11,11,9,0,5,75,3,0,47,2,23,0,0,0,0,0,0.00396944,0,5
screen1,0,5,nomystery-opt11-strips/p07,gc_d2_p2_layer,1.79976,True,1.8866,False,True,24,0,215,0.116621,24,,31,2,207574,11,11,9,0,15,72,3.625,15,191,2,12,0,0,0,0,0,0.121305,0,33
screen1,0,6,nomystery-opt11-strips/p07,gc_d3,2.49419,True,2.57759,False,True,9,0,56,0.00333719,9,,28,2,5272,11,11,9,0,5,75,3,0,47,2,23,0,0,0,0,0,0.00383504,0,5
screen1,0,5,nomystery-opt11-strips/p07,gc_d3_p2_layer,1.76487,True,1.84731,False,True,24,0,215,0.112152,24,,31,2,207574,11,11,9,0,15,72,3.625,15,191,2,12,0,0,0,0,0,0.116759,0,33
screen1,0,6,nomystery-opt11-strips/p07,gc_layer,2.80441,True,2.88066,False,True,9,0,56,0.000455436,9,,28,2,246,10,11,9,0,5,75,2,0,47,2,23,0,0,0,0,0,0.00110002,0,5
screen1,0,5,nomystery-opt11-strips/p07,gc_pairs2,1.47895,True,1.56735,False,True,24,0,215,0.00363776,24,,31,2,6660,10,11,9,0,15,72,2.625,15,191,2,12,0,0,0,0,0,0.00786117,0,33
screen1,0,6,nomystery-opt11-strips/p07,gc_sub2,3.19447,True,3.27627,False,True,9,0,56,0.000538943,9,,28,2,246,10,11,9,0,5,75,2,0,47,2,23,0,0,0,0,0,0.00101923,0,5
screen1,0,6,nomystery-opt11-strips/p07,gc_support,3.21357,True,3.28886,False,True,9,0,56,0.000439332,9,,28,2,246,10,11,9,0,5,75,2,0,47,2,23,0,0,0,0,0,0.000917732,0,5
screen1,0,9,nomystery-opt11-strips/p07,tsort_goal,15.9824,True,16.0717,False,True,,,,,,,,,,,,,,,,,,,,,,,,,,,,
screen1,0,9,nomystery-opt11-strips/p09,gc,18.2786,True,18.4413,False,True,11,0,65,0.000753142,11,,33,3,364,12,13,11,0,7,114,2,0,54,3,23,0,0,0,0,0,0.00150097,0,9
screen1,0,9,nomystery-opt11-strips/p09,gc_d2,17.3175,True,17.4697,False,True,11,0,65,0.00562074,11,,33,3,7857,13,13,11,0,7,114,3,0,54,3,23,0,0,0,0,0,0.0064127,0,9
screen1,0,8,nomystery-opt11-strips/p09,gc_d2_p2_layer,13.3732,True,13.5501,False,True,30,2,264,0.268178,30,,36,1,415232,13,13,11,0,31,111,3.6,19,232,1,6,0,0,0,0,0,0.646259,0,36
screen1,0,9,nomystery-opt11-strips/p09,gc_d3,16.1693,True,16.3222,False,True,11,0,65,0.0052906,11,,33,3,7857,13,13,11,0,7,114,3,0,54,3,23,0,0,0,0,0,0.00609706,0,9
screen1,0,8,nomystery-opt11-strips/p09,gc_d3_p2_layer,13.6281,True,13.8001,False,True,30,2,264,0.269396,30,,36,1,415232,13,13,11,0,31,111,3.6,19,232,1,6,0,0,0,0,0,0.608063,0,36
screen1,0,9,nomystery-opt11-strips/p09,gc_layer,19.7372,True,19.8825,False,True,11,0,65,0.000764786,11,,33,3,364,12,13,11,0,7,114,2,0,54,3,23,0,0,0,0,0,0.00181387,0,9
screen1,0,8,nomystery-opt11-strips/p09,gc_pairs2,10.3653,True,10.5411,False,True,30,0,264,0.00695281,30,,36,1,12831,12,13,11,0,31,111,2.63333,19,232,1,6,0,0,0,0,0,0.351615,0,36
screen1,0,9,nomystery-opt11-strips/p09,gc_sub2,19.0891,True,19.2476,False,True,11,0,65,0.000840351,11,,33,3,364,12,13,11,0,7,114,2,0,54,3,23,0,0,0,0,0,0.00162696,0,9
screen1,0,9,nomystery-opt11-strips/p09,gc_support,27.3823,True,27.5369,False,True,11,0,65,0.000705043,11,,33,3,364,12,13,11,0,7,114,2,0,54,3,23,0,0,0,0,0,0.00149285,0,9
screen1,0,11,nomystery-opt11-strips/p09,tsort_goal,67.9331,True,68.1155,False,True,,,,,,,,,,,,,,,,,,,,,,,,,,,,
screen1,0,5,nomystery-opt11-strips/p11,gc,0.0867653,True,0.0903167,False,True,3,0,12,5.2304e-05,3,,11,0,27,4,5,3,0,1,7,2,0,9,0,11,0,0,0,0,0,8.5785e-05,0,0
screen1,0,5,nomystery-opt11-strips/p11,gc_d2,0.0810737,True,0.0854091,False,True,3,0,12,0.000117122,3,,11,0,134,5,5,3,0,1,7,3,0,9,0,11,0,0,0,0,0,0.000163406,0,0
screen1,0,5,nomystery-opt11-strips/p11,gc_d2_p2_layer,0.11634,True,0.121483,False,True,6,0,37,0.000553157,6,,12,1,1205,5,5,3,0,12,6,3.5,3,31,1,1,0,0,0,0,0,0.00119689,0,7
screen1,0,5,nomystery-opt11-strips/p11,gc_d3,0.0832151,True,0.0883005,False,True,3,0,12,0.000111038,3,,11,0,134,5,5,3,0,1,7,3,0,9,0,11,0,0,0,0,0,0.000157641,0,0
screen1,0,5,nomystery-opt11-strips/p11,gc_d3_p2_layer,0.119923,True,0.124947,False,True,6,0,37,0.000592072,6,,12,1,1205,5,5,3,0,12,6,3.5,3,31,1,1,0,0,0,0,0,0.00125172,0,7
screen1,0,5,nomystery-opt11-strips/p11,gc_layer,0.11862,True,0.123629,False,True,3,0,12,5.9924e-05,3,,11,0,27,4,5,3,0,1,7,2,0,9,0,11,0,0,0,0,0,0.000113703,0,0
screen1,0,4,nomystery-opt11-strips/p11,gc_pairs2,0.0337702,True,0.0377029,False,True,6,0,33,0.000168908,6,,12,1,228,4,5,3,0,9,6,2.5,3,27,1,4,0,0,0,0,0,0.000592167,0,3
screen1,0,5,nomystery-opt11-strips/p11,gc_sub2,0.0848567,True,0.0898728,False,True,3,0,12,6.3478e-05,3,,11,0,27,4,5,3,0,1,7,2,0,9,0,11,0,0,0,0,0,0.000109076,0,0
screen1,0,5,nomystery-opt11-strips/p11,gc_support,0.115181,True,0.120417,False,True,3,0,12,5.58e-05,3,,11,0,27,4,5,3,0,1,7,2,0,9,0,11,0,0,0,0,0,0.000113959,0,0
screen1,0,5,nomystery-opt11-strips/p11,tsort_goal,0.0439944,True,0.0481772,False,True,,,,,,,,,,,,,,,,,,,,,,,,,,,,
screen1,0,5,nomystery-sat11-strips/p01,gc,0.374927,True,0.390253,False,True,6,0,28,0.000170086,6,,18,1,102,7,8,6,0,4,27,2,0,22,1,15,0,0,0,0,0,0.00245436,0,4
screen1,0,5,nomystery-sat11-strips/p01,gc_d2,0.356375,True,0.373616,False,True,6,0,28,0.000778298,6,,18,1,1412,8,8,6,0,4,27,3,0,22,1,15,0,0,0,0,0,0.00103907,0,4
screen1,0,4,nomystery-sat11-strips/p01,gc_d2_p2_layer,0.112326,True,0.12956,False,True,15,0,100,0.00883615,15,,19,1,22406,8,8,6,0,8,26,3.6,9,85,1,12,0,0,0,0,0,0.00960097,0,15
screen1,0,5,nomystery-sat11-strips/p01,gc_d3,0.352769,True,0.370666,False,True,6,0,28,0.000781734,6,,18,1,1412,8,8,6,0,4,27,3,0,22,1,15,0,0,0,0,0,0.00103542,0,4
screen1,0,4,nomystery-sat11-strips/p01,gc_d3_p2_layer,0.115266,True,0.132837,False,True,15,0,100,0.00948746,15,,19,1,22406,8,8,6,0,8,26,3.6,9,85,1,12,0,0,0,0,0,0.010253,0,15
screen1,0,4,nomystery-sat11-strips/p01,gc_layer,0.22692,True,0.243561,False,True,6,0,28,0.000169082,6,,18,1,102,7,8,6,0,4,27,2,0,22,1,15,0,0,0,0,0,0.000458917,0,4
screen1,0,4,nomystery-sat11-strips/p01,gc_pairs2,0.109077,True,0.125793,False,True,15,0,100,0.000778294,15,,19,1,1317,7,8,6,0,8,26,2.6,9,85,1,12,0,0,0,0,0,0.0014688,0,15
screen1,0,5,nomystery-sat11-strips/p01,gc_sub2,0.370577,True,0.388354,False,True,6,0,28,0.000185707,6,,18,1,102,7,8,6,0,4,27,2,0,22,1,15,0,0,0,0,0,0.00045124,0,4
screen1,0,5,nomystery-sat11-strips/p01,gc_support,0.248635,True,0.265875,False,True,6,0,28,0.000167005,6,,18,1,102,7,8,6,0,4,27,2,0,22,1,15,0,0,0,0,0,0.000426987,0,4
screen1,0,6,nomystery-sat11-strips/p01,tsort_goal,0.989381,True,1.00789,False,True,,,,,,,,,,,,,,,,,,,,,,,,,,,,
screen1,0,9,nomystery-sat11-strips/p15,gc,27.6763,True,27.7477,False,True,10,0,64,0.000480656,10,,30,1,297,11,12,10,0,15,83,2,0,54,1,16,0,0,0,0,0,0.00131874,0,6
screen1,0,9,nomystery-sat11-strips/p15,gc_d2,25.129,True,25.1997,False,True,10,0,64,0.0036554,10,,30,1,6620,12,12,10,0,15,83,3,0,54,1,16,0,0,0,0,0,0.00455828,0,6
screen1,0,8,nomystery-sat11-strips/p15,gc_d2_p2_layer,31.086,True,31.1569,False,True,27,0,245,0.180608,27,,33,1,264969,12,12,10,0,32,80,3.62963,17,218,1,2,0,0,0,0,0,0.384294,0,36
screen1,0,9,nomystery-sat11-strips/p15,gc_d3,25.6537,True,25.7324,False,True,10,0,64,0.00368792,10,,30,1,6620,12,12,10,0,15,83,3,0,54,1,16,0,0,0,0,0,0.00467692,0,6
screen1,0,8,nomystery-sat11-strips/p15,gc_d3_p2_layer,30.042,True,30.1088,False,True,27,0,245,0.142352,27,,33,1,264969,12,12,10,0,32,80,3.62963,17,218,1,2,0,0,0,0,0,0.32379,0,36
screen1,0,9,nomystery-sat11-strips/p15,gc_layer,29.5915,True,29.663,False,True,10,0,64,0.000568444,10,,30,1,297,11,12,10,0,15,83,2,0,54,1,16,0,0,0,0,0,0.00158797,0,6
screen1,0,8,nomystery-sat11-strips/p15,gc_pairs2,22.0346,True,22.1073,False,True,27,0,245,0.00440186,27,,33,1,8604,11,12,10,0,32,80,2.62963,17,218,1,2,0,0,0,0,0,0.185719,0,36
screen1,0,9,nomystery-sat11-strips/p15,gc_sub2,27.2585,True,27.3306,False,True,10,0,64,0.00055086,10,,30,1,297,11,12,10,0,15,83,2,0,54,1,16,0,0,0,0,0,0.00144766,0,6
screen1,0,9,nomystery-sat11-strips/p15,gc_support,34.7753,True,34.8486,False,True,10,0,64,0.00049411,10,,30,1,297,11,12,10,0,15,83,2,0,54,1,16,0,0,0,0,0,0.00145003,0,6
screen1,0,11,nomystery-sat11-strips/p15,tsort_goal,32.2,True,32.2777,False,True,,,,,,,,,,,,,,,,,,,,,,,,,,,,
screen1,0,10,nomystery-sat11-strips/p18,gc,61.508,True,61.6055,False,True,13,0,69,0.000704018,13,,35,4,408,14,15,13,0,8,147,2,0,55,4,21,0,0,0,0,0,0.00189322,0,8
screen1,0,10,nomystery-sat11-strips/p18,gc_d2,58.7503,True,58.8438,False,True,13,0,69,0.00288271,13,,35,4,4830,15,15,13,0,8,147,3,0,55,4,21,0,0,0,0,0,0.00372991,0,8
screen1,0,9,nomystery-sat11-strips/p18,gc_d2_p2_layer,71.2039,True,71.2916,False,True,36,0,305,0.171923,36,,38,1,306576,15,15,13,0,37,144,3.63889,23,259,1,2,0,0,0,0,0,10.3316,0,56
screen1,0,10,nomystery-sat11-strips/p18,gc_d3,58.047,True,58.1326,False,True,13,0,69,0.0066935,13,,35,4,4830,15,15,13,0,8,147,3,0,55,4,21,0,0,0,0,0,0.0111487,0,8
screen1,0,9,nomystery-sat11-strips/p18,gc_d3_p2_layer,70.3046,True,70.3943,False,True,36,0,305,0.186592,36,,38,1,306576,15,15,13,0,37,144,3.63889,23,259,1,2,0,0,0,0,0,9.63634,0,56
screen1,0,10,nomystery-sat11-strips/p18,gc_layer,29.8761,True,29.9658,False,True,13,0,69,0.000612498,13,,35,4,408,14,15,13,0,8,147,2,0,55,4,21,0,0,0,0,0,0.00192957,0,8
screen1,0,9,nomystery-sat11-strips/p18,gc_pairs2,46.1164,True,46.2054,False,True,36,0,305,0.00732731,36,,38,1,14671,14,15,13,0,37,144,2.63889,23,259,1,2,0,0,0,0,0,9.94515,0,56
screen1,0,10,nomystery-sat11-strips/p18,gc_sub2,62.4666,True,62.5632,False,True,13,0,69,0.000648226,13,,35,4,408,14,15,13,0,8,147,2,0,55,4,21,0,0,0,0,0,0.00154804,0,8
screen1,0,10,nomystery-sat11-strips/p18,gc_support,60.9332,True,61.0251,False,True,13,0,69,0.000576869,13,,35,4,408,14,15,13,0,8,147,2,0,55,4,21,0,0,0,0,0,0.00151973,0,8
screen1,0,11,nomystery-sat11-strips/p18,tsort_goal,45.9953,True,46.0921,False,True,,,,,,,,,,,,,,,,,,,,,,,,,,,,
screen1,0,4,openstacks-opt08-strips/p12,gc,0.768812,True,0.781983,False,True,16,0,73,0.000944649,16,,49,0,278,33,33,16,0,1,0,3.5625,0,57,0,49,0,0,0,0,0,0.00110975,0,0
screen1,0,4,openstacks-opt08-strips/p12,gc_d2,7.59815,True,7.61201,False,True,16,80,275,7.1508,16,,49,3,3126880,33,33,16,0,9,0,13.125,0,243,3,29,0,0,0,0,0,7.15176,0,8
screen1,0,5,openstacks-opt08-strips/p12,gc_d2_p2_layer,9.31255,True,9.32797,False,True,11,55,191,4.81708,11,,39,3,2182047,25,33,16,0,9,10,13,0,169,3,26,0,34,0,0,0,4.81791,0,6
screen1,0,4,openstacks-opt08-strips/p12,gc_d3,7.48692,True,7.50143,False,True,16,80,275,7.01469,16,,49,3,3126880,33,33,16,0,9,0,13.125,0,243,3,29,0,0,0,0,0,7.01559,0,8
screen1,0,5,openstacks-opt08-strips/p12,gc_d3_p2_layer,9.23781,True,9.25296,False,True,11,55,191,4.964,11,,39,3,2182047,25,33,16,0,9,10,13,0,169,3,26,0,34,0,0,0,4.96478,0,6
screen1,0,4,openstacks-opt08-strips/p12,gc_layer,0.896015,True,0.910041,False,True,16,0,73,0.00107725,16,,49,0,278,33,33,16,0,1,0,3.5625,0,57,0,49,0,0,0,0,0,0.00138207,0,0
screen1,0,4,openstacks-opt08-strips/p12,gc_pairs2,0.403843,True,0.419421,False,True,38,0,252,0.00627813,38,,49,2,2567,33,33,16,0,16,0,4.73684,22,206,2,28,0,0,0,0,0,0.0081394,0,10
screen1,0,4,openstacks-opt08-strips/p12,gc_sub2,1.72457,True,1.74016,False,True,33,0,110,0.0020681,33,,49,0,349,33,33,16,0,1,0,4.42424,0,77,0,49,0,0,17,0,0,0.00235043,0,0
screen1,0,4,openstacks-opt08-strips/p12,gc_support,0.79161,True,0.807158,False,True,16,0,73,0.00109278,16,,49,0,278,33,33,16,0,1,0,3.5625,0,57,0,49,0,0,0,0,0,0.0013565,0,0
screen1,0,7,openstacks-opt08-strips/p12,tsort_goal,5.65438,True,5.66799,False,True,,,,,,,,,,,,,,,,,,,,,,,,,,,,
screen1,0,4,openstacks-opt08-strips/p14,gc,3.61985,True,3.65066,False,True,18,0,84,0.00135002,18,,55,0,303,37,37,18,0,1,0,3.66667,0,66,0,55,0,0,0,0,0,0.00156292,0,0
screen1,0,5,openstacks-opt08-strips/p14,gc_d2,12.4599,True,12.4924,False,True,18,90,281,8.84571,18,,55,2,3554249,37,37,18,0,30,0,14.1667,0,236,2,23,0,0,0,0,0,8.87182,0,13
screen1,0,6,openstacks-opt08-strips/p14,gc_d2_p2_layer,21.5096,True,21.5408,False,True,10,50,158,4.85165,10,,47,2,2018896,29,37,18,0,21,8,14.1,0,134,2,26,0,41,0,0,0,4.85412,0,6
screen1,0,5,openstacks-opt08-strips/p14,gc_d3,12.6257,True,12.6618,False,True,18,90,281,8.84159,18,,55,2,3554249,37,37,18,0,30,0,14.1667,0,236,2,23,0,0,0,0,0,8.86787,0,13
screen1,0,6,openstacks-opt08-strips/p14,gc_d3_p2_layer,20.2823,True,20.3168,False,True,10,50,158,4.92959,10,,47,2,2018896,29,37,18,0,21,8,14.1,0,134,2,26,0,41,0,0,0,4.93211,0,6
screen1,0,4,openstacks-opt08-strips/p14,gc_layer,4.12174,True,4.15606,False,True,18,0,84,0.00163205,18,,55,0,303,37,37,18,0,1,0,3.66667,0,66,0,55,0,0,0,0,0,0.00205156,0,0
screen1,0,5,openstacks-opt08-strips/p14,gc_pairs2,6.89571,True,6.93109,False,True,42,0,280,0.00636748,42,,55,2,2224,37,37,18,0,13,0,4.71429,24,224,2,38,0,0,0,0,0,0.00808493,0,7
screen1,0,5,openstacks-opt08-strips/p14,gc_sub2,16.7974,True,16.8339,False,True,39,0,128,0.00296927,39,,55,0,395,37,37,18,0,1,0,4.48718,0,89,0,55,0,0,21,0,0,0.00330932,0,0
screen1,0,4,openstacks-opt08-strips/p14,gc_support,3.44211,True,3.47525,False,True,18,0,84,0.00149675,18,,55,0,303,37,37,18,0,1,0,3.66667,0,66,0,55,0,0,0,0,0,0.00178617,0,0
screen1,0,8,openstacks-opt08-strips/p14,tsort_goal,29.5301,True,29.5635,False,True,,,,,,,,,,,,,,,,,,,,,,,,,,,,
screen1,0,5,openstacks-opt08-strips/p16,gc,7.55277,True,7.6462,False,True,20,0,94,0.00209158,20,,61,1,438,41,41,20,0,6,0,3.7,0,74,1,56,0,0,0,0,0,0.0025751,0,1
screen1,0,6,openstacks-opt08-strips/p16,gc_d2,42.4586,True,42.5601,False,True,20,115,295,10.274,20,,61,1,4031439,41,41,20,0,43,0,14.25,0,250,1,19,0,0,0,0,0,10.9845,0,24
screen1,0,6,openstacks-opt08-strips/p16,gc_d2_p2_layer,26.8478,True,26.9536,False,True,11,66,137,5.1154,11,,49,1,2069620,31,41,20,0,21,12,14,0,115,1,29,0,46,0,0,0,5.11813,0,5
screen1,0,6,openstacks-opt08-strips/p16,gc_d3,46.4204,True,46.5287,False,True,20,115,295,10.6305,20,,61,1,4031439,41,41,20,0,43,0,14.25,0,250,1,19,0,0,0,0,0,11.436,0,24
screen1,0,6,openstacks-opt08-strips/p16,gc_d3_p2_layer,26.8452,True,26.9384,False,True,11,66,137,4.94542,11,,49,1,2069620,31,41,20,0,21,12,14,0,115,1,29,0,46,0,0,0,4.94763,0,5
screen1,0,5,openstacks-opt08-strips/p16,gc_layer,7.49511,True,7.59959,False,True,20,0,94,0.00246751,20,,61,1,438,41,41,20,0,6,0,3.7,0,74,1,56,0,0,0,0,0,0.00328037,0,1
screen1,0,6,openstacks-opt08-strips/p16,gc_pairs2,32.1766,True,32.2849,False,True,49,0,337,0.0117447,49,,61,1,4003,41,41,20,0,30,0,4.95918,29,274,1,32,0,0,0,0,0,0.0211387,0,11
screen1,0,6,openstacks-opt08-strips/p16,gc_sub2,12.5343,True,12.6522,False,True,41,0,141,0.00384295,41,,61,1,543,41,41,20,0,6,0,4.63415,0,100,1,56,0,0,21,0,0,0.00442033,0,1
screen1,0,5,openstacks-opt08-strips/p16,gc_support,7.51192,True,7.6134,False,True,20,0,94,0.00197994,20,,61,1,438,41,41,20,0,6,0,3.7,0,74,1,56,0,0,0,0,0,0.00251235,0,1
screen1,0,8,openstacks-opt08-strips/p16,tsort_goal,132.391,True,132.501,False,True,,,,,,,,,,,,,,,,,,,,,,,,,,,,
screen1,0,3,parcprinter-08-strips/p04,gc,0.015288,True,0.0355982,False,True,12,0,79,0.000844276,12,,33,2,1042,25,34,12,0,16,27,4.75,0,67,2,16,0,0,0,0,0,0.0025982,0,8
screen1,0,3,parcprinter-08-strips/p04,gc_d2,0.0257775,True,0.0449711,False,True,12,0,93,0.0113427,12,,33,1,8190,34,34,12,0,16,27,18.6667,0,81,1,18,0,0,0,0,0,0.0126179,0,7
screen1,0,3,parcprinter-08-strips/p04,gc_d2_p2_layer,0.484348,True,0.503325,False,True,30,5,416,0.454117,30,,33,1,264120,34,34,12,0,17,27,20.3333,18,386,1,17,0,0,0,0,0,0.472485,0,39
screen1,0,3,parcprinter-08-strips/p04,gc_d3,0.145606,True,0.164285,False,True,12,5,99,0.136835,12,,33,1,71769,34,34,12,0,16,27,20.5833,0,87,1,18,0,0,0,0,0,0.138023,0,7
screen1,0,3,parcprinter-08-strips/p04,gc_d3_p2_layer,1.25552,True,1.27436,False,True,31,30,410,1.21112,31,,33,1,633420,34,34,12,0,17,27,21.7742,19,379,1,17,0,0,0,0,0,1.24613,0,38
screen1,0,3,parcprinter-08-strips/p04,gc_layer,0.0133597,True,0.0302973,False,True,12,0,79,0.000699732,12,,33,2,1042,25,34,12,0,16,27,4.75,0,67,2,16,0,0,0,0,0,0.00201139,0,8
screen1,0,3,parcprinter-08-strips/p04,gc_pairs2,0.0304489,True,0.0489117,False,True,29,0,238,0.0107107,29,,33,2,12783,25,34,12,0,17,27,6.37931,17,209,2,11,0,0,0,0,0,0.0173091,0,26
screen1,0,3,parcprinter-08-strips/p04,gc_sub2,0.0151451,True,0.0339973,False,True,25,0,117,0.00128057,25,,33,2,1541,34,34,12,0,16,27,4.96,0,92,2,12,0,0,13,0,0,0.00272526,0,12
screen1,0,3,parcprinter-08-strips/p04,gc_support,0.0187054,True,0.0389398,False,True,12,0,79,0.000799407,12,,33,2,1042,25,34,12,0,16,27,4.75,0,67,2,16,0,0,0,0,0,0.0020302,0,8
screen1,0,2,parcprinter-08-strips/p04,tsort_goal,0.0134641,True,0.0322899,False,True,,,,,,,,,,,,,,,,,,,,,,,,,,,,
screen1,0,3,parcprinter-08-strips/p07,gc,0.0264659,True,0.102457,False,True,21,0,142,0.00186062,21,,60,3,2476,40,49,21,0,24,48,5,0,121,3,31,0,0,0,0,0,0.0066968,0,16
screen1,0,2,parcprinter-08-strips/p07,gc_d2,0.112826,True,0.193352,False,True,21,0,177,0.0761065,21,,60,1,47903,49,49,21,0,30,48,19.0952,0,156,1,31,0,0,0,0,0,0.10085,0,15
screen1,0,2,parcprinter-08-strips/p07,gc_d2_p2_layer,1.91954,True,1.98926,False,True,54,20,830,1.53701,54,,60,1,990786,49,49,21,0,30,48,20.8704,33,776,1,31,0,0,0,0,0,1.91102,0,87
screen1,0,2,parcprinter-08-strips/p07,gc_d3,0.65431,True,0.730688,False,True,21,20,189,0.623421,21,,60,1,358897,49,49,21,0,30,48,21.3333,0,168,1,31,0,0,0,0,0,0.644695,0,15
screen1,0,2,parcprinter-08-strips/p07,gc_d3_p2_layer,4.23787,True,4.31169,False,True,47,93,685,3.89031,47,,60,1,2039821,49,49,21,0,30,48,22.3404,26,638,1,31,0,8,0,0,0,4.31852,0,70
screen1,0,3,parcprinter-08-strips/p07,gc_layer,0.0314129,True,0.101311,False,True,21,0,142,0.00169671,21,,60,3,2476,40,49,21,0,24,48,5,0,121,3,31,0,0,0,0,0,0.00794074,0,16
screen1,0,3,parcprinter-08-strips/p07,gc_pairs2,0.12682,True,0.205418,False,True,53,0,418,0.0321197,53,,60,2,36047,40,49,21,0,34,48,6.77358,32,365,2,15,0,0,0,0,0,0.106611,0,46
screen1,0,3,parcprinter-08-strips/p07,gc_sub2,0.0314869,True,0.0999564,False,True,40,0,231,0.00354886,40,,60,3,4334,49,49,21,0,24,48,6.025,0,191,3,24,0,0,19,0,0,0.011816,0,28
screen1,0,3,parcprinter-08-strips/p07,gc_support,0.0367865,True,0.123678,False,True,21,0,142,0.00187781,21,,60,3,2476,40,49,21,0,24,48,5,0,121,3,31,0,0,0,0,0,0.00735987,0,16
screen1,0,2,parcprinter-08-strips/p07,tsort_goal,0.0238359,True,0.106949,False,True,,,,,,,,,,,,,,,,,,,,,,,,,,,,
screen1,0,4,parcprinter-08-strips/p09,gc,0.0504504,True,0.202544,False,True,27,0,188,0.00178176,27,,70,6,2393,50,59,27,0,17,62,4.62963,0,161,6,43,0,0,0,0,0,0.00855458,0,20
screen1,0,3,parcprinter-08-strips/p09,gc_d2,0.0744315,True,0.22184,False,True,27,0,237,0.03934,27,,70,2,28096,59,59,27,0,22,62,18.8148,0,210,2,33,0,0,0,0,0,0.0454792,0,23
screen1,0,3,parcprinter-08-strips/p09,gc_d2_p2_layer,1.69359,True,1.81448,False,True,70,20,1124,1.58001,70,,70,2,914337,59,59,27,0,22,62,20.7143,43,1054,2,33,0,0,0,0,0,1.66918,0,129
screen1,0,3,parcprinter-08-strips/p09,gc_d3,0.713585,True,0.841599,False,True,27,20,267,0.683275,27,,70,2,364989,59,59,27,0,22,62,21.2222,0,240,2,33,0,0,0,0,0,0.688952,0,25
screen1,0,3,parcprinter-08-strips/p09,gc_d3_p2_layer,3.96891,True,4.09807,False,True,54,85,829,3.90683,54,,70,2,2001536,59,59,27,0,22,62,22.1296,27,775,2,33,0,17,0,0,0,3.95094,0,96
screen1,0,4,parcprinter-08-strips/p09,gc_layer,0.0509376,True,0.178315,False,True,27,0,188,0.00178055,27,,70,6,2393,50,59,27,0,17,62,4.62963,0,161,6,43,0,0,0,0,0,0.00643331,0,20
screen1,0,3,parcprinter-08-strips/p09,gc_pairs2,0.255829,True,0.395833,False,True,68,0,568,0.0263174,68,,70,2,29643,50,59,27,0,42,62,6.20588,41,500,2,16,0,0,0,0,0,0.230204,0,64
screen1,0,4,parcprinter-08-strips/p09,gc_sub2,0.0488689,True,0.162921,False,True,50,0,311,0.00320716,50,,70,6,3984,59,59,27,0,17,62,5.9,0,261,6,34,0,0,23,0,0,0.00799973,0,40
screen1,0,4,parcprinter-08-strips/p09,gc_support,0.0714612,True,0.217016,False,True,27,0,188,0.00191827,27,,70,6,2393,50,59,27,0,17,62,4.62963,0,161,6,43,0,0,0,0,0,0.00743739,0,20
screen1,0,2,parcprinter-08-strips/p09,tsort_goal,0.027265,True,0.165564,False,True,,,,,,,,,,,,,,,,,,,,,,,,,,,,
screen1,0,3,parcprinter-08-strips/p10,gc,0.0341655,True,0.196271,False,True,30,0,211,0.00201016,30,,75,8,2227,55,64,30,0,11,69,4.5,0,181,8,53,0,0,0,0,0,0.0052667,0,21
screen1,0,2,parcprinter-08-strips/p10,gc_d2,0.063733,True,0.249705,False,True,30,0,267,0.0268934,30,,75,4,18226,64,64,30,0,30,69,18.6667,0,237,4,43,0,0,0,0,0,0.0441574,0,27
screen1,0,3,parcprinter-08-strips/p10,gc_d2_p2_layer,1.35314,True,1.49086,False,True,78,0,1291,0.541997,78,,75,3,317681,64,64,30,0,38,69,20.7692,48,1213,3,36,0,0,0,0,0,1.32517,0,160
screen1,0,3,parcprinter-08-strips/p10,gc_d3,0.526,True,0.688286,False,True,30,0,334,0.437257,30,,75,3,209538,64,64,30,0,38,69,21.2667,0,304,3,36,0,0,0,0,0,0.497412,0,33
screen1,0,3,parcprinter-08-strips/p10,gc_d3_p2_layer,6.03997,True,6.18699,False,True,65,45,1167,4.32942,65,,75,3,2101263,64,64,30,0,38,69,22.6308,35,1102,3,36,0,14,0,0,0,6.03046,0,140
screen1,0,3,parcprinter-08-strips/p10,gc_layer,0.0346225,True,0.196623,False,True,30,0,211,0.00155225,30,,75,8,2227,55,64,30,0,11,69,4.5,0,181,8,53,0,0,0,0,0,0.00713083,0,21
screen1,0,4,parcprinter-08-strips/p10,gc_pairs2,0.165023,True,0.319729,False,True,74,0,642,0.0219997,74,,75,2,26613,55,64,30,0,49,69,5.83784,44,568,2,15,0,0,0,0,0,0.122885,0,76
screen1,0,3,parcprinter-08-strips/p10,gc_sub2,0.0325901,True,0.186246,False,True,55,0,351,0.00319253,55,,75,8,3370,64,64,30,0,12,69,5.83636,0,296,8,44,0,0,25,0,0,0.00769367,0,44
screen1,0,3,parcprinter-08-strips/p10,gc_support,0.0432948,True,0.231233,False,True,30,0,211,0.00184757,30,,75,8,2227,55,64,30,0,11,69,4.5,0,181,8,53,0,0,0,0,0,0.00514663,0,21
screen1,0,2,parcprinter-08-strips/p10,tsort_goal,0.0262206,True,0.197692,False,True,,,,,,,,,,,,,,,,,,,,,,,,,,,,
screen1,0,2,parcprinter-08-strips/p14,gc,0.0256774,True,0.0640531,False,True,12,0,84,0.00153939,12,,35,0,1830,33,39,12,0,1,50,5.91667,0,72,0,35,0,0,0,0,0,0.00721385,0,0
screen1,0,1,parcprinter-08-strips/p14,gc_d2,0.130267,True,0.165096,False,True,12,0,110,0.123129,12,,35,0,54462,39,39,12,0,1,50,20.6667,0,98,0,35,0,0,0,0,0,0.123774,0,0
screen1,0,1,parcprinter-08-strips/p14,gc_d2_p2_layer,1.82577,True,1.86281,False,True,30,10,453,1.87016,30,,35,0,846120,39,39,12,0,1,50,22.9,18,423,0,35,0,0,0,0,0,1.87146,0,0
screen1,0,1,parcprinter-08-strips/p14,gc_d3,0.673401,True,0.707281,False,True,12,10,132,0.664495,12,,35,1,323546,39,39,12,0,2,50,23.4167,0,120,1,34,0,0,0,0,0,0.665184,0,1
screen1,0,1,parcprinter-08-strips/p14,gc_d3_p2_layer,4.69794,True,4.73232,False,True,28,55,439,4.84454,28,,35,1,2053245,39,39,12,0,2,50,24.3929,16,411,1,34,0,3,0,0,0,4.84568,0,3
screen1,0,2,parcprinter-08-strips/p14,gc_layer,0.0290525,True,0.0661469,False,True,12,0,84,0.00166303,12,,35,0,1830,33,39,12,0,1,50,5.91667,0,72,0,35,0,0,0,0,0,0.00269273,0,0
screen1,0,2,parcprinter-08-strips/p14,gc_pairs2,0.0621136,True,0.0952569,False,True,27,0,248,0.0393294,27,,35,0,34613,33,39,12,0,1,50,7.81481,15,221,0,35,0,0,0,0,0,0.0399702,0,0
screen1,0,2,parcprinter-08-strips/p14,gc_sub2,0.0254354,True,0.0645446,False,True,23,0,117,0.00229567,23,,35,0,2343,39,39,12,0,1,50,6.43478,0,94,0,35,0,0,11,0,0,0.00293732,0,0
screen1,0,2,parcprinter-08-strips/p14,gc_support,0.0291979,True,0.0652325,False,True,12,0,84,0.00152564,12,,35,0,1830,33,39,12,0,1,50,5.91667,0,72,0,35,0,0,0,0,0,0.00217676,0,0
screen1,0,2,parcprinter-08-strips/p14,tsort_goal,0.031294,True,0.0658552,False,True,,,,,,,,,,,,,,,,,,,,,,,,,,,,
screen1,0,5,parcprinter-08-strips/p20,gc,0.628631,True,1.04333,False,True,31,0,224,0.0103002,31,,87,0,5620,71,77,31,0,1,128,6.03226,0,193,0,87,0,0,0,0,0,0.020043,0,0
screen1,0,2,parcprinter-08-strips/p20,gc_d2,0.593121,True,1.00086,False,True,31,0,319,0.517428,31,,89,2,228338,77,77,31,0,26,126,21.1613,0,288,2,50,0,0,0,0,0,0.5264,0,5
screen1,0,2,parcprinter-08-strips/p20,gc_d2_p2_layer,4.65916,True,5.0474,False,True,55,30,831,4.58821,55,,89,2,2161908,77,77,31,0,30,126,22.4182,24,776,2,42,0,26,0,0,0,4.65811,0,18
screen1,0,2,parcprinter-08-strips/p20,gc_d3,3.25035,True,3.65677,False,True,31,40,386,3.23673,31,,89,2,1367198,77,77,31,0,22,126,24.2581,0,355,2,50,0,0,0,0,0,3.24395,0,5
screen1,0,2,parcprinter-08-strips/p20,gc_d3_p2_layer,4.58168,True,4.92444,False,True,41,60,565,4.47626,41,,89,2,2051250,77,77,31,0,22,126,24.0732,10,524,2,50,0,41,0,0,0,4.49002,0,6
screen1,0,5,parcprinter-08-strips/p20,gc_layer,0.840669,True,1.25524,False,True,31,0,224,0.0052017,31,,87,0,5620,71,77,31,0,1,128,6.03226,0,193,0,87,0,0,0,0,0,0.0151839,0,0
screen1,0,2,parcprinter-08-strips/p20,gc_pairs2,0.289671,True,0.649296,False,True,77,0,717,0.123685,77,,89,1,106306,71,77,31,0,61,126,8.27273,46,640,1,29,0,0,0,0,0,0.199154,0,5
screen1,0,5,parcprinter-08-strips/p20,gc_sub2,0.567286,True,0.896843,False,True,55,0,351,0.0105746,55,,87,0,9330,77,77,31,0,1,128,7.78182,0,296,0,87,0,0,24,0,0,0.0159323,0,0
screen1,0,4,parcprinter-08-strips/p20,gc_support,0.597998,True,1.04409,False,True,31,0,224,0.00761916,31,,87,0,5620,71,77,31,0,1,128,6.03226,0,193,0,87,0,0,0,0,0,0.0130875,0,0
screen1,0,4,parcprinter-08-strips/p20,tsort_goal,0.505616,True,0.93352,False,True,,,,,,,,,,,,,,,,,,,,,,,,,,,,
screen1,0,2,parcprinter-08-strips/p28,gc,0.0184239,True,0.099632,False,True,24,0,185,0.00119627,24,,49,5,1513,53,56,24,0,13,34,4.70833,0,161,5,21,0,0,0,0,0,0.00462301,0,29
screen1,0,3,parcprinter-08-strips/p28,gc_d2,0.133129,True,0.214181,False,True,24,0,227,0.0335046,24,,49,2,28511,56,56,24,0,32,34,14,0,203,2,15,0,0,0,0,0,0.118791,0,28
screen1,0,3,parcprinter-08-strips/p28,gc_d2_p2_layer,3.07874,True,3.15879,False,True,62,21,997,1.44802,62,,49,2,854395,56,56,24,0,32,34,16.371,38,935,2,15,0,0,0,0,0,3.08287,0,153
screen1,0,3,parcprinter-08-strips/p28,gc_d3,0.947766,True,1.01879,False,True,24,25,269,0.91292,24,,49,2,569049,56,56,24,0,32,34,17.0417,0,245,2,15,0,0,0,0,0,0.935136,0,22
screen1,0,2,parcprinter-08-strips/p28,gc_d3_p2_layer,3.80359,True,3.87958,False,True,45,80,684,3.45256,45,,49,2,2035976,56,56,24,0,32,34,18.0444,21,639,2,15,0,18,0,0,0,3.80292,0,79
screen1,0,2,parcprinter-08-strips/p28,gc_layer,0.0248037,True,0.111741,False,True,24,0,185,0.00127504,24,,49,5,1513,53,56,24,0,13,34,4.70833,0,161,5,21,0,0,0,0,0,0.00538774,0,29
screen1,0,2,parcprinter-08-strips/p28,gc_pairs2,0.451036,True,0.528258,False,True,61,0,585,0.0136092,61,,49,2,17019,53,56,24,0,32,34,6.45902,37,524,2,15,0,0,0,0,0,0.446779,0,88
screen1,0,2,parcprinter-08-strips/p28,gc_sub2,0.0212327,True,0.0949184,False,True,50,0,320,0.00228989,50,,49,5,2715,56,56,24,0,13,34,5.5,0,270,5,21,0,0,26,0,0,0.00792681,0,45
screen1,0,2,parcprinter-08-strips/p28,gc_support,0.0219017,True,0.106671,False,True,24,0,185,0.00106158,24,,49,5,1513,53,56,24,0,13,34,4.70833,0,161,5,21,0,0,0,0,0,0.00430341,0,29
screen1,0,2,parcprinter-08-strips/p28,tsort_goal,0.0154941,True,0.0894624,False,True,,,,,,,,,,,,,,,,,,,,,,,,,,,,
screen1,0,2,pathways-noneg/p04,gc,0.00878855,True,0.0643773,False,True,4,0,8,0.000225262,4,,8,0,17,12,64,4,0,1,87,3,0,4,0,8,0,0,0,0,0,0.000871418,0,0
screen1,0,2,pathways-noneg/p04,gc_d2,0.00811207,True,0.063589,False,True,4,0,13,0.000278903,4,,12,0,133,28,64,4,0,1,83,8.75,0,9,0,12,0,0,0,0,0,0.00090561,0,0
screen1,0,2,pathways-noneg/p04,gc_d2_p2_layer,0.0128553,True,0.0691901,False,True,8,0,36,0.00365713,8,,18,1,3297,28,64,4,0,2,77,12.375,4,28,1,17,0,0,0,0,0,0.0052332,0,1
screen1,0,3,pathways-noneg/p04,gc_d3,0.0152465,True,0.0708077,False,True,4,0,23,0.00576071,4,,17,0,4458,51,64,4,0,1,78,20.25,0,19,0,17,0,0,0,0,0,0.00652937,0,0
screen1,0,2,pathways-noneg/p04,gc_d3_p2_layer,1.55102,True,1.60499,False,True,9,16,71,1.55181,9,,22,1,552932,51,64,4,0,5,73,26.4444,5,62,1,18,0,0,0,0,0,1.55362,0,3
screen1,0,2,pathways-noneg/p04,gc_layer,0.0095255,True,0.0680405,False,True,4,0,8,0.000163136,4,,8,0,17,12,64,4,0,1,87,3,0,4,0,8,0,0,0,0,0,0.00136265,0,0
screen1,0,2,pathways-noneg/p04,gc_pairs2,0.00852867,True,0.0635698,False,True,4,0,8,0.000176499,4,,8,0,17,12,64,4,0,1,87,3,0,4,0,8,0,0,0,0,0,0.000813602,0,0
screen1,0,3,pathways-noneg/p04,gc_sub2,0.011772,True,0.0707078,False,True,17,0,35,0.000427117,17,,33,0,162,51,64,4,0,1,62,4.41176,0,18,0,33,0,0,13,0,0,0.00115588,0,0
screen1,0,2,pathways-noneg/p04,gc_support,0.00947439,True,0.066968,False,True,4,0,8,0.000160052,4,,8,0,17,12,64,4,0,1,87,3,0,4,0,8,0,0,0,0,0,0.000828665,0,0
screen1,0,2,pathways-noneg/p04,tsort_goal,0.0104768,True,0.0677394,False,True,,,,,,,,,,,,,,,,,,,,,,,,,,,,
screen1,0,4,pathways-noneg/p10,gc,0.104362,True,1.73863,False,True,14,0,28,0.000968452,14,,28,0,67,42,155,14,0,1,265,3,0,14,0,28,0,0,0,0,0,0.0125255,0,0
screen1,0,5,pathways-noneg/p10,gc_d2,0.161142,True,1.79078,False,True,14,0,54,0.00246178,14,,45,0,1137,74,155,14,0,1,248,9.71429,0,40,0,45,0,0,0,0,0,0.0132146,0,0
screen1,0,4,pathways-noneg/p10,gc_d2_p2_layer,1.66861,True,3.05653,False,True,36,20,205,1.51464,36,,66,1,757082,74,155,14,0,25,227,15.4167,22,169,1,42,0,0,0,0,0,1.53525,0,5
screen1,0,5,pathways-noneg/p10,gc_d3,1.47196,True,3.09942,False,True,14,11,86,1.31867,14,,54,0,560654,118,155,14,0,1,239,29.2143,0,72,0,54,0,0,0,0,0,1.32947,0,0
screen1,0,4,pathways-noneg/p10,gc_d3_p2_layer,5.72194,True,7.14675,False,True,20,45,133,5.6103,20,,68,1,2001501,118,155,14,0,7,225,29.75,6,113,1,62,0,17,0,0,0,5.62916,0,2
screen1,0,3,pathways-noneg/p10,gc_layer,0.168208,True,1.64687,False,True,14,0,28,0.00084459,14,,28,0,67,42,155,14,0,1,265,3,0,14,0,28,0,0,0,0,0,0.0166854,0,0
screen1,0,4,pathways-noneg/p10,gc_pairs2,0.0958099,True,1.6953,False,True,14,0,28,0.000955151,14,,28,0,67,42,155,14,0,1,265,3,0,14,0,28,0,0,0,0,0,0.0101168,0,0
screen1,0,4,pathways-noneg/p10,gc_sub2,0.109152,True,1.49438,False,True,46,0,101,0.00168247,46,,71,0,718,124,155,14,0,1,222,5.71739,0,55,0,71,0,0,32,0,0,0.010523,0,0
screen1,0,3,pathways-noneg/p10,gc_support,0.0747967,True,1.70904,False,True,14,0,28,0.000913146,14,,28,0,67,42,155,14,0,1,265,3,0,14,0,28,0,0,0,0,0,0.011013,0,0
screen1,0,3,pathways-noneg/p10,tsort_goal,0.070059,True,1.69812,False,True,,,,,,,,,,,,,,,,,,,,,,,,,,,,
screen1,0,6,pathways-noneg/p25,gc,2.97887,True,50.4485,False,True,33,0,66,0.00666975,33,,66,0,161,99,324,33,0,1,592,3,0,33,0,66,0,0,0,0,0,0.136387,0,0
screen1,0,6,pathways-noneg/p25,gc_d2,2.96182,True,45.7404,False,True,33,0,129,0.00837737,33,,105,0,2660,171,324,33,0,1,553,9.21212,0,96,0,105,0,0,0,0,0,0.0893089,0,0
screen1,0,5,pathways-noneg/p25,gc_d2_p2_layer,4.22287,True,45.0997,False,True,86,10,523,1.7199,86,,164,3,570201,171,324,33,0,49,494,13.5349,53,437,3,106,0,0,0,0,0,1.98484,0,16
screen1,0,6,pathways-noneg/p25,gc_d3,19.478,True,61.6298,False,True,33,125,195,17.9268,33,,130,1,5469179,269,324,33,0,4,528,30.8788,0,162,1,127,0,0,0,0,0,18.0121,0,1
screen1,0,5,pathways-noneg/p25,gc_d3_p2_layer,9.58859,True,50.7101,False,True,14,48,85,7.46578,14,,65,0,2216004,185,324,33,0,1,593,30.6429,0,71,0,65,0,77,0,0,0,7.63873,0,0
screen1,0,5,pathways-noneg/p25,gc_layer,2.53058,True,46.8216,False,True,33,0,66,0.003437,33,,66,0,161,99,324,33,0,1,592,3,0,33,0,66,0,0,0,0,0,0.178725,0,0
screen1,0,6,pathways-noneg/p25,gc_pairs2,2.83057,True,43.8384,False,True,33,0,66,0.00400741,33,,66,0,161,99,324,33,0,1,592,3,0,33,0,66,0,0,0,0,0,0.0798388,0,0
screen1,0,6,pathways-noneg/p25,gc_sub2,2.83872,True,46.4756,False,True,102,0,221,0.0119252,102,,164,0,2817,264,324,33,0,1,494,6.58824,0,119,0,164,0,0,69,0,0,0.0998532,0,0
screen1,0,5,pathways-noneg/p25,gc_support,3.65861,True,48.8777,False,True,33,0,66,0.00379214,33,,66,0,161,99,324,33,0,1,592,3,0,33,0,66,0,0,0,0,0,0.0859169,0,0
screen1,0,5,pathways-noneg/p25,tsort_goal,1.04242,True,47.3934,False,True,,,,,,,,,,,,,,,,,,,,,,,,,,,,
screen1,0,6,pathways-noneg/p26,gc,4.32975,True,47.1528,False,True,34,0,68,0.00670311,34,,68,0,168,102,336,34,0,1,617,3,0,34,0,68,0,0,0,0,0,0.146142,0,0
screen1,0,6,pathways-noneg/p26,gc_d2,2.93433,True,40.8875,False,True,34,0,135,0.00890869,34,,101,0,2414,176,336,34,0,1,584,9,0,101,0,101,0,0,0,0,0,0.109583,0,0
screen1,0,6,pathways-noneg/p26,gc_d2_p2_layer,9.87922,True,49.7335,False,True,91,20,564,2.82767,91,,158,2,933974,176,336,34,0,60,527,14.2308,57,473,2,97,0,0,0,0,0,4.78348,0,22
screen1,0,7,pathways-noneg/p26,gc_d3,29.5755,True,67.048,False,True,34,173,211,26.5047,34,,144,2,7018470,268,336,34,0,10,541,31.2353,0,177,2,130,0,0,0,0,0,26.6175,0,5
screen1,23,,pathways-noneg/p26,gc_d3_p2_layer,,False,,False,,10,56,59,7.64925,10,,53,1,2102244,165,336,34,0,5,632,36.7,0,49,1,49,0,82,0,0,0,7.8309,0,2
screen1,0,6,pathways-noneg/p26,gc_layer,7.15167,True,48.419,False,True,34,0,68,0.0040758,34,,68,0,168,102,336,34,0,1,617,3,0,34,0,68,0,0,0,0,0,0.18476,0,0
screen1,0,6,pathways-noneg/p26,gc_pairs2,4.01462,True,42.1226,False,True,34,0,68,0.00453041,34,,68,0,168,102,336,34,0,1,617,3,0,34,0,68,0,0,0,0,0,0.104889,0,0
screen1,0,5,pathways-noneg/p26,gc_sub2,2.75511,True,43.013,False,True,100,0,226,0.0125465,100,,165,0,4510,270,336,34,0,1,520,7.18,0,126,0,165,0,0,66,0,0,0.0983751,0,0
screen1,0,5,pathways-noneg/p26,gc_support,2.20855,True,42.9124,False,True,34,0,68,0.00385154,34,,68,0,168,102,336,34,0,1,617,3,0,34,0,68,0,0,0,0,0,0.0923711,0,0
screen1,0,6,pathways-noneg/p26,tsort_goal,7.3062,True,48.3502,False,True,,,,,,,,,,,,,,,,,,,,,,,,,,,,
screen1,0,5,pathways-noneg/p28,gc,1.97095,True,51.1594,False,True,37,0,74,0.00407459,37,,74,0,181,111,340,37,0,1,617,3,0,37,0,74,0,0,0,0,0,0.164167,0,0
screen1,0,6,pathways-noneg/p28,gc_d2,1.74976,True,48.8232,False,True,37,0,145,0.00945193,37,,111,0,3429,187,340,37,0,1,580,9.16216,0,108,0,111,0,0,0,0,0,0.0902937,0,0
screen1,0,6,pathways-noneg/p28,gc_d2_p2_layer,9.99179,True,55.6201,False,True,101,37,621,6.58446,101,,191,4,1986125,187,340,37,0,21,500,14.8515,64,520,4,148,0,0,0,0,0,6.75905,0,14
screen1,0,6,pathways-noneg/p28,gc_d3,33.3935,True,76.9048,False,True,37,197,227,32.2492,37,,147,3,8095712,293,340,37,0,13,544,31.6216,0,190,3,128,0,0,0,0,0,32.3451,0,3
screen1,0,6,pathways-noneg/p28,gc_d3_p2_layer,10.7352,True,58.1673,False,True,10,54,52,6.7727,10,,48,0,2022509,175,340,37,0,1,643,37.1,0,42,0,48,0,87,0,0,0,6.96205,0,0
screen1,0,5,pathways-noneg/p28,gc_layer,1.92222,True,49.7487,False,True,37,0,74,0.00339275,37,,74,0,181,111,340,37,0,1,617,3,0,37,0,74,0,0,0,0,0,0.178854,0,0
screen1,0,5,pathways-noneg/p28,gc_pairs2,1.93523,True,47.557,False,True,37,0,74,0.00438519,37,,74,0,181,111,340,37,0,1,617,3,0,37,0,74,0,0,0,0,0,0.0860721,0,0
screen1,0,6,pathways-noneg/p28,gc_sub2,2.30711,True,48.6805,False,True,116,0,256,0.0160502,116,,182,1,5486,289,340,37,0,3,509,6.75862,0,140,1,180,0,0,79,0,0,0.101872,0,1
screen1,0,5,pathways-noneg/p28,gc_support,2.07429,True,50.2998,False,True,37,0,74,0.00372401,37,,74,0,181,111,340,37,0,1,617,3,0,37,0,74,0,0,0,0,0,0.104117,0,0
screen1,0,5,pathways-noneg/p28,tsort_goal,2.20925,True,54.0309,False,True,,,,,,,,,,,,,,,,,,,,,,,,,,,,
screen1,0,6,pathways/p26,gc,7.16882,True,24.1012,False,True,34,0,68,0.00687585,34,,68,0,168,102,338,34,0,1,619,3,0,34,0,68,0,0,0,0,0,0.184515,0,0
screen1,0,6,pathways/p26,gc_d2,4.22924,True,19.9975,False,True,34,0,135,0.00927441,34,,101,0,2414,176,338,34,0,1,586,9,0,101,0,101,0,0,0,0,0,0.0979355,0,0
screen1,0,6,pathways/p26,gc_d2_p2_layer,8.17948,True,25.918,False,True,91,20,564,2.78526,91,,158,2,933974,176,338,34,0,60,529,14.2308,57,473,2,97,0,0,0,0,0,4.53718,0,22
screen1,0,7,pathways/p26,gc_d3,29.853,True,45.9559,False,True,34,173,211,26.3931,34,,144,2,6943134,268,338,34,0,10,543,31.1471,0,177,2,130,0,0,0,0,0,26.4873,0,5
screen1,23,,pathways/p26,gc_d3_p2_layer,,False,,False,,10,56,59,6.82227,10,,53,1,2026910,164,338,34,0,5,634,36.4,0,49,1,49,0,82,0,0,0,6.9957,0,2
screen1,0,6,pathways/p26,gc_layer,8.48797,True,25.285,False,True,34,0,68,0.00370477,34,,68,0,168,102,338,34,0,1,619,3,0,34,0,68,0,0,0,0,0,0.174799,0,0
screen1,0,6,pathways/p26,gc_pairs2,7.17327,True,23.5456,False,True,34,0,68,0.00441293,34,,68,0,168,102,338,34,0,1,619,3,0,34,0,68,0,0,0,0,0,0.0899699,0,0
screen1,0,5,pathways/p26,gc_sub2,3.91732,True,20.2449,False,True,100,0,226,0.0136112,100,,165,0,4510,270,338,34,0,1,522,7.18,0,126,0,165,0,0,66,0,0,0.100662,0,0
screen1,0,5,pathways/p26,gc_support,3.22246,True,19.5406,False,True,34,0,68,0.00376178,34,,68,0,168,102,338,34,0,1,619,3,0,34,0,68,0,0,0,0,0,0.0919048,0,0
screen1,0,6,pathways/p26,tsort_goal,12.6146,True,29.7743,False,True,,,,,,,,,,,,,,,,,,,,,,,,,,,,
screen1,0,3,pegsol-08-strips/p22,gc,0.0323968,True,0.0654615,False,True,33,0,94,0.00436472,33,,31,2,2995,33,34,33,0,17,46,6.45455,0,61,2,11,0,0,0,0,0,0.0106618,0,6
screen1,0,2,pegsol-08-strips/p22,gc_d2,7.75495,True,7.7876,False,True,33,74,232,6.24404,33,,56,1,2487717,33,34,33,0,45,21,15.6364,0,199,1,12,0,0,0,0,0,7.92341,0,21
screen1,0,2,pegsol-08-strips/p22,gc_d2_p2_layer,5.42483,True,5.45674,False,True,31,64,218,5.22648,31,,55,1,2143265,33,34,33,0,45,22,15.5806,0,187,1,11,0,62,0,0,0,5.49161,0,20
screen1,0,1,pegsol-08-strips/p22,gc_d3,12.4571,True,12.4886,False,True,33,113,344,12.2108,33,,51,1,5113550,33,34,33,0,40,26,22.3333,0,311,1,12,0,0,0,0,0,12.5195,0,35
screen1,0,2,pegsol-08-strips/p22,gc_d3_p2_layer,5.31902,True,5.34944,False,True,11,49,93,5.31799,11,,36,1,2158188,33,34,33,0,31,41,18.6364,0,82,1,6,0,81,0,0,0,5.32499,0,6
screen1,0,3,pegsol-08-strips/p22,gc_layer,0.0504912,True,0.081378,False,True,33,0,94,0.00354219,33,,31,2,2995,33,34,33,0,17,46,6.45455,0,61,2,11,0,0,0,0,0,0.00560575,0,6
screen1,0,3,pegsol-08-strips/p22,gc_pairs2,0.3131,True,0.345655,False,True,75,0,291,0.0604285,75,,50,1,36014,33,34,33,0,41,27,8.6,42,216,1,10,0,0,0,0,0,0.285804,0,22
screen1,0,3,pegsol-08-strips/p22,gc_sub2,0.0302022,True,0.0591152,False,True,60,0,135,0.00446917,60,,41,2,3238,33,34,33,0,18,36,6.55,0,75,2,20,0,0,27,0,0,0.00586686,0,7
screen1,0,3,pegsol-08-strips/p22,gc_support,0.0590455,True,0.0908541,False,True,33,0,94,0.00432221,33,,31,2,2995,33,34,33,0,17,46,6.45455,0,61,2,11,0,0,0,0,0,0.00627924,0,6
screen1,0,5,pegsol-08-strips/p22,tsort_goal,0.278535,True,0.310909,False,True,,,,,,,,,,,,,,,,,,,,,,,,,,,,
screen1,0,2,pipesworld-notankage/p06-net1-b10-g6,gc,2.60068,True,2.74991,False,True,6,18,25,1.42868,6,,19,0,255646,70,70,6,0,1,349,28.5,0,19,0,19,0,0,0,0,0,1.43135,0,0
screen1,0,2,pipesworld-notankage/p06-net1-b10-g6,gc_d2,8.4677,True,8.64525,False,True,6,38,28,7.10208,6,,17,0,864650,70,70,6,0,1,351,44.3333,0,22,0,17,0,0,0,0,0,7.10532,0,0
screen1,0,2,pipesworld-notankage/p06-net1-b10-g6,gc_d2_p2_layer,18.9829,True,19.1356,False,True,12,78,57,17.9092,12,,26,1,2230388,70,70,6,0,4,342,40.0833,6,45,1,23,0,3,0,0,0,17.9145,0,1
screen1,0,2,pipesworld-notankage/p06-net1-b10-g6,gc_d3,8.5656,True,8.72936,False,True,6,39,28,7.21833,6,,17,0,875101,70,70,6,0,1,351,44.3333,0,22,0,17,0,0,0,0,0,7.22143,0,0
screen1,0,2,pipesworld-notankage/p06-net1-b10-g6,gc_d3_p2_layer,18.3128,True,18.4793,False,True,11,71,55,16.6347,11,,24,0,2069391,70,70,6,0,1,344,37.1818,5,44,0,24,0,4,0,0,0,16.6396,0,0
screen1,0,2,pipesworld-notankage/p06-net1-b10-g6,gc_layer,3.05512,True,3.2031,False,True,6,18,25,1.37532,6,,19,0,255646,70,70,6,0,1,349,28.5,0,19,0,19,0,0,0,0,0,1.38058,0,0
screen1,0,2,pipesworld-notankage/p06-net1-b10-g6,gc_pairs2,10.5307,True,10.6921,False,True,12,45,56,9.57189,12,,21,0,1271322,70,70,6,0,1,347,28.3333,6,44,0,21,0,0,0,0,0,9.57463,0,0
screen1,0,2,pipesworld-notankage/p06-net1-b10-g6,gc_sub2,2.7497,True,2.92951,False,True,22,18,53,1.36427,22,,35,0,257661,70,70,6,0,1,333,32.0455,0,31,0,35,0,0,16,0,0,1.36686,0,0
screen1,0,2,pipesworld-notankage/p06-net1-b10-g6,gc_support,3.4437,True,3.62062,False,True,6,18,25,1.38227,6,,19,0,255646,70,70,6,0,1,349,28.5,0,19,0,19,0,0,0,0,0,1.38526,0,0
screen1,0,3,pipesworld-notankage/p06-net1-b10-g6,tsort_goal,2.96971,True,3.14077,False,True,,,,,,,,,,,,,,,,,,,,,,,,,,,,
screen1,0,4,pipesworld-notankage/p11-net2-b10-g2,gc,30.1921,True,32.0007,False,True,2,0,8,0.0586897,2,,7,1,11050,44,172,2,0,2,793,22,0,6,1,6,0,0,0,0,0,0.0887647,0,1
screen1,0,3,pipesworld-notankage/p11-net2-b10-g2,gc_d2,12.4331,True,14.0465,False,True,2,14,12,2.64539,2,,11,0,247641,97,172,2,0,1,789,58.5,0,10,0,11,0,0,0,0,0,2.67409,0,0
screen1,0,4,pipesworld-notankage/p11-net2-b10-g2,gc_d2_p2_layer,26.2862,True,27.9981,False,True,3,22,20,6.66549,3,,16,2,532491,97,172,2,0,2,784,44.6667,1,17,2,14,0,0,0,0,0,6.72144,0,2
screen1,0,3,pipesworld-notankage/p11-net2-b10-g2,gc_d3,13.0678,True,14.9828,False,True,2,16,12,3.29471,2,,11,0,285740,97,172,2,0,1,789,58.5,0,10,0,11,0,0,0,0,0,3.31994,0,0
screen1,0,4,pipesworld-notankage/p11-net2-b10-g2,gc_d3_p2_layer,27.3495,True,29.0478,False,True,3,24,20,7.17074,3,,16,2,570590,97,172,2,0,2,784,44.6667,1,17,2,14,0,0,0,0,0,7.22614,0,2
screen1,0,4,pipesworld-notankage/p11-net2-b10-g2,gc_layer,31.6245,True,33.2877,False,True,2,0,8,0.0611064,2,,7,1,11050,44,172,2,0,2,793,22,0,6,1,6,0,0,0,0,0,0.114576,0,1
screen1,0,4,pipesworld-notankage/p11-net2-b10-g2,gc_pairs2,27.4127,True,29.0966,False,True,2,0,8,0.0652372,2,,7,1,11050,44,172,2,0,2,793,22,0,6,1,6,0,0,0,0,0,0.0906338,0,1
screen1,0,4,pipesworld-notankage/p11-net2-b10-g2,gc_sub2,23.2656,True,25.1722,False,True,14,7,42,0.134902,14,,29,3,20418,120,172,2,0,2,771,28,0,28,3,26,0,0,12,0,0,0.163919,0,4
screen1,23,,pipesworld-notankage/p11-net2-b10-g2,gc_support,,False,,False,,2,0,8,0.0619504,2,,7,1,11050,44,172,2,0,2,793,22,0,6,1,6,0,0,0,0,0,0.0905321,0,1
screen1,0,7,pipesworld-notankage/p11-net2-b10-g2,tsort_goal,207.25,True,209.122,False,True,,,,,,,,,,,,,,,,,,,,,,,,,,,,
screen1,0,5,psr-small/p11-s18-n2-l2-f50,gc,0.0130635,True,0.0168949,False,True,5,0,23,0.000140508,5,,7,0,60,12,12,5,0,1,17,5.8,0,18,0,7,0,0,0,0,0,0.000190801,0,0
screen1,0,2,psr-small/p11-s18-n2-l2-f50,gc_d2,0.00694239,True,0.01053,False,True,5,0,71,0.000506567,5,,15,1,524,12,12,5,0,15,9,11.2,0,66,1,1,0,0,0,0,0,0.00194481,0,5
screen1,0,2,psr-small/p11-s18-n2-l2-f50,gc_d2_p2_layer,0.0114943,True,0.0155168,False,True,12,0,192,0.00140086,12,,15,1,1452,12,12,5,0,15,9,11.5,7,180,1,1,0,0,0,0,0,0.00643546,0,12
screen1,0,2,psr-small/p11-s18-n2-l2-f50,gc_d3,0.00667998,True,0.0090814,False,True,5,0,95,0.000673479,5,,15,1,740,12,12,5,0,15,9,12,0,90,1,1,0,0,0,0,0,0.00180287,0,5
screen1,0,2,psr-small/p11-s18-n2-l2-f50,gc_d3_p2_layer,0.0118868,True,0.0132354,False,True,12,0,228,0.0017555,12,,15,1,1776,12,12,5,0,15,9,12,7,216,1,1,0,0,0,0,0,0.00502503,0,12
screen1,0,6,psr-small/p11-s18-n2-l2-f50,gc_layer,0.0209903,True,0.0250626,False,True,5,0,23,0.000143458,5,,7,0,60,12,12,5,0,1,17,5.8,0,18,0,7,0,0,0,0,0,0.000209258,0,0
screen1,0,3,psr-small/p11-s18-n2-l2-f50,gc_pairs2,0.00685109,True,0.0102381,False,True,12,0,69,0.000418263,12,,15,1,300,12,12,5,0,15,9,7.25,7,57,1,1,0,0,0,0,0,0.00105197,0,2
screen1,0,5,psr-small/p11-s18-n2-l2-f50,gc_sub2,0.0168725,True,0.0191207,False,True,10,0,34,0.000216437,10,,10,0,100,12,12,5,0,1,14,5.4,0,24,0,10,0,0,5,0,0,0.000270294,0,0
screen1,0,5,psr-small/p11-s18-n2-l2-f50,gc_support,0.0160622,True,0.0190052,False,True,5,0,23,0.000159845,5,,7,0,60,12,12,5,0,1,17,5.8,0,18,0,7,0,0,0,0,0,0.000217375,0,0
screen1,0,7,psr-small/p11-s18-n2-l2-f50,tsort_goal,0.0350008,True,0.0373304,False,True,,,,,,,,,,,,,,,,,,,,,,,,,,,,
screen1,0,6,psr-small/p12-s21-n2-l3-f30,gc,0.0196164,True,0.0237134,False,True,6,0,26,0.000140766,6,,5,1,64,11,11,6,0,3,18,5.33333,0,20,1,3,0,0,0,0,0,0.000374872,0,6
screen1,0,4,psr-small/p12-s21-n2-l3-f30,gc_d2,0.00969531,True,0.0119995,False,True,6,0,66,0.000514443,6,,11,1,486,11,11,6,0,11,12,10,0,60,1,1,0,0,0,0,0,0.00157649,0,12
screen1,0,4,psr-small/p12-s21-n2-l3-f30,gc_d2_p2_layer,0.0144818,True,0.0178337,False,True,14,0,179,0.00143648,14,,11,1,1498,11,11,6,0,11,12,10.3571,8,165,1,1,0,0,0,0,0,0.00557954,0,33
screen1,0,4,psr-small/p12-s21-n2-l3-f30,gc_d3,0.00998854,True,0.0132992,False,True,6,0,96,0.000809386,6,,11,1,936,11,11,6,0,11,12,11,0,90,1,1,0,0,0,0,0,0.00259045,0,18
screen1,0,4,psr-small/p12-s21-n2-l3-f30,gc_d3_p2_layer,0.0178187,True,0.0200402,False,True,15,0,240,0.00195984,15,,11,1,2340,11,11,6,0,11,12,11,9,225,1,1,0,0,0,0,0,0.00951679,0,45
screen1,0,7,psr-small/p12-s21-n2-l3-f30,gc_layer,0.0333267,True,0.0368447,False,True,6,0,26,0.000142636,6,,5,1,64,11,11,6,0,3,18,5.33333,0,20,1,3,0,0,0,0,0,0.000395023,0,6
screen1,0,4,psr-small/p12-s21-n2-l3-f30,gc_pairs2,0.00941243,True,0.0128861,False,True,14,0,72,0.000391088,14,,11,1,288,11,11,6,0,11,12,6.21429,8,58,1,1,0,0,0,0,0,0.00134163,0,16
screen1,0,6,psr-small/p12-s21-n2-l3-f30,gc_sub2,0.020311,True,0.0241486,False,True,7,0,28,0.000179531,7,,5,1,96,11,11,6,0,3,18,5.85714,0,21,1,3,0,0,1,0,0,0.000425397,0,6
screen1,0,5,psr-small/p12-s21-n2-l3-f30,gc_support,0.0160553,True,0.0195504,False,True,6,0,26,0.000126705,6,,5,1,64,11,11,6,0,3,18,5.33333,0,20,1,3,0,0,0,0,0,0.000351026,0,6
screen1,0,6,psr-small/p12-s21-n2-l3-f30,tsort_goal,0.0248292,True,0.0282885,False,True,,,,,,,,,,,,,,,,,,,,,,,,,,,,
screen1,0,7,psr-small/p16-s29-n2-l5-f30,gc,0.104502,True,0.112295,False,True,1,0,5,0.000161374,1,,4,1,24,15,17,2,0,2,51,20,0,4,1,3,0,0,0,0,0,0.000318448,0,1
screen1,0,4,psr-small/p16-s29-n2-l5-f30,gc_d2,0.0207102,True,0.0276687,False,True,1,0,25,0.00349343,1,,20,1,2680,17,17,2,0,19,35,32,0,24,1,2,0,0,0,0,0,0.00450138,0,3
screen1,0,4,psr-small/p16-s29-n2-l5-f30,gc_d2_p2_layer,0.0246804,True,0.0319862,False,True,2,0,50,0.00701283,2,,20,1,5360,17,17,2,0,19,35,24.5,1,48,1,2,0,0,0,0,0,0.0089606,0,6
screen1,0,4,psr-small/p16-s29-n2-l5-f30,gc_d3,0.0216209,True,0.0287922,False,True,1,0,25,0.00359369,1,,20,1,2680,17,17,2,0,19,35,32,0,24,1,2,0,0,0,0,0,0.0045604,0,3
screen1,0,4,psr-small/p16-s29-n2-l5-f30,gc_d3_p2_layer,0.0234247,True,0.0305084,False,True,2,0,50,0.00685699,2,,20,1,5360,17,17,2,0,19,35,24.5,1,48,1,2,0,0,0,0,0,0.00888037,0,6
screen1,0,7,psr-small/p16-s29-n2-l5-f30,gc_layer,0.195992,True,0.203797,False,True,1,0,5,0.000167929,1,,4,1,24,15,17,2,0,2,51,20,0,4,1,3,0,0,0,0,0,0.000371037,0,1
screen1,0,5,psr-small/p16-s29-n2-l5-f30,gc_pairs2,0.0302372,True,0.037998,False,True,2,0,28,0.00325217,2,,17,1,2726,15,17,2,0,12,38,17.5,1,26,1,6,0,0,0,0,0,0.00375345,0,4
screen1,0,7,psr-small/p16-s29-n2-l5-f30,gc_sub2,0.0615059,True,0.0684325,False,True,6,0,13,0.000325836,6,,8,1,64,17,17,2,0,2,47,9.83333,0,7,1,7,0,0,5,0,0,0.000485806,0,1
screen1,0,8,psr-small/p16-s29-n2-l5-f30,gc_support,0.232375,True,0.239005,False,True,1,0,5,0.000172622,1,,4,1,24,15,17,2,0,2,51,20,0,4,1,3,0,0,0,0,0,0.000349172,0,1
screen1,0,6,psr-small/p16-s29-n2-l5-f30,tsort_goal,0.0840378,True,0.0919708,False,True,,,,,,,,,,,,,,,,,,,,,,,,,,,,
screen1,0,6,psr-small/p32-s50-n4-l2-f50,gc,0.0285534,True,0.034851,False,True,7,0,46,0.000378825,7,,9,1,338,17,19,7,0,5,25,7.57143,0,39,1,5,0,0,0,0,0,0.000711075,0,7
screen1,0,4,psr-small/p32-s50-n4-l2-f50,gc_d2,0.0131932,True,0.0183922,False,True,7,0,112,0.00169331,7,,19,1,1858,19,19,7,0,18,15,16.1429,0,105,1,2,0,0,0,0,0,0.0046667,0,13
screen1,0,4,psr-small/p32-s50-n4-l2-f50,gc_d2_p2_layer,0.0323304,True,0.0382076,False,True,18,0,334,0.00580026,18,,19,1,5861,19,19,7,0,18,15,16.5556,11,316,1,2,0,0,0,0,0,0.0228239,0,40
screen1,0,4,psr-small/p32-s50-n4-l2-f50,gc_d3,0.0158797,True,0.0202986,False,True,7,0,168,0.00268958,7,,19,1,2912,19,19,7,0,18,15,19,0,161,1,2,0,0,0,0,0,0.0069939,0,21
screen1,0,4,psr-small/p32-s50-n4-l2-f50,gc_d3_p2_layer,0.0383254,True,0.04228,False,True,18,0,432,0.00720855,18,,19,1,7488,19,19,7,0,18,15,19,11,414,1,2,0,0,0,0,0,0.0299733,0,54
screen1,0,7,psr-small/p32-s50-n4-l2-f50,gc_layer,0.0382799,True,0.0421907,False,True,7,0,46,0.000371781,7,,9,1,338,17,19,7,0,5,25,7.57143,0,39,1,5,0,0,0,0,0,0.000743661,0,7
screen1,0,4,psr-small/p32-s50-n4-l2-f50,gc_pairs2,0.0130468,True,0.0184878,False,True,17,0,128,0.00135305,17,,19,1,1405,17,19,7,0,18,15,9.23529,10,111,1,2,0,0,0,0,0,0.00369736,0,19
screen1,0,6,psr-small/p32-s50-n4-l2-f50,gc_sub2,0.0197855,True,0.0246253,False,True,14,0,61,0.000454575,14,,12,1,417,17,19,7,0,5,22,6.92857,0,47,1,8,0,0,7,0,0,0.000765277,0,8
screen1,0,6,psr-small/p32-s50-n4-l2-f50,gc_support,0.0361638,True,0.0417553,False,True,7,0,46,0.000379225,7,,9,1,338,17,19,7,0,5,25,7.57143,0,39,1,5,0,0,0,0,0,0.000754674,0,7
screen1,0,8,psr-small/p32-s50-n4-l2-f50,tsort_goal,0.0698094,True,0.075306,False,True,,,,,,,,,,,,,,,,,,,,,,,,,,,,
screen1,0,5,psr-small/p45-s94-n4-l3-f50,gc,0.024815,True,0.026957,False,True,8,0,51,0.000367219,8,,9,0,358,17,19,8,0,1,25,7.375,0,43,0,9,0,0,0,0,0,0.0038154,0,0
screen1,0,2,psr-small/p45-s94-n4-l3-f50,gc_d2,0.00935734,True,0.0150864,False,True,8,0,105,0.00159186,8,,15,1,1509,19,19,8,0,15,19,16,0,97,1,1,0,0,0,0,0,0.00362591,0,5
screen1,0,2,psr-small/p45-s94-n4-l3-f50,gc_d2_p2_layer,0.0284002,True,0.0338223,False,True,21,0,321,0.00572129,21,,15,1,5484,19,19,8,0,15,19,16.4286,13,300,1,1,0,0,0,0,0,0.0224219,0,18
screen1,0,2,psr-small/p45-s94-n4-l3-f50,gc_d3,0.0108288,True,0.0160691,False,True,8,0,160,0.00350925,8,,15,1,3576,19,19,8,0,15,19,19,0,152,1,1,0,0,0,0,0,0.00559887,0,8
screen1,0,2,psr-small/p45-s94-n4-l3-f50,gc_d3_p2_layer,0.0230718,True,0.0282359,False,True,21,0,420,0.00911532,21,,15,1,9387,19,19,8,0,15,19,19,13,399,1,1,0,0,0,0,0,0.0175061,0,21
screen1,0,6,psr-small/p45-s94-n4-l3-f50,gc_layer,0.0391784,True,0.0438718,False,True,8,0,51,0.000413081,8,,9,0,358,17,19,8,0,1,25,7.375,0,43,0,9,0,0,0,0,0,0.00052911,0,0
screen1,0,3,psr-small/p45-s94-n4-l3-f50,gc_pairs2,0.00928562,True,0.0146767,False,True,20,0,140,0.00123793,20,,15,1,1250,17,19,8,0,15,19,8.5,12,120,1,1,0,0,0,0,0,0.00204809,0,2
screen1,0,5,psr-small/p45-s94-n4-l3-f50,gc_sub2,0.0301356,True,0.0355916,False,True,14,0,59,0.000510306,14,,11,0,399,17,19,8,0,1,23,6.92857,0,45,0,11,0,0,6,0,0,0.000596104,0,0
screen1,0,4,psr-small/p45-s94-n4-l3-f50,gc_support,0.0137039,True,0.0191538,False,True,8,0,51,0.000416226,8,,9,0,358,17,19,8,0,1,25,7.375,0,43,0,9,0,0,0,0,0,0.000507683,0,0
screen1,0,7,psr-small/p45-s94-n4-l3-f50,tsort_goal,0.0488167,True,0.0530324,False,True,,,,,,,,,,,,,,,,,,,,,,,,,,,,
screen1,0,14,psr-small/p46-s97-n5-l2-f30,gc,4.51141,True,4.52407,False,True,1,0,9,0.000482866,1,,7,1,265,23,28,2,0,3,61,31,0,8,1,5,0,0,0,0,0,0.000762043,0,2
screen1,0,14,psr-small/p46-s97-n5-l2-f30,gc_d2,4.61295,True,4.62458,False,True,1,5,9,0.20404,1,,7,1,100978,28,28,2,0,3,61,51,0,8,1,5,0,0,0,0,0,0.204428,0,2
screen1,0,10,psr-small/p46-s97-n5-l2-f30,gc_d2_p2_layer,3.05012,True,3.06253,False,True,2,9,32,0.493885,2,,17,1,300389,28,28,2,0,13,51,36,1,30,1,5,0,0,0,0,0,0.494827,0,6
screen1,0,14,psr-small/p46-s97-n5-l2-f30,gc_d3,4.62379,True,4.63493,False,True,1,5,9,0.200302,1,,7,1,100978,28,28,2,0,3,61,51,0,8,1,5,0,0,0,0,0,0.200612,0,2
screen1,0,10,psr-small/p46-s97-n5-l2-f30,gc_d3_p2_layer,2.89575,True,2.90729,False,True,2,9,32,0.466047,2,,17,1,300389,28,28,2,0,13,51,36,1,30,1,5,0,0,0,0,0,0.466989,0,6
screen1,0,15,psr-small/p46-s97-n5-l2-f30,gc_layer,8.20961,True,8.22207,False,True,1,0,9,0.000489925,1,,7,1,265,23,28,2,0,3,61,31,0,8,1,5,0,0,0,0,0,0.000872819,0,2
screen1,0,9,psr-small/p46-s97-n5-l2-f30,gc_pairs2,1.35224,True,1.36338,False,True,2,5,32,0.215496,2,,17,1,160948,23,28,2,0,13,51,26,1,30,1,5,0,0,0,0,0,0.216203,0,6
screen1,0,15,psr-small/p46-s97-n5-l2-f30,gc_sub2,6.71972,True,6.73064,False,True,7,0,17,0.000722896,7,,10,1,313,28,28,2,0,3,58,12.1429,0,10,1,8,0,0,6,0,0,0.00101974,0,2
screen1,0,14,psr-small/p46-s97-n5-l2-f30,gc_support,6.13552,True,6.14762,False,True,1,0,9,0.00048793,1,,7,1,265,23,28,2,0,3,61,31,0,8,1,5,0,0,0,0,0,0.000785939,0,2
screen1,0,10,psr-small/p46-s97-n5-l2-f30,tsort_goal,2.71059,True,2.7221,False,True,,,,,,,,,,,,,,,,,,,,,,,,,,,,
screen1,0,8,psr-small/p47-s98-n5-l2-f50,gc,0.486279,True,0.49213,False,True,11,0,81,0.000711792,11,,10,1,606,23,24,11,0,8,39,8.54545,0,70,1,3,0,0,0,0,0,0.00489217,0,11
screen1,0,4,psr-small/p47-s98-n5-l2-f50,gc_d2,0.0303779,True,0.0379192,False,True,11,0,169,0.010258,11,,19,1,10349,24,24,11,0,19,30,20.1818,0,158,1,1,0,0,0,0,0,0.0145342,0,17
screen1,0,4,psr-small/p47-s98-n5-l2-f50,gc_d2_p2_layer,0.106933,True,0.114674,False,True,30,0,534,0.0553681,30,,19,1,50592,24,24,11,0,19,30,20.7,19,504,1,1,0,0,0,0,0,0.0893365,0,60
screen1,0,4,psr-small/p47-s98-n5-l2-f50,gc_d3,0.0903723,True,0.0971552,False,True,11,0,297,0.0631894,11,,19,1,57035,24,24,11,0,19,30,24,0,286,1,1,0,0,0,0,0,0.0760161,0,33
screen1,0,4,psr-small/p47-s98-n5-l2-f50,gc_d3_p2_layer,0.278104,True,0.286106,False,True,30,0,810,0.189894,30,,19,1,155550,24,24,11,0,19,30,24,19,780,1,1,0,0,0,0,0,0.261244,0,90
screen1,0,9,psr-small/p47-s98-n5-l2-f50,gc_layer,0.584104,True,0.592089,False,True,11,0,81,0.000704548,11,,10,1,606,23,24,11,0,8,39,8.54545,0,70,1,3,0,0,0,0,0,0.00158757,0,11
screen1,0,6,psr-small/p47-s98-n5-l2-f50,gc_pairs2,0.0567596,True,0.0643827,False,True,25,0,193,0.00209041,25,,13,1,2056,23,24,11,0,11,36,9.36,14,168,1,3,0,0,0,0,0,0.00482636,0,25
screen1,0,8,psr-small/p47-s98-n5-l2-f50,gc_sub2,0.477527,True,0.483857,False,True,17,0,89,0.000871193,17,,12,1,665,23,24,11,0,8,37,8.35294,0,72,1,5,0,0,6,0,0,0.00165402,0,11
screen1,0,7,psr-small/p47-s98-n5-l2-f50,gc_support,0.253821,True,0.261962,False,True,11,0,81,0.000739948,11,,10,1,606,23,24,11,0,8,39,8.54545,0,70,1,3,0,0,0,0,0,0.00158028,0,11
screen1,0,9,psr-small/p47-s98-n5-l2-f50,tsort_goal,0.797192,True,0.805257,False,True,,,,,,,,,,,,,,,,,,,,,,,,,,,,
screen1,0,14,psr-small/p49-s105-n6-l2-f30,gc,13.8391,True,13.8709,False,True,21,5,207,0.066957,21,,17,1,58612,39,40,21,0,14,110,10,0,186,1,4,0,0,0,0,0,0.07312,0,47
screen1,0,9,psr-small/p49-s105-n6-l2-f30,gc_d2,6.98041,True,7.00931,False,True,21,117,422,3.95749,21,,39,1,2744746,40,40,21,0,39,88,30.0952,0,401,1,1,0,0,0,0,0,4.31776,0,65
screen1,0,9,psr-small/p49-s105-n6-l2-f30,gc_d2_p2_layer,6.94927,True,6.97894,False,True,18,100,358,3.24206,18,,39,1,2171111,40,40,21,0,39,88,30.5556,0,340,1,1,0,42,0,0,0,3.51675,0,55
screen1,0,9,psr-small/p49-s105-n6-l2-f30,gc_d3,7.9388,True,7.96666,False,True,21,121,422,5.09991,21,,39,1,3670256,40,40,21,0,39,88,30.0952,0,401,1,1,0,0,0,0,0,5.40567,0,65
screen1,0,9,psr-small/p49-s105-n6-l2-f30,gc_d3_p2_layer,6.05191,True,6.07952,False,True,12,70,240,2.89557,12,,38,1,2077561,40,40,21,0,38,89,30.9167,0,228,1,1,0,48,0,0,0,3.00187,0,37
screen1,0,14,psr-small/p49-s105-n6-l2-f30,gc_layer,15.6438,True,15.6709,False,True,21,5,207,0.0691428,21,,17,1,58612,39,40,21,0,14,110,10,0,186,1,4,0,0,0,0,0,0.076071,0,47
screen1,0,9,psr-small/p49-s105-n6-l2-f30,gc_pairs2,3.24711,True,3.27133,False,True,53,20,546,0.691227,53,,31,1,605680,39,40,21,0,31,96,10.6792,32,493,1,1,0,0,0,0,0,0.8392,0,120
screen1,0,14,psr-small/p49-s105-n6-l2-f30,gc_sub2,12.0152,True,12.0431,False,True,29,5,226,0.0637256,29,,19,1,58806,39,40,21,0,14,108,10.5862,0,197,1,6,0,0,8,0,0,0.0715304,0,49
screen1,0,14,psr-small/p49-s105-n6-l2-f30,gc_support,19.8198,True,19.8502,False,True,21,5,207,0.0681589,21,,17,1,58612,39,40,21,0,14,110,10,0,186,1,4,0,0,0,0,0,0.0749575,0,47
screen1,0,13,psr-small/p49-s105-n6-l2-f30,tsort_goal,16.5587,True,16.5865,False,True,,,,,,,,,,,,,,,,,,,,,,,,,,,,
screen1,0,5,psr-small/p50-s107-n6-l2-f70,gc,0.0313512,True,0.0381484,False,True,10,0,83,0.00130567,10,,11,0,1704,21,25,10,0,1,32,9.1,0,73,0,11,0,0,0,0,0,0.00139183,0,0
screen1,0,2,psr-small/p50-s107-n6-l2-f70,gc_d2,0.0129705,True,0.0202506,False,True,10,0,146,0.00449819,10,,19,1,3999,25,25,10,0,15,24,20,0,136,1,5,0,0,0,0,0,0.00628792,0,5
screen1,0,2,psr-small/p50-s107-n6-l2-f70,gc_d2_p2_layer,0.0321062,True,0.0379772,False,True,27,0,465,0.0148556,27,,19,1,13558,25,25,10,0,15,24,20.4815,17,438,1,5,0,0,0,0,0,0.0260686,0,22
screen1,0,2,psr-small/p50-s107-n6-l2-f70,gc_d3,0.0177036,True,0.0250705,False,True,10,0,230,0.00845071,10,,19,1,7010,25,25,10,0,15,24,25,0,220,1,5,0,0,0,0,0,0.0110664,0,10
screen1,0,2,psr-small/p50-s107-n6-l2-f70,gc_d3_p2_layer,0.0419382,True,0.049052,False,True,27,0,621,0.023715,27,,19,1,18927,25,25,10,0,15,24,25,17,594,1,5,0,0,0,0,0,0.0356156,0,27
screen1,0,6,psr-small/p50-s107-n6-l2-f70,gc_layer,0.0578736,True,0.0636606,False,True,10,0,83,0.00127196,10,,11,0,1704,21,25,10,0,1,32,9.1,0,73,0,11,0,0,0,0,0,0.00145467,0,0
screen1,0,3,psr-small/p50-s107-n6-l2-f70,gc_pairs2,0.0130374,True,0.0199796,False,True,26,0,229,0.00409479,26,,19,1,5234,21,25,10,0,15,24,10.1538,16,203,1,5,0,0,0,0,0,0.00493415,0,2
screen1,0,5,psr-small/p50-s107-n6-l2-f70,gc_sub2,0.0328489,True,0.0405966,False,True,12,0,87,0.00141807,12,,11,0,1767,21,25,10,0,1,32,8.91667,0,75,0,11,0,0,2,0,0,0.00153424,0,0
screen1,0,5,psr-small/p50-s107-n6-l2-f70,gc_support,0.0380285,True,0.0438834,False,True,10,0,83,0.00131782,10,,11,0,1704,21,25,10,0,1,32,9.1,0,73,0,11,0,0,0,0,0,0.00146111,0,0
screen1,0,7,psr-small/p50-s107-n6-l2-f70,tsort_goal,0.0550947,True,0.0624947,False,True,,,,,,,,,,,,,,,,,,,,,,,,,,,,
screen1,0,2,rovers/p05,gc,0.00544011,True,0.017271,False,True,4,0,8,2.923e-05,4,,8,0,12,8,11,4,0,1,3,2,0,4,0,8,0,0,0,0,0,5.1693e-05,0,0
screen1,0,2,rovers/p05,gc_d2,0.00482538,True,0.0162713,False,True,4,0,8,3.7453e-05,4,,8,0,20,10,11,4,0,1,3,3,0,4,0,8,0,0,0,0,0,7.2609e-05,0,0
screen1,0,1,rovers/p05,gc_d2_p2_layer,0.00408037,True,0.0171774,False,True,6,0,18,6.6558e-05,6,,10,0,53,10,11,4,0,1,1,3.66667,2,12,0,10,0,0,0,0,0,0.000115157,0,0
screen1,0,2,rovers/p05,gc_d3,0.00418146,True,0.015744,False,True,4,0,8,4.0894e-05,4,,8,0,24,11,11,4,0,1,3,4.5,0,4,0,8,0,0,0,0,0,7.7399e-05,0,0
screen1,0,1,rovers/p05,gc_d3_p2_layer,0.00406376,True,0.014839,False,True,6,0,18,6.8714e-05,6,,10,0,65,11,11,4,0,1,1,4.83333,2,12,0,10,0,0,0,0,0,0.000118152,0,0
screen1,0,2,rovers/p05,gc_layer,0.00434232,True,0.0165608,False,True,4,0,8,2.8722e-05,4,,8,0,12,8,11,4,0,1,3,2,0,4,0,8,0,0,0,0,0,6.9716e-05,0,0
screen1,0,2,rovers/p05,gc_pairs2,0.00471498,True,0.0170748,False,True,4,0,8,2.9702e-05,4,,8,0,12,8,11,4,0,1,3,2,0,4,0,8,0,0,0,0,0,6.2666e-05,0,0
screen1,0,2,rovers/p05,gc_sub2,0.00437058,True,0.0160653,False,True,4,0,8,3.0479e-05,4,,8,0,12,8,11,4,0,1,3,2,0,4,0,8,0,0,0,0,0,6.5343e-05,0,0
screen1,0,2,rovers/p05,gc_support,0.00484172,True,0.0170863,False,True,4,0,8,3.3915e-05,4,,8,0,12,8,11,4,0,1,3,2,0,4,0,8,0,0,0,0,0,7.0738e-05,0,0
screen1,0,1,rovers/p05,tsort_goal,0.00501567,True,0.0154853,False,True,,,,,,,,,,,,,,,,,,,,,,,,,,,,
screen1,0,4,rovers/p27,gc,0.403637,True,5.1143,False,True,16,0,32,0.000293125,16,,32,0,48,32,61,16,0,1,154,2,0,16,0,32,0,0,0,0,0,0.000986717,0,0
screen1,0,4,rovers/p27,gc_d2,0.414349,True,4.96143,False,True,16,0,32,0.00115019,16,,32,0,299,41,61,16,0,1,154,6.5,0,16,0,32,0,0,0,0,0,0.00206741,0,0
screen1,0,3,rovers/p27,gc_d2_p2_layer,0.145041,True,5.19091,False,True,42,0,136,0.0172312,42,,36,0,5361,41,61,16,0,1,150,7.7381,26,94,0,36,0,0,0,0,0,0.019116,0,0
screen1,0,4,rovers/p27,gc_d3,0.404849,True,4.85601,False,True,16,0,32,0.00432739,16,,32,0,7523,61,61,16,0,1,154,23.5,0,16,0,32,0,0,0,0,0,0.00507943,0,0
screen1,0,3,rovers/p27,gc_d3_p2_layer,5.18325,True,10.0987,False,True,42,45,136,5.07247,42,,36,0,1940209,61,61,16,0,1,150,23.5238,26,94,0,36,0,0,0,0,0,5.07406,0,0
screen1,0,3,rovers/p27,gc_layer,0.126276,True,4.72425,False,True,16,0,32,0.000251628,16,,32,0,48,32,61,16,0,1,154,2,0,16,0,32,0,0,0,0,0,0.00149093,0,0
screen1,0,4,rovers/p27,gc_pairs2,0.397055,True,5.03345,False,True,16,0,32,0.000307611,16,,32,0,48,32,61,16,0,1,154,2,0,16,0,32,0,0,0,0,0,0.000958164,0,0
screen1,0,4,rovers/p27,gc_sub2,0.428101,True,5.35568,False,True,16,0,32,0.000320059,16,,32,0,48,32,61,16,0,1,154,2,0,16,0,32,0,0,0,0,0,0.00101914,0,0
screen1,0,3,rovers/p27,gc_support,0.108605,True,5.14264,False,True,16,0,32,0.000305285,16,,32,0,48,32,61,16,0,1,154,2,0,16,0,32,0,0,0,0,0,0.00112134,0,0
screen1,0,3,rovers/p27,tsort_goal,0.118272,True,4.45972,False,True,,,,,,,,,,,,,,,,,,,,,,,,,,,,
screen1,0,3,rovers/p28,gc,0.071289,True,11.8545,False,True,14,0,28,0.000264305,14,,28,0,42,28,58,14,0,1,190,2,0,14,0,28,0,0,0,0,0,0.000907894,0,0
screen1,0,3,rovers/p28,gc_d2,0.0721825,True,9.38788,False,True,14,0,28,0.00182713,14,,28,0,474,37,58,14,0,1,190,7.71429,0,14,0,28,0,0,0,0,0,0.00274017,0,0
screen1,0,2,rovers/p28,gc_d2_p2_layer,0.14072,True,11.601,False,True,36,0,116,0.0454341,36,,32,0,9698,37,58,14,0,1,186,8.97222,22,80,0,32,0,0,0,0,0,0.047105,0,0
screen1,0,3,rovers/p28,gc_d3,0.108593,True,10.9826,False,True,14,0,28,0.0392677,14,,28,0,58410,58,58,14,0,1,190,41.7143,0,14,0,28,0,0,0,0,0,0.0404211,0,0
screen1,0,2,rovers/p28,gc_d3_p2_layer,5.81361,True,16.7987,False,True,23,50,64,5.79593,23,,30,0,2255879,58,58,14,0,1,188,33.7826,9,41,0,30,0,13,0,0,0,5.79757,0,0
screen1,0,2,rovers/p28,gc_layer,0.192322,True,9.68832,False,True,14,0,28,0.0002652,14,,28,0,42,28,58,14,0,1,190,2,0,14,0,28,0,0,0,0,0,0.00159327,0,0
screen1,0,3,rovers/p28,gc_pairs2,0.0665854,True,8.52416,False,True,14,0,28,0.000284581,14,,28,0,42,28,58,14,0,1,190,2,0,14,0,28,0,0,0,0,0,0.00100183,0,0
screen1,0,3,rovers/p28,gc_sub2,0.0678539,True,11.7859,False,True,14,0,28,0.000321145,14,,28,0,42,28,58,14,0,1,190,2,0,14,0,28,0,0,0,0,0,0.00115211,0,0
screen1,0,2,rovers/p28,gc_support,0.0268203,True,10.0693,False,True,14,0,28,0.000270548,14,,28,0,42,28,58,14,0,1,190,2,0,14,0,28,0,0,0,0,0,0.000972458,0,0
screen1,0,2,rovers/p28,tsort_goal,0.0194822,True,12.6988,False,True,,,,,,,,,,,,,,,,,,,,,,,,,,,,
screen1,0,2,rovers/p29,gc,0.0519514,True,18.4545,False,True,10,0,20,0.000386451,10,,20,0,30,20,65,10,0,1,247,2,0,10,0,20,0,0,0,0,0,0.00645547,0,0
screen1,0,2,rovers/p29,gc_d2,0.0561943,True,16.1179,False,True,10,0,20,0.00174659,10,,20,0,342,29,65,10,0,1,247,7.7,0,10,0,20,0,0,0,0,0,0.00298942,0,0
screen1,0,2,rovers/p29,gc_d2_p2_layer,0.0894334,True,17.7168,False,True,24,0,76,0.0335655,24,,25,0,6613,29,65,10,0,1,242,9,14,52,0,25,0,0,0,0,0,0.0362459,0,0
screen1,0,2,rovers/p29,gc_d3,0.0970376,True,15.3527,False,True,10,0,20,0.0521116,10,,20,0,72445,65,65,10,0,1,247,52.7,0,10,0,20,0,0,0,0,0,0.0532446,0,0
screen1,0,2,rovers/p29,gc_d3_p2_layer,7.55196,True,24.9002,False,True,18,43,52,7.54768,18,,23,0,2148029,65,65,10,0,1,244,38.7778,8,34,0,23,0,6,0,0,0,7.55023,0,0
screen1,0,2,rovers/p29,gc_layer,0.058175,True,18.9621,False,True,10,0,20,0.000408993,10,,20,0,30,20,65,10,0,1,247,2,0,10,0,20,0,0,0,0,0,0.00249235,0,0
screen1,0,2,rovers/p29,gc_pairs2,0.0521131,True,15.6558,False,True,10,0,20,0.000414831,10,,20,0,30,20,65,10,0,1,247,2,0,10,0,20,0,0,0,0,0,0.00152508,0,0
screen1,0,2,rovers/p29,gc_sub2,0.0533154,True,18.0479,False,True,10,0,20,0.000350038,10,,20,0,30,20,65,10,0,1,247,2,0,10,0,20,0,0,0,0,0,0.00136461,0,0
screen1,0,1,rovers/p29,gc_support,0.0153794,True,18.1027,False,True,10,0,20,0.000361381,10,,20,0,30,20,65,10,0,1,247,2,0,10,0,20,0,0,0,0,0,0.00149372,0,0
screen1,0,1,rovers/p29,tsort_goal,0.019562,True,21.0537,False,True,,,,,,,,,,,,,,,,,,,,,,,,,,,,
screen1,0,3,rovers/p30,gc,0.672523,True,29.0947,False,True,19,0,38,0.000554589,19,,38,0,57,38,77,19,0,1,321,2,0,19,0,38,0,0,0,0,0,0.00217642,0,0
screen1,0,3,rovers/p30,gc_d2,0.618643,True,28.6922,False,True,19,0,38,0.00414307,19,,38,0,757,48,77,19,0,1,321,8.63158,0,19,0,38,0,0,0,0,0,0.00612303,0,0
screen1,0,3,rovers/p30,gc_d2_p2_layer,43.2666,True,69.2572,False,True,51,0,166,0.120741,51,,42,0,16529,48,77,19,0,1,317,9.84314,32,115,0,42,0,0,0,0,0,0.125495,0,0
screen1,0,3,rovers/p30,gc_d3,0.963754,True,28.3495,False,True,19,0,38,0.2813,19,,38,0,209992,77,77,19,0,1,321,55.6316,0,19,0,38,0,0,0,0,0,0.283792,0,0
screen1,0,3,rovers/p30,gc_d3_p2_layer,152.461,True,176.03,False,True,26,42,66,8.49641,26,,40,0,2068478,77,77,19,0,1,319,46.8462,7,40,0,40,0,25,0,0,0,8.50022,0,0
screen1,0,3,rovers/p30,gc_layer,156.54,True,182.865,False,True,19,0,38,0.000714227,19,,38,0,57,38,77,19,0,1,321,2,0,19,0,38,0,0,0,0,0,0.00456311,0,0
screen1,0,3,rovers/p30,gc_pairs2,0.64664,True,22.6685,False,True,19,0,38,0.000652562,19,,38,0,57,38,77,19,0,1,321,2,0,19,0,38,0,0,0,0,0,0.00272966,0,0
screen1,0,3,rovers/p30,gc_sub2,0.623061,True,29.0419,False,True,19,0,38,0.000666668,19,,38,0,57,38,77,19,0,1,321,2,0,19,0,38,0,0,0,0,0,0.0026464,0,0
screen1,0,2,rovers/p30,gc_support,0.281522,True,28.2668,False,True,19,0,38,0.00138162,19,,38,0,57,38,77,19,0,1,321,2,0,19,0,38,0,0,0,0,0,0.00356097,0,0
screen1,0,2,rovers/p30,tsort_goal,0.293713,True,29.6915,False,True,,,,,,,,,,,,,,,,,,,,,,,,,,,,
screen1,0,4,rovers/p31,gc,1.6965,True,18.0112,False,True,19,0,38,0.000620236,19,,38,0,57,38,82,19,0,1,297,2,0,19,0,38,0,0,0,0,0,0.00258137,0,0
screen1,0,4,rovers/p31,gc_d2,1.53101,True,17.7718,False,True,19,0,38,0.00293003,19,,38,0,471,48,82,19,0,1,297,7.36842,0,19,0,38,0,0,0,0,0,0.00515389,0,0
screen1,0,3,rovers/p31,gc_d2_p2_layer,0.896588,True,16.9618,False,True,50,0,162,0.065342,50,,43,0,11044,48,82,19,0,1,292,8.62,31,112,0,43,0,0,0,0,0,0.0691478,0,0
screen1,0,4,rovers/p31,gc_d3,1.76989,True,18.4674,False,True,19,0,38,0.150415,19,,38,0,111814,82,82,19,0,1,297,59,0,19,0,38,0,0,0,0,0,0.152264,0,0
screen1,0,3,rovers/p31,gc_d3_p2_layer,7.36291,True,22.4307,False,True,25,36,62,6.28445,25,,41,0,2097779,82,82,19,0,1,294,52.36,6,37,0,41,0,25,0,0,0,6.28824,0,0
screen1,0,3,rovers/p31,gc_layer,0.969053,True,17.3965,False,True,19,0,38,0.000546899,19,,38,0,57,38,82,19,0,1,297,2,0,19,0,38,0,0,0,0,0,0.00402768,0,0
screen1,0,4,rovers/p31,gc_pairs2,1.60719,True,18.7411,False,True,19,0,38,0.000686449,19,,38,0,57,38,82,19,0,1,297,2,0,19,0,38,0,0,0,0,0,0.00274874,0,0
screen1,0,4,rovers/p31,gc_sub2,1.61439,True,18.0593,False,True,19,0,38,0.000560703,19,,38,0,57,38,82,19,0,1,297,2,0,19,0,38,0,0,0,0,0,0.00215823,0,0
screen1,0,3,rovers/p31,gc_support,0.983419,True,17.7931,False,True,19,0,38,0.000590479,19,,38,0,57,38,82,19,0,1,297,2,0,19,0,38,0,0,0,0,0,0.00245916,0,0
screen1,0,3,rovers/p31,tsort_goal,0.732436,True,19.4413,False,True,,,,,,,,,,,,,,,,,,,,,,,,,,,,
screen1,0,1,satellite/p23-HC-pfile3,gc,0.0211248,True,15.5356,False,True,47,0,141,0.00609531,47,,53,0,4369,83,90,47,0,1,521,23.1277,0,94,0,53,0,0,0,0,0,0.010385,0,0
screen1,0,1,satellite/p23-HC-pfile3,gc_d2,0.0275081,True,19.5388,False,True,47,0,141,0.0111031,47,,53,0,7944,90,90,47,0,1,521,29.3404,0,94,0,53,0,0,0,0,0,0.016455,0,0
screen1,0,1,satellite/p23-HC-pfile3,gc_d2_p2_layer,0.131692,True,16.0723,False,True,132,0,481,0.117568,132,,53,0,88814,90,90,47,0,1,521,29.8939,85,349,0,53,0,0,0,0,0,0.12815,0,0
screen1,0,1,satellite/p23-HC-pfile3,gc_d3,0.0250417,True,18.2907,False,True,47,0,141,0.0110954,47,,53,0,8186,90,90,47,0,1,521,34.3617,0,94,0,53,0,0,0,0,0,0.0146522,0,0
screen1,0,1,satellite/p23-HC-pfile3,gc_d3_p2_layer,0.129735,True,15.0272,False,True,132,0,481,0.109423,132,,53,0,87253,90,90,47,0,1,521,34.9394,85,349,0,53,0,0,0,0,0,0.116759,0,0
screen1,0,1,satellite/p23-HC-pfile3,gc_layer,0.0291236,True,19.2713,False,True,47,0,141,0.00659698,47,,53,0,4369,83,90,47,0,1,521,23.1277,0,94,0,53,0,0,0,0,0,0.0173285,0,0
screen1,0,1,satellite/p23-HC-pfile3,gc_pairs2,0.0634314,True,19.0873,False,True,132,0,481,0.0491656,132,,53,0,47209,83,90,47,0,1,521,23.6894,85,349,0,53,0,0,0,0,0,0.053158,0,0
screen1,0,1,satellite/p23-HC-pfile3,gc_sub2,0.0214065,True,18.0457,False,True,47,0,141,0.00614649,47,,53,0,4369,83,90,47,0,1,521,23.1277,0,94,0,53,0,0,0,0,0,0.0110907,0,0
screen1,0,1,satellite/p23-HC-pfile3,gc_support,0.0204774,True,17.8486,False,True,47,0,141,0.00586832,47,,53,0,4369,83,90,47,0,1,521,23.1277,0,94,0,53,0,0,0,0,0,0.00970462,0,0
screen1,0,1,satellite/p23-HC-pfile3,tsort_goal,0.0133776,True,19.5193,False,True,,,,,,,,,,,,,,,,,,,,,,,,,,,,
screen1,0,1,satellite/p25-HC-pfile5,gc,0.0340087,True,54.943,False,True,60,0,180,0.0112146,60,,62,0,8474,94,102,60,0,1,849,29.6667,0,120,0,62,0,0,0,0,0,0.0187048,0,0
screen1,0,1,satellite/p25-HC-pfile5,gc_d2,0.0395547,True,54.1995,False,True,60,0,180,0.0177411,60,,62,0,10254,102,102,60,0,1,849,37.6667,0,120,0,62,0,0,0,0,0,0.0246733,0,0
screen1,0,1,satellite/p25-HC-pfile5,gc_d2_p2_layer,0.180698,True,53.2976,False,True,174,0,636,0.156922,174,,62,0,138379,102,102,60,0,1,849,38.931,114,462,0,62,0,0,0,0,0,0.168565,0,0
screen1,0,1,satellite/p25-HC-pfile5,gc_d3,0.0320982,True,47.2566,False,True,60,0,180,0.0142323,60,,62,0,10460,102,102,60,0,1,849,40.3333,0,120,0,62,0,0,0,0,0,0.0193657,0,0
screen1,0,1,satellite/p25-HC-pfile5,gc_d3_p2_layer,0.216133,True,54.2274,False,True,174,0,636,0.188719,174,,62,0,135311,102,102,60,0,1,849,41.2931,114,462,0,62,0,0,0,0,0,0.201178,0,0
screen1,0,1,satellite/p25-HC-pfile5,gc_layer,0.0417092,True,52.3226,False,True,60,0,180,0.0118039,60,,62,0,8474,94,102,60,0,1,849,29.6667,0,120,0,62,0,0,0,0,0,0.0267287,0,0
screen1,0,1,satellite/p25-HC-pfile5,gc_pairs2,0.138311,True,52.7111,False,True,174,0,636,0.118551,174,,62,0,119972,94,102,60,0,1,849,30.931,114,462,0,62,0,0,0,0,0,0.125202,0,0
screen1,0,1,satellite/p25-HC-pfile5,gc_sub2,0.0332094,True,52.2236,False,True,60,0,180,0.0113695,60,,62,0,8474,94,102,60,0,1,849,29.6667,0,120,0,62,0,0,0,0,0,0.0187007,0,0
screen1,0,1,satellite/p25-HC-pfile5,gc_support,0.0315941,True,51.4465,False,True,60,0,180,0.0121958,60,,62,0,8474,94,102,60,0,1,849,29.6667,0,120,0,62,0,0,0,0,0,0.0177331,0,0
screen1,0,1,satellite/p25-HC-pfile5,tsort_goal,0.0162792,True,56.4193,False,True,,,,,,,,,,,,,,,,,,,,,,,,,,,,
screen1,0,1,satellite/p26-HC-pfile6,gc,0.0259719,True,65.5926,False,True,64,0,192,0.00752308,64,,68,0,5766,104,112,64,0,1,693,22.9062,0,128,0,68,0,0,0,0,0,0.0132768,0,0
screen1,0,1,satellite/p26-HC-pfile6,gc_d2,0.0349184,True,64.9709,False,True,64,0,192,0.0144721,64,,68,0,9642,112,112,64,0,1,693,29.625,0,128,0,68,0,0,0,0,0,0.0212824,0,0
screen1,0,1,satellite/p26-HC-pfile6,gc_d2_p2_layer,0.189362,True,64.2756,False,True,180,0,656,0.166961,180,,68,0,114877,112,112,64,0,1,693,30.2611,116,476,0,68,0,0,0,0,0,0.176641,0,0
screen1,0,1,satellite/p26-HC-pfile6,gc_d3,0.0356925,True,58.8572,False,True,64,0,192,0.0164044,64,,68,0,11365,112,112,64,0,1,693,36.2188,0,128,0,68,0,0,0,0,0,0.0220458,0,0
screen1,0,1,satellite/p26-HC-pfile6,gc_d3_p2_layer,0.222746,True,65.1723,False,True,180,0,656,0.19058,180,,68,0,133296,112,112,64,0,1,693,36.8611,116,476,0,68,0,0,0,0,0,0.208356,0,0
screen1,0,1,satellite/p26-HC-pfile6,gc_layer,0.0372502,True,64.3077,False,True,64,0,192,0.00861565,64,,68,0,5766,104,112,64,0,1,693,22.9062,0,128,0,68,0,0,0,0,0,0.0233141,0,0
screen1,0,1,satellite/p26-HC-pfile6,gc_pairs2,0.0816044,True,67.3995,False,True,180,0,656,0.0616061,180,,68,0,61353,104,112,64,0,1,693,23.5444,116,476,0,68,0,0,0,0,0,0.0682356,0,0
screen1,0,1,satellite/p26-HC-pfile6,gc_sub2,0.0272599,True,67.3063,False,True,64,0,192,0.00826269,64,,68,0,5766,104,112,64,0,1,693,22.9062,0,128,0,68,0,0,0,0,0,0.0141217,0,0
screen1,0,1,satellite/p26-HC-pfile6,gc_support,0.0300137,True,65.9593,False,True,64,0,192,0.0085181,64,,68,0,5766,104,112,64,0,1,693,22.9062,0,128,0,68,0,0,0,0,0,0.0159563,0,0
screen1,0,1,satellite/p26-HC-pfile6,tsort_goal,0.0160992,True,67.1396,False,True,,,,,,,,,,,,,,,,,,,,,,,,,,,,
screen1,0,1,scanalyzer-08-strips/p04,gc,0.894155,True,0.981935,False,True,8,0,16,0.0159191,8,,14,0,677,16,16,16,0,1,882,17,0,8,0,14,0,0,0,0,0,0.0169062,0,0
screen1,0,1,scanalyzer-08-strips/p04,gc_d2,0.946621,True,1.03717,False,True,8,0,16,0.0150931,8,,14,0,677,16,16,16,0,1,882,17,0,8,0,14,0,0,0,0,0,0.0161272,0,0
screen1,0,1,scanalyzer-08-strips/p04,gc_d2_p2_layer,1.48528,True,1.5826,False,True,37,0,84,0.0833363,37,,26,0,17902,16,16,16,0,1,870,11.0811,29,47,0,26,0,0,0,0,0,0.0850606,0,0
screen1,0,1,scanalyzer-08-strips/p04,gc_d3,1.01826,True,1.106,False,True,8,0,16,0.0166635,8,,14,0,677,16,16,16,0,1,882,17,0,8,0,14,0,0,0,0,0,0.0182939,0,0
screen1,0,1,scanalyzer-08-strips/p04,gc_d3_p2_layer,1.62854,True,1.72409,False,True,37,0,84,0.0807143,37,,26,0,17902,16,16,16,0,1,870,11.0811,29,47,0,26,0,0,0,0,0,0.0832763,0,0
screen1,0,1,scanalyzer-08-strips/p04,gc_layer,0.807008,True,0.893941,False,True,8,0,16,0.0142011,8,,14,0,677,16,16,16,0,1,882,17,0,8,0,14,0,0,0,0,0,0.0159085,0,0
screen1,0,1,scanalyzer-08-strips/p04,gc_pairs2,1.01219,True,1.10657,False,True,37,0,84,0.0804063,37,,26,0,17902,16,16,16,0,1,870,11.0811,29,47,0,26,0,0,0,0,0,0.0816977,0,0
screen1,0,1,scanalyzer-08-strips/p04,gc_sub2,0.816668,True,0.904291,False,True,8,0,16,0.0152125,8,,14,0,677,16,16,16,0,1,882,17,0,8,0,14,0,0,0,0,0,0.0167683,0,0
screen1,0,1,scanalyzer-08-strips/p04,gc_support,0.140018,True,0.237146,False,True,8,0,16,0.0169967,8,,14,0,677,16,16,16,0,1,882,17,0,8,0,14,0,0,0,0,0,0.0182836,0,0
screen1,0,1,scanalyzer-08-strips/p04,tsort_goal,0.118535,True,0.21549,False,True,,,,,,,,,,,,,,,,,,,,,,,,,,,,
screen1,0,1,scanalyzer-08-strips/p05,gc,1.03716,True,1.11273,False,True,8,0,22,0.0377354,8,,20,0,10390,16,16,16,0,1,876,17,0,14,0,20,0,0,0,0,0,0.0387634,0,0
screen1,0,1,scanalyzer-08-strips/p05,gc_d2,0.94697,True,1.01357,False,True,8,0,22,0.0373715,8,,20,0,10390,16,16,16,0,1,876,17,0,14,0,20,0,0,0,0,0,0.0384485,0,0
screen1,0,2,scanalyzer-08-strips/p05,gc_d2_p2_layer,17.7725,True,17.8553,False,True,37,27,157,7.86586,37,,54,0,1347899,16,16,16,0,1,842,10.2703,29,120,0,54,0,0,0,0,0,7.86787,0,0
screen1,0,1,scanalyzer-08-strips/p05,gc_d3,0.873653,True,0.939925,False,True,8,0,22,0.0343924,8,,20,0,10390,16,16,16,0,1,876,17,0,14,0,20,0,0,0,0,0,0.0354198,0,0
screen1,0,2,scanalyzer-08-strips/p05,gc_d3_p2_layer,15.9014,True,15.97,False,True,37,27,157,6.85708,37,,54,0,1347899,16,16,16,0,1,842,10.2703,29,120,0,54,0,0,0,0,0,6.85904,0,0
screen1,0,1,scanalyzer-08-strips/p05,gc_layer,0.543779,True,0.607146,False,True,8,0,22,0.0393419,8,,20,0,10390,16,16,16,0,1,876,17,0,14,0,20,0,0,0,0,0,0.0413341,0,0
screen1,0,2,scanalyzer-08-strips/p05,gc_pairs2,12.6043,True,12.6734,False,True,37,27,157,7.62889,37,,54,0,1347899,16,16,16,0,1,842,10.2703,29,120,0,54,0,0,0,0,0,7.62994,0,0
screen1,0,1,scanalyzer-08-strips/p05,gc_sub2,0.887621,True,0.944336,False,True,8,0,22,0.0330299,8,,20,0,10390,16,16,16,0,1,876,17,0,14,0,20,0,0,0,0,0,0.033978,0,0
screen1,0,1,scanalyzer-08-strips/p05,gc_support,0.159199,True,0.224158,False,True,8,0,22,0.0351473,8,,20,0,10390,16,16,16,0,1,876,17,0,14,0,20,0,0,0,0,0,0.0364291,0,0
screen1,0,2,scanalyzer-08-strips/p05,tsort_goal,3.41588,True,3.49249,False,True,,,,,,,,,,,,,,,,,,,,,,,,,,,,
screen1,0,1,scanalyzer-08-strips/p07,gc,7.75471,True,8.13651,False,True,10,0,20,0.0796078,10,,18,0,1905,20,20,20,0,1,2232,21,0,10,0,18,0,0,0,0,0,0.0842331,0,0
screen1,0,1,scanalyzer-08-strips/p07,gc_d2,8.56533,True,8.93348,False,True,10,0,20,0.0730795,10,,18,0,1905,20,20,20,0,1,2232,21,0,10,0,18,0,0,0,0,0,0.0775717,0,0
screen1,0,1,scanalyzer-08-strips/p07,gc_d2_p2_layer,7.7478,True,8.09511,False,True,47,0,108,0.740524,47,,34,0,101149,20,20,20,0,1,2216,13.4894,37,61,0,34,0,0,0,0,0,0.750517,0,0
screen1,0,1,scanalyzer-08-strips/p07,gc_d3,7.51804,True,7.83264,False,True,10,0,20,0.0686679,10,,18,0,1905,20,20,20,0,1,2232,21,0,10,0,18,0,0,0,0,0,0.0739605,0,0
screen1,0,1,scanalyzer-08-strips/p07,gc_d3_p2_layer,7.56871,True,7.93134,False,True,47,0,108,0.694035,47,,34,0,101149,20,20,20,0,1,2216,13.4894,37,61,0,34,0,0,0,0,0,0.701967,0,0
screen1,0,1,scanalyzer-08-strips/p07,gc_layer,6.69142,True,7.00759,False,True,10,0,20,0.0629756,10,,18,0,1905,20,20,20,0,1,2232,21,0,10,0,18,0,0,0,0,0,0.0696496,0,0
screen1,0,1,scanalyzer-08-strips/p07,gc_pairs2,6.62294,True,6.94259,False,True,47,0,108,0.571285,47,,34,0,101149,20,20,20,0,1,2216,13.4894,37,61,0,34,0,0,0,0,0,0.574694,0,0
screen1,0,1,scanalyzer-08-strips/p07,gc_sub2,7.69278,True,8.0367,False,True,10,0,20,0.0683434,10,,18,0,1905,20,20,20,0,1,2232,21,0,10,0,18,0,0,0,0,0,0.0720443,0,0
screen1,0,1,scanalyzer-08-strips/p07,gc_support,3.43098,True,3.79063,False,True,10,0,20,0.0728082,10,,18,0,1905,20,20,20,0,1,2232,21,0,10,0,18,0,0,0,0,0,0.0782915,0,0
screen1,0,2,scanalyzer-08-strips/p07,tsort_goal,12.3452,True,12.7386,False,True,,,,,,,,,,,,,,,,,,,,,,,,,,,,
screen1,0,3,schedule/probschedule-10-2,gc,0.0483709,True,0.280515,False,True,10,0,10,0.00449194,10,,10,0,88,47,99,10,0,1,171,8.9,0,0,0,10,0,0,0,0,0,0.00570512,0,0
screen1,0,3,schedule/probschedule-10-2,gc_d2,0.0537671,True,0.30555,False,True,10,21,10,0.0105066,10,,10,0,1050,84,99,10,0,1,171,41.1,0,0,0,10,0,0,0,0,0,0.0117958,0,0
screen1,0,3,schedule/probschedule-10-2,gc_d2_p2_layer,2.021,True,2.25731,False,True,27,124,47,1.98287,27,,11,1,873700,84,99,10,0,2,170,53.0741,17,20,1,10,0,0,0,0,0,1.98577,0,1
screen1,0,3,schedule/probschedule-10-2,gc_d3,0.0688179,True,0.33834,False,True,10,70,10,0.0232069,10,,10,0,2940,84,99,10,0,1,171,62,0,0,0,10,0,0,0,0,0,0.0244701,0,0
screen1,0,3,schedule/probschedule-10-2,gc_d3_p2_layer,1.49346,True,1.75743,False,True,27,174,46,1.45398,27,,13,0,651361,84,99,10,0,1,168,61.4815,17,19,0,13,0,0,0,0,0,1.4562,0,0
screen1,0,3,schedule/probschedule-10-2,gc_layer,0.0438851,True,0.266046,False,True,10,0,10,0.000809921,10,,10,0,88,47,99,10,0,1,171,8.9,0,0,0,10,0,0,0,0,0,0.0030594,0,0
screen1,0,3,schedule/probschedule-10-2,gc_pairs2,0.0505463,True,0.280895,False,True,24,0,44,0.0095742,24,,15,1,3954,47,99,10,0,2,166,11.75,14,20,1,14,0,0,0,0,0,0.0109188,0,1
screen1,0,3,schedule/probschedule-10-2,gc_sub2,0.0488565,True,0.301733,False,True,10,0,10,0.000994025,10,,10,0,88,47,99,10,0,1,171,8.9,0,0,0,10,0,0,0,0,0,0.00237762,0,0
screen1,0,3,schedule/probschedule-10-2,gc_support,0.109741,True,0.312312,False,True,10,0,10,0.000905343,10,,10,0,88,47,99,10,0,1,171,8.9,0,0,0,10,0,0,0,0,0,0.00219128,0,0
screen1,0,3,schedule/probschedule-10-2,tsort_goal,0.0595872,True,0.310813,False,True,,,,,,,,,,,,,,,,,,,,,,,,,,,,
screen1,0,3,schedule/probschedule-12-2,gc,0.055417,True,0.48601,False,True,12,0,12,0.00147188,12,,12,0,105,66,117,12,0,1,205,9.91667,0,0,0,12,0,0,0,0,0,0.00330986,0,0
screen1,0,3,schedule/probschedule-12-2,gc_d2,0.076545,True,0.528143,False,True,12,35,12,0.0159112,12,,12,0,1238,110,117,12,0,1,205,46.4167,0,0,0,12,0,0,0,0,0,0.0178544,0,0
screen1,0,3,schedule/probschedule-12-2,gc_d2_p2_layer,0.416513,True,0.815489,False,True,33,182,54,0.357505,33,,13,0,294769,110,117,12,0,1,204,56.3333,21,21,0,13,0,0,0,0,0,0.36088,0,0
screen1,0,3,schedule/probschedule-12-2,gc_d3,0.0810341,True,0.561769,False,True,12,84,12,0.0247256,12,,12,0,2672,110,117,12,0,1,205,62,0,0,0,12,0,0,0,0,0,0.0264788,0,0
screen1,0,2,schedule/probschedule-12-2,gc_d3_p2_layer,2.02126,True,2.4934,False,True,33,231,56,1.98279,33,,17,0,831716,110,117,12,0,1,200,61.1818,21,23,0,17,0,0,0,0,0,1.98634,0,0
screen1,0,3,schedule/probschedule-12-2,gc_layer,0.058411,True,0.491594,False,True,12,0,12,0.00131809,12,,12,0,105,66,117,12,0,1,205,9.91667,0,0,0,12,0,0,0,0,0,0.00496699,0,0
screen1,0,2,schedule/probschedule-12-2,gc_pairs2,0.0387404,True,0.500642,False,True,30,0,51,0.00796766,30,,18,0,3373,66,117,12,0,1,199,13.1667,18,21,0,18,0,0,0,0,0,0.00979867,0,0
screen1,0,3,schedule/probschedule-12-2,gc_sub2,0.0536551,True,0.483788,False,True,12,0,12,0.00119056,12,,12,0,105,66,117,12,0,1,205,9.91667,0,0,0,12,0,0,0,0,0,0.00295449,0,0
screen1,0,3,schedule/probschedule-12-2,gc_support,0.144875,True,0.574047,False,True,12,0,12,0.00161643,12,,12,0,105,66,117,12,0,1,205,9.91667,0,0,0,12,0,0,0,0,0,0.00370469,0,0
screen1,0,3,schedule/probschedule-12-2,tsort_goal,0.133187,True,0.613414,False,True,,,,,,,,,,,,,,,,,,,,,,,,,,,,
screen1,0,3,schedule/probschedule-13-0,gc,0.0595647,True,0.676669,False,True,13,0,13,0.00133883,13,,13,0,114,76,126,13,0,1,222,10.3077,0,0,0,13,0,0,0,0,0,0.0085804,0,0
screen1,0,3,schedule/probschedule-13-0,gc_d2,0.0738376,True,0.657351,False,True,13,42,13,0.0169506,13,,13,0,1417,114,126,13,0,1,222,48.4615,0,0,0,13,0,0,0,0,0,0.0190277,0,0
screen1,0,2,schedule/probschedule-13-0,gc_d2_p2_layer,2.66396,True,3.19163,False,True,36,203,62,2.57813,36,,15,1,1118641,114,126,13,0,2,220,55.9722,23,26,1,14,0,0,0,0,0,2.58244,0,1
screen1,0,3,schedule/probschedule-13-0,gc_d3,0.101425,True,0.727462,False,True,13,91,13,0.03941,13,,13,0,2913,114,126,13,0,1,222,62,0,0,0,13,0,0,0,0,0,0.0416827,0,0
screen1,0,3,schedule/probschedule-13-0,gc_d3_p2_layer,0.42831,True,1.05328,False,True,36,252,59,0.37075,36,,18,0,250220,114,126,13,0,1,217,62,23,23,0,18,0,0,0,0,0,0.375158,0,0
screen1,0,3,schedule/probschedule-13-0,gc_layer,0.0641556,True,0.641378,False,True,13,0,13,0.00153484,13,,13,0,114,76,126,13,0,1,222,10.3077,0,0,0,13,0,0,0,0,0,0.00664888,0,0
screen1,0,2,schedule/probschedule-13-0,gc_pairs2,0.0490546,True,0.610803,False,True,33,0,57,0.0161056,33,,19,1,5658,76,126,13,0,2,216,14.7576,20,24,1,18,0,0,0,0,0,0.0184362,0,1
screen1,0,3,schedule/probschedule-13-0,gc_sub2,0.0542114,True,0.607011,False,True,13,0,13,0.00138729,13,,13,0,114,76,126,13,0,1,222,10.3077,0,0,0,13,0,0,0,0,0,0.00320856,0,0
screen1,0,2,schedule/probschedule-13-0,gc_support,0.0481281,True,0.599179,False,True,13,0,13,0.00156946,13,,13,0,114,76,126,13,0,1,222,10.3077,0,0,0,13,0,0,0,0,0,0.00375112,0,0
screen1,0,3,schedule/probschedule-13-0,tsort_goal,0.149308,True,0.769021,False,True,,,,,,,,,,,,,,,,,,,,,,,,,,,,
screen1,0,2,schedule/probschedule-3-0,gc,0.00770556,True,0.0206559,False,True,3,0,3,0.000175572,3,,3,0,28,26,36,3,0,1,52,12.6667,0,0,0,3,0,0,0,0,0,0.000291136,0,0
screen1,0,2,schedule/probschedule-3-0,gc_d2,0.00795858,True,0.0209351,False,True,3,0,3,0.000467559,3,,3,0,71,36,36,3,0,1,52,30,0,0,0,3,0,0,0,0,0,0.000609247,0,0
screen1,0,1,schedule/probschedule-3-0,gc_d2_p2_layer,0.00928029,True,0.021272,False,True,6,0,10,0.00361394,6,,5,0,3857,36,36,3,0,1,50,32.5,3,4,0,5,0,0,0,0,0,0.00393964,0,0
screen1,0,2,schedule/probschedule-3-0,gc_d3,0.00865529,True,0.022569,False,True,3,0,3,0.00048355,3,,3,0,87,36,36,3,0,1,52,34,0,0,0,3,0,0,0,0,0,0.000638446,0,0
screen1,0,1,schedule/probschedule-3-0,gc_d3_p2_layer,0.0100393,True,0.0228972,False,True,6,0,10,0.00400638,6,,5,0,3873,36,36,3,0,1,50,34.5,3,4,0,5,0,0,0,0,0,0.00433556,0,0
screen1,0,2,schedule/probschedule-3-0,gc_layer,0.00842819,True,0.0208783,False,True,3,0,3,0.00018155,3,,3,0,28,26,36,3,0,1,52,12.6667,0,0,0,3,0,0,0,0,0,0.000453042,0,0
screen1,0,1,schedule/probschedule-3-0,gc_pairs2,0.00662718,True,0.0201003,False,True,6,0,10,0.00096103,6,,5,0,915,26,36,3,0,1,50,16.3333,3,4,0,5,0,0,0,0,0,0.00112633,0,0
screen1,0,2,schedule/probschedule-3-0,gc_sub2,0.00737086,True,0.0192716,False,True,3,0,3,0.000164452,3,,3,0,28,26,36,3,0,1,52,12.6667,0,0,0,3,0,0,0,0,0,0.00028969,0,0
screen1,0,2,schedule/probschedule-3-0,gc_support,0.0121983,True,0.0247615,False,True,3,0,3,0.000190986,3,,3,0,28,26,36,3,0,1,52,12.6667,0,0,0,3,0,0,0,0,0,0.000343543,0,0
screen1,0,2,schedule/probschedule-3-0,tsort_goal,0.00988818,True,0.0234498,False,True,,,,,,,,,,,,,,,,,,,,,,,,,,,,
screen1,0,2,schedule/probschedule-3-2,gc,0.00889526,True,0.0190072,False,True,3,0,3,0.000157499,3,,3,0,33,20,36,3,0,1,52,10.3333,0,0,0,3,0,0,0,0,0,0.000264928,0,0
screen1,0,2,schedule/probschedule-3-2,gc_d2,0.00748737,True,0.0207474,False,True,3,0,3,0.000397934,3,,3,0,85,36,36,3,0,1,52,26,0,0,0,3,0,0,0,0,0,0.000524533,0,0
screen1,0,1,schedule/probschedule-3-2,gc_d2_p2_layer,0.0090574,True,0.0218484,False,True,6,0,10,0.00363338,6,,5,0,3736,36,36,3,0,1,50,29.5,3,4,0,5,0,0,0,0,0,0.00391737,0,0
screen1,0,2,schedule/probschedule-3-2,gc_d3,0.00807592,True,0.0207921,False,True,3,0,3,0.00049,3,,3,0,117,36,36,3,0,1,52,34,0,0,0,3,0,0,0,0,0,0.000638973,0,0
screen1,0,1,schedule/probschedule-3-2,gc_d3_p2_layer,0.00984875,True,0.0235262,False,True,6,0,10,0.00427227,6,,5,0,3949,36,36,3,0,1,50,34.5,3,4,0,5,0,0,0,0,0,0.00455781,0,0
screen1,0,2,schedule/probschedule-3-2,gc_layer,0.00737415,True,0.0188437,False,True,3,0,3,0.000154477,3,,3,0,33,20,36,3,0,1,52,10.3333,0,0,0,3,0,0,0,0,0,0.000383027,0,0
screen1,0,1,schedule/probschedule-3-2,gc_pairs2,0.00626377,True,0.0199546,False,True,6,0,10,0.000904023,6,,5,0,813,20,36,3,0,1,50,13,3,4,0,5,0,0,0,0,0,0.00109142,0,0
screen1,0,2,schedule/probschedule-3-2,gc_sub2,0.00695879,True,0.0179584,False,True,3,0,3,0.000148799,3,,3,0,33,20,36,3,0,1,52,10.3333,0,0,0,3,0,0,0,0,0,0.000268329,0,0
screen1,0,1,schedule/probschedule-3-2,gc_support,0.00702902,True,0.0180399,False,True,3,0,3,0.000152812,3,,3,0,33,20,36,3,0,1,52,10.3333,0,0,0,3,0,0,0,0,0,0.000295351,0,0
screen1,0,1,schedule/probschedule-3-2,tsort_goal,0.00675873,True,0.0205519,False,True,,,,,,,,,,,,,,,,,,,,,,,,,,,,
screen1,0,2,schedule/probschedule-4-0,gc,0.0114124,True,0.0310714,False,True,4,0,4,0.000211115,4,,4,0,35,23,45,4,0,1,69,8.75,0,0,0,4,0,0,0,0,0,0.000376814,0,0
screen1,0,2,schedule/probschedule-4-0,gc_d2,0.0128576,True,0.0325501,False,True,4,0,4,0.000760373,4,,4,0,120,45,45,4,0,1,69,27.75,0,0,0,4,0,0,0,0,0,0.000950865,0,0
screen1,0,1,schedule/probschedule-4-0,gc_d2_p2_layer,0.0112643,True,0.0284281,False,True,9,0,15,0.00498773,9,,7,0,5087,45,45,4,0,1,66,32.8889,5,6,0,7,0,0,0,0,0,0.00537433,0,0
screen1,0,2,schedule/probschedule-4-0,gc_d3,0.0127644,True,0.0327136,False,True,4,0,4,0.000853408,4,,4,0,180,45,45,4,0,1,69,42,0,0,0,4,0,0,0,0,0,0.001046,0,0
screen1,0,1,schedule/probschedule-4-0,gc_d3_p2_layer,0.0185133,True,0.0365394,False,True,9,0,15,0.0120118,9,,6,0,10677,45,45,4,0,1,67,42.5556,5,6,0,6,0,0,0,0,0,0.0123843,0,0
screen1,0,2,schedule/probschedule-4-0,gc_layer,0.0112138,True,0.0293871,False,True,4,0,4,0.000189339,4,,4,0,35,23,45,4,0,1,69,8.75,0,0,0,4,0,0,0,0,0,0.000466657,0,0
screen1,0,1,schedule/probschedule-4-0,gc_pairs2,0.00711625,True,0.0251914,False,True,9,0,15,0.000935923,9,,7,0,782,23,45,4,0,1,66,12.2222,5,6,0,7,0,0,0,0,0,0.00112796,0,0
screen1,0,2,schedule/probschedule-4-0,gc_sub2,0.011119,True,0.029133,False,True,4,0,4,0.000196776,4,,4,0,35,23,45,4,0,1,69,8.75,0,0,0,4,0,0,0,0,0,0.000337324,0,0
screen1,0,1,schedule/probschedule-4-0,gc_support,0.00936693,True,0.0298883,False,True,4,0,4,0.000244324,4,,4,0,35,23,45,4,0,1,69,8.75,0,0,0,4,0,0,0,0,0,0.000463856,0,0
screen1,0,2,schedule/probschedule-4-0,tsort_goal,0.0102674,True,0.0296658,False,True,,,,,,,,,,,,,,,,,,,,,,,,,,,,
screen1,0,2,schedule/probschedule-4-2,gc,0.00940174,True,0.0254912,False,True,4,0,4,0.000193466,4,,4,0,27,22,45,4,0,1,69,7.75,0,0,0,4,0,0,0,0,0,0.000345052,0,0
screen1,0,2,schedule/probschedule-4-2,gc_d2,0.00904453,True,0.0253785,False,True,4,0,4,0.000624023,4,,4,0,96,45,45,4,0,1,69,27,0,0,0,4,0,0,0,0,0,0.000797092,0,0
screen1,0,1,schedule/probschedule-4-2,gc_d2_p2_layer,0.0120542,True,0.0271057,False,True,9,0,15,0.00487223,9,,5,0,4354,45,45,4,0,1,68,32.5556,5,6,0,5,0,0,0,0,0,0.00525286,0,0
screen1,0,2,schedule/probschedule-4-2,gc_d3,0.00963959,True,0.0269714,False,True,4,0,4,0.000861766,4,,4,0,144,45,45,4,0,1,69,42,0,0,0,4,0,0,0,0,0,0.00114563,0,0
screen1,0,1,schedule/probschedule-4-2,gc_d3_p2_layer,0.0178629,True,0.0327279,False,True,9,0,15,0.0114527,9,,6,0,10150,45,45,4,0,1,67,42.5556,5,6,0,6,0,0,0,0,0,0.0118895,0,0
screen1,0,2,schedule/probschedule-4-2,gc_layer,0.00923109,True,0.0257546,False,True,4,0,4,0.000205851,4,,4,0,27,22,45,4,0,1,69,7.75,0,0,0,4,0,0,0,0,0,0.000530429,0,0
screen1,0,1,schedule/probschedule-4-2,gc_pairs2,0.00652647,True,0.023685,False,True,8,0,13,0.000675167,8,,6,0,457,22,45,4,0,1,67,10.25,4,5,0,6,0,0,0,0,0,0.000863155,0,0
screen1,0,2,schedule/probschedule-4-2,gc_sub2,0.00815022,True,0.022732,False,True,4,0,4,0.000174468,4,,4,0,27,22,45,4,0,1,69,7.75,0,0,0,4,0,0,0,0,0,0.000332607,0,0
screen1,0,1,schedule/probschedule-4-2,gc_support,0.0082107,True,0.0238204,False,True,4,0,4,0.000217616,4,,4,0,27,22,45,4,0,1,69,7.75,0,0,0,4,0,0,0,0,0,0.000443878,0,0
screen1,0,2,schedule/probschedule-4-2,tsort_goal,0.0116928,True,0.0287083,False,True,,,,,,,,,,,,,,,,,,,,,,,,,,,,
screen1,0,2,schedule/probschedule-5-0,gc,0.0151138,True,0.0534953,False,True,5,0,5,0.000316513,5,,4,0,48,30,54,5,0,1,87,10,0,0,0,4,0,0,0,0,0,0.00424173,0,0
screen1,0,2,schedule/probschedule-5-0,gc_d2,0.0164322,True,0.0540982,False,True,5,0,5,0.00109612,5,,4,0,186,54,54,5,0,1,87,34.8,0,0,0,4,0,0,0,0,0,0.00139082,0,0
screen1,0,1,schedule/probschedule-5-0,gc_d2_p2_layer,0.0353966,True,0.0721115,False,True,12,0,19,0.0281292,12,,5,0,24255,54,54,5,0,1,86,44.25,7,7,0,5,0,0,0,0,0,0.0288426,0,0
screen1,0,2,schedule/probschedule-5-0,gc_d3,0.0178443,True,0.0579324,False,True,5,0,5,0.00144198,5,,4,0,266,54,54,5,0,1,87,50,0,0,0,4,0,0,0,0,0,0.00178261,0,0
screen1,0,1,schedule/probschedule-5-0,gc_d3_p2_layer,0.0587631,True,0.0988486,False,True,12,0,20,0.0517385,12,,5,0,38127,54,54,5,0,1,86,50.5833,7,8,0,5,0,0,0,0,0,0.0523456,0,0
screen1,0,2,schedule/probschedule-5-0,gc_layer,0.0166087,True,0.0551914,False,True,5,0,5,0.000297239,5,,4,0,48,30,54,5,0,1,87,10,0,0,0,4,0,0,0,0,0,0.000806469,0,0
screen1,0,1,schedule/probschedule-5-0,gc_pairs2,0.00882387,True,0.0485648,False,True,12,0,20,0.00211627,12,,6,0,1534,30,54,5,0,1,85,13.75,7,8,0,6,0,0,0,0,0,0.00245452,0,0
screen1,0,2,schedule/probschedule-5-0,gc_sub2,0.014763,True,0.0505757,False,True,5,0,5,0.00031053,5,,4,0,48,30,54,5,0,1,87,10,0,0,0,4,0,0,0,0,0,0.000577291,0,0
screen1,0,2,schedule/probschedule-5-0,gc_support,0.0134692,True,0.054178,False,True,5,0,5,0.000337459,5,,4,0,48,30,54,5,0,1,87,10,0,0,0,4,0,0,0,0,0,0.000639456,0,0
screen1,0,3,schedule/probschedule-5-0,tsort_goal,0.0226206,True,0.0622329,False,True,,,,,,,,,,,,,,,,,,,,,,,,,,,,
screen1,0,2,schedule/probschedule-5-1,gc,0.0155557,True,0.0616022,False,True,5,0,5,0.000346679,5,,5,0,46,32,54,5,0,1,86,10,0,0,0,5,0,0,0,0,0,0.000637009,0,0
screen1,0,2,schedule/probschedule-5-1,gc_d2,0.0167548,True,0.0597806,False,True,5,0,5,0.00112883,5,,5,0,181,54,54,5,0,1,86,34.8,0,0,0,5,0,0,0,0,0,0.00147439,0,0
screen1,0,2,schedule/probschedule-5-1,gc_d2_p2_layer,0.0231786,True,0.0661519,False,True,12,0,19,0.00946888,12,,7,0,9751,54,54,5,0,1,84,44.25,7,7,0,7,0,0,0,0,0,0.010099,0,0
screen1,0,2,schedule/probschedule-5-1,gc_d3,0.017479,True,0.059853,False,True,5,0,5,0.00166439,5,,5,0,261,54,54,5,0,1,86,50,0,0,0,5,0,0,0,0,0,0.00204032,0,0
screen1,0,1,schedule/probschedule-5-1,gc_d3_p2_layer,0.0366757,True,0.0774446,False,True,12,0,20,0.0335603,12,,8,0,23115,54,54,5,0,1,83,50.5833,7,8,0,8,0,0,0,0,0,0.0341631,0,0
screen1,0,2,schedule/probschedule-5-1,gc_layer,0.0176796,True,0.0607115,False,True,5,0,5,0.000340682,5,,5,0,46,32,54,5,0,1,86,10,0,0,0,5,0,0,0,0,0,0.00146508,0,0
screen1,0,2,schedule/probschedule-5-1,gc_pairs2,0.013488,True,0.0539035,False,True,12,0,20,0.00163156,12,,8,0,1396,32,54,5,0,1,83,14,7,8,0,8,0,0,0,0,0,0.00201822,0,0
screen1,0,2,schedule/probschedule-5-1,gc_sub2,0.0139106,True,0.0503364,False,True,5,0,5,0.000285414,5,,5,0,46,32,54,5,0,1,86,10,0,0,0,5,0,0,0,0,0,0.000544141,0,0
screen1,0,1,schedule/probschedule-5-1,gc_support,0.00942796,True,0.0494036,False,True,5,0,5,0.000282619,5,,5,0,46,32,54,5,0,1,86,10,0,0,0,5,0,0,0,0,0,0.000569254,0,0
screen1,0,2,schedule/probschedule-5-1,tsort_goal,0.0162723,True,0.0576964,False,True,,,,,,,,,,,,,,,,,,,,,,,,,,,,
screen1,0,3,schedule/probschedule-5-2,gc,0.0193587,True,0.054936,False,True,5,0,5,0.000272483,5,,5,0,43,30,54,5,0,1,86,10,0,0,0,5,0,0,0,0,0,0.000519495,0,0
screen1,0,3,schedule/probschedule-5-2,gc_d2,0.0223075,True,0.0621808,False,True,5,0,5,0.00113405,5,,5,0,173,54,54,5,0,1,86,34.8,0,0,0,5,0,0,0,0,0,0.00145184,0,0
screen1,0,2,schedule/probschedule-5-2,gc_d2_p2_layer,0.0564949,True,0.0924896,False,True,12,0,21,0.0423807,12,,7,1,34523,54,54,5,0,2,84,44.25,7,9,1,6,0,0,0,0,0,0.0430447,0,1
screen1,0,3,schedule/probschedule-5-2,gc_d3,0.0210191,True,0.0584275,False,True,5,0,5,0.00124815,5,,5,0,253,54,54,5,0,1,86,50,0,0,0,5,0,0,0,0,0,0.00154303,0,0
screen1,0,2,schedule/probschedule-5-2,gc_d3_p2_layer,0.0816519,True,0.12064,False,True,12,0,22,0.0670959,12,,7,1,48335,54,54,5,0,2,84,50.5833,7,10,1,6,0,0,0,0,0,0.0677135,0,1
screen1,0,3,schedule/probschedule-5-2,gc_layer,0.0237658,True,0.0638187,False,True,5,0,5,0.000310332,5,,5,0,43,30,54,5,0,1,86,10,0,0,0,5,0,0,0,0,0,0.000798207,0,0
screen1,0,2,schedule/probschedule-5-2,gc_pairs2,0.0122927,True,0.0518116,False,True,12,0,22,0.00235251,12,,7,1,1640,30,54,5,0,2,84,13.75,7,10,1,6,0,0,0,0,0,0.00278498,0,1
screen1,0,3,schedule/probschedule-5-2,gc_sub2,0.0188659,True,0.0540482,False,True,5,0,5,0.000272423,5,,5,0,43,30,54,5,0,1,86,10,0,0,0,5,0,0,0,0,0,0.000516843,0,0
screen1,0,2,schedule/probschedule-5-2,gc_support,0.0160987,True,0.0559693,False,True,5,0,5,0.000323342,5,,5,0,43,30,54,5,0,1,86,10,0,0,0,5,0,0,0,0,0,0.000673957,0,0
screen1,0,3,schedule/probschedule-5-2,tsort_goal,0.021322,True,0.0570236,False,True,,,,,,,,,,,,,,,,,,,,,,,,,,,,
screen1,0,3,storage/p07,gc,0.083267,True,0.0901264,False,True,3,0,18,0.000888842,3,,10,0,644,14,17,3,0,1,66,10,0,15,0,10,0,0,0,0,0,0.00100064,0,0
screen1,0,3,storage/p07,gc_d2,0.0781157,True,0.0849243,False,True,3,0,18,0.000430805,3,,10,0,48,17,17,3,0,1,66,15,0,15,0,10,0,0,0,0,0,0.000553932,0,0
screen1,0,3,storage/p07,gc_d2_p2_layer,0.0775407,True,0.0838414,False,True,6,0,48,0.0013288,6,,13,1,643,17,17,3,0,6,63,15.5,3,42,1,8,0,0,0,0,0,0.00175989,0,3
screen1,0,3,storage/p07,gc_d3,0.0698772,True,0.0756952,False,True,3,0,18,0.00037864,3,,10,0,48,17,17,3,0,1,66,15,0,15,0,10,0,0,0,0,0,0.000486665,0,0
screen1,0,3,storage/p07,gc_d3_p2_layer,0.0794685,True,0.0866025,False,True,6,0,48,0.00140737,6,,13,1,643,17,17,3,0,6,63,15.5,3,42,1,8,0,0,0,0,0,0.00183669,0,3
screen1,0,4,storage/p07,gc_layer,0.43872,True,0.445355,False,True,3,0,18,0.000967151,3,,10,0,644,14,17,3,0,1,66,10,0,15,0,10,0,0,0,0,0,0.00122386,0,0
screen1,0,3,storage/p07,gc_pairs2,0.0986092,True,0.105562,False,True,6,0,48,0.00989523,6,,18,0,11873,14,17,3,0,1,58,11,3,42,0,18,0,0,0,0,0,0.01012,0,0
screen1,0,3,storage/p07,gc_sub2,0.0789402,True,0.0857905,False,True,3,0,18,0.000852702,3,,10,0,644,14,17,3,0,1,66,10,0,15,0,10,0,0,0,0,0,0.000994626,0,0
screen1,0,5,storage/p07,gc_support,0.764798,True,0.772039,False,True,3,0,18,0.000834913,3,,10,0,644,14,17,3,0,1,66,10,0,15,0,10,0,0,0,0,0,0.00102619,0,0
screen1,0,6,storage/p07,tsort_goal,0.564723,True,0.571732,False,True,,,,,,,,,,,,,,,,,,,,,,,,,,,,
screen1,0,4,storage/p12,gc,51.0404,True,51.1012,False,True,4,0,12,0.0032228,4,,9,0,931,22,26,4,0,1,369,16,0,8,0,9,0,0,0,0,0,0.00418777,0,0
screen1,0,4,storage/p12,gc_d2,48.1496,True,48.2143,False,True,4,0,12,0.00336867,4,,9,0,206,26,26,4,0,1,369,23,0,8,0,9,0,0,0,0,0,0.00433351,0,0
screen1,0,4,storage/p12,gc_d2_p2_layer,28.7164,True,28.7824,False,True,9,0,47,0.0545504,9,,13,1,14163,26,26,4,0,8,365,23.5556,5,38,1,6,0,0,0,0,0,0.0572348,0,5
screen1,0,4,storage/p12,gc_d3,43.1708,True,43.2313,False,True,4,0,12,0.0034124,4,,9,0,206,26,26,4,0,1,369,23,0,8,0,9,0,0,0,0,0,0.00433384,0,0
screen1,0,4,storage/p12,gc_d3_p2_layer,28.876,True,28.9332,False,True,9,0,47,0.0496457,9,,13,1,14163,26,26,4,0,8,365,23.5556,5,38,1,6,0,0,0,0,0,0.052314,0,5
screen1,0,4,storage/p12,gc_layer,32.454,True,32.5228,False,True,4,0,12,0.00378989,4,,9,0,931,22,26,4,0,1,369,16,0,8,0,9,0,0,0,0,0,0.00569251,0,0
screen1,0,3,storage/p12,gc_pairs2,12.4876,True,12.5583,False,True,9,20,47,2.2452,9,,17,1,756963,22,26,4,0,2,361,15.2222,5,38,1,16,0,0,0,0,0,2.2464,0,1
screen1,0,4,storage/p12,gc_sub2,49.2914,True,49.3489,False,True,4,0,12,0.00337668,4,,9,0,931,22,26,4,0,1,369,16,0,8,0,9,0,0,0,0,0,0.0044043,0,0
screen1,0,4,storage/p12,gc_support,7.7365,True,7.79615,False,True,4,0,12,0.00320802,4,,9,0,931,22,26,4,0,1,369,16,0,8,0,9,0,0,0,0,0,0.00433017,0,0
screen1,0,4,storage/p12,tsort_goal,8.83132,True,8.89359,False,True,,,,,,,,,,,,,,,,,,,,,,,,,,,,
screen1,0,3,storage/p14,gc,4.79914,True,4.87686,False,True,5,0,25,0.00886437,5,,13,0,2408,24,29,5,0,1,351,11,0,20,0,13,0,0,0,0,0,0.0103944,0,0
screen1,0,3,storage/p14,gc_d2,5.14937,True,5.24009,False,True,5,0,25,0.00556643,5,,13,0,337,29,29,5,0,1,351,25,0,20,0,13,0,0,0,0,0,0.00727545,0,0
screen1,0,3,storage/p14,gc_d2_p2_layer,5.46863,True,5.55197,False,True,12,0,76,0.0362458,12,,16,0,11052,29,29,5,0,1,348,25.5833,7,64,0,16,0,0,0,0,0,0.0390737,0,0
screen1,0,3,storage/p14,gc_d3,4.3247,True,4.39491,False,True,5,0,25,0.00412988,5,,13,0,337,29,29,5,0,1,351,25,0,20,0,13,0,0,0,0,0,0.00542958,0,0
screen1,0,3,storage/p14,gc_d3_p2_layer,5.48413,True,5.56444,False,True,12,0,76,0.0381415,12,,16,0,11052,29,29,5,0,1,348,25.5833,7,64,0,16,0,0,0,0,0,0.0414936,0,0
screen1,0,4,storage/p14,gc_layer,29.5117,True,29.6053,False,True,5,0,25,0.0103198,5,,13,0,2408,24,29,5,0,1,351,11,0,20,0,13,0,0,0,0,0,0.0134803,0,0
screen1,0,3,storage/p14,gc_pairs2,6.3087,True,6.39192,False,True,11,0,75,0.515879,11,,22,1,164918,24,29,5,0,4,342,13,6,64,1,19,0,0,0,0,0,0.517662,0,1
screen1,0,3,storage/p14,gc_sub2,4.74821,True,4.81618,False,True,5,0,25,0.00871824,5,,13,0,2408,24,29,5,0,1,351,11,0,20,0,13,0,0,0,0,0,0.0102962,0,0
screen1,0,4,storage/p14,gc_support,11.4021,True,11.4776,False,True,5,0,25,0.00886065,5,,13,0,2408,24,29,5,0,1,351,11,0,20,0,13,0,0,0,0,0,0.0113025,0,0
screen1,0,6,storage/p14,tsort_goal,91.9926,True,92.0904,False,True,,,,,,,,,,,,,,,,,,,,,,,,,,,,
screen1,0,3,storage/p15,gc,45.2479,True,45.4053,False,True,5,0,15,0.00505515,5,,11,0,742,26,31,5,0,1,535,13,0,10,0,11,0,0,0,0,0,0.00870611,0,0
screen1,0,3,storage/p15,gc_d2,46.4564,True,46.5969,False,True,5,0,15,0.010619,5,,11,0,268,31,31,5,0,1,535,27,0,10,0,11,0,0,0,0,0,0.0133374,0,0
screen1,0,3,storage/p15,gc_d2_p2_layer,21.3638,True,21.4974,False,True,12,0,56,0.154086,12,,15,1,37310,31,31,5,0,3,531,27.5833,7,44,1,13,0,0,0,0,0,0.159238,0,1
screen1,0,3,storage/p15,gc_d3,40.6833,True,40.8349,False,True,5,0,15,0.0082367,5,,11,0,268,31,31,5,0,1,535,27,0,10,0,11,0,0,0,0,0,0.0112046,0,0
screen1,0,3,storage/p15,gc_d3_p2_layer,23.7461,True,23.8922,False,True,12,0,56,0.162418,12,,15,1,37310,31,31,5,0,3,531,27.5833,7,44,1,13,0,0,0,0,0,0.167762,0,1
screen1,0,3,storage/p15,gc_layer,16.0229,True,16.1721,False,True,5,0,15,0.00482444,5,,11,0,742,26,31,5,0,1,535,13,0,10,0,11,0,0,0,0,0,0.00964468,0,0
screen1,0,3,storage/p15,gc_pairs2,14.1356,True,14.2792,False,True,11,4,48,0.469692,11,,12,1,117492,26,31,5,0,3,534,14.9091,6,37,1,10,0,0,0,0,0,0.473136,0,1
screen1,0,3,storage/p15,gc_sub2,42.8997,True,43.041,False,True,5,0,15,0.00484399,5,,11,0,742,26,31,5,0,1,535,13,0,10,0,11,0,0,0,0,0,0.00768061,0,0
screen1,0,3,storage/p15,gc_support,5.84342,True,5.98027,False,True,5,0,15,0.00550654,5,,11,0,742,26,31,5,0,1,535,13,0,10,0,11,0,0,0,0,0,0.0084336,0,0
screen1,0,5,storage/p15,tsort_goal,39.975,True,40.1365,False,True,,,,,,,,,,,,,,,,,,,,,,,,,,,,
screen1,0,3,thoughtful-sat14-strips/bootstrap-typed-04,gc,21.2085,True,23.4649,False,True,4,0,12,0.00631241,4,,10,0,454,29,118,4,0,1,847,11.5,0,8,0,10,0,0,0,0,0,0.0393475,0,0
screen1,0,4,thoughtful-sat14-strips/bootstrap-typed-04,gc_d2,35.98,True,37.8917,False,True,4,24,24,6.1599,4,,24,0,589817,58,118,4,0,1,833,32.5,0,20,0,24,0,0,0,0,0,6.1902,0,0
screen1,0,4,thoughtful-sat14-strips/bootstrap-typed-04,gc_d2_p2_layer,51.7024,True,53.9066,False,True,9,54,74,18.7124,9,,36,0,1581862,58,118,4,0,1,821,28,5,65,0,36,0,0,0,0,0,18.7661,0,0
screen1,0,4,thoughtful-sat14-strips/bootstrap-typed-04,gc_d3,34.7582,True,36.7131,False,True,4,28,24,6.21447,4,,24,0,514710,58,118,4,0,1,833,32.5,0,20,0,24,0,0,0,0,0,6.24277,0,0
screen1,0,4,thoughtful-sat14-strips/bootstrap-typed-04,gc_d3_p2_layer,41.2691,True,43.2342,False,True,9,63,74,14.6996,9,,36,0,1303969,58,118,4,0,1,821,28,5,65,0,36,0,0,0,0,0,14.7465,0,0
screen1,0,2,thoughtful-sat14-strips/bootstrap-typed-04,gc_layer,13.875,True,16.1296,False,True,4,0,12,0.00727791,4,,10,0,454,29,118,4,0,1,847,11.5,0,8,0,10,0,0,0,0,0,0.0768967,0,0
screen1,0,4,thoughtful-sat14-strips/bootstrap-typed-04,gc_pairs2,30.0211,True,31.8847,False,True,9,0,50,0.460574,9,,24,0,50220,29,118,4,0,1,833,15.5556,5,41,0,24,0,0,0,0,0,0.495905,0,0
screen1,0,3,thoughtful-sat14-strips/bootstrap-typed-04,gc_sub2,25.1701,True,27.3049,False,True,42,25,142,9.6018,42,,84,1,971289,117,118,4,0,2,773,18.2857,0,99,1,83,0,0,38,0,0,9.63554,0,1
screen1,0,7,thoughtful-sat14-strips/bootstrap-typed-04,gc_support,165.486,True,167.635,False,True,4,0,12,0.00652149,4,,10,0,454,29,118,4,0,1,847,11.5,0,8,0,10,0,0,0,0,0,0.0391501,0,0
screen1,0,6,thoughtful-sat14-strips/bootstrap-typed-04,tsort_goal,99.9956,True,102.178,False,True,,,,,,,,,,,,,,,,,,,,,,,,,,,,
screen1,0,2,tpp/p21,gc,0.0790777,True,27.377,False,True,11,0,72,0.0243287,11,,22,3,24150,77,139,11,0,2,261,7,0,21,3,19,0,0,0,0,0,0.0291235,0,5
screen1,0,2,tpp/p21,gc_d2,0.293303,True,27.5232,False,True,11,0,108,0.238948,11,,33,11,159793,108,139,11,0,3,250,9.81818,0,97,11,11,0,0,0,0,0,0.244878,0,25
screen1,0,2,tpp/p21,gc_d2_p2_layer,0.315603,True,26.5428,False,True,11,0,108,0.251882,11,,33,11,159793,108,139,11,0,3,250,9.81818,0,97,11,11,0,0,0,0,0,0.261698,0,25
screen1,0,2,tpp/p21,gc_d3,0.0918035,True,24.3436,False,True,11,0,108,0.0302647,11,,63,11,22732,139,139,11,0,7,220,12.6364,0,97,11,25,0,0,0,0,0,0.0362332,0,25
screen1,0,3,tpp/p21,gc_d3_p2_layer,0.150415,True,24.0288,False,True,11,0,108,0.0251052,11,,63,11,22732,139,139,11,0,7,220,12.6364,0,97,11,25,0,0,0,0,0,0.0341632,0,25
screen1,0,2,tpp/p21,gc_layer,0.0842866,True,24.8635,False,True,11,0,72,0.0236509,11,,22,3,24150,77,139,11,0,2,261,7,0,21,3,19,0,0,0,0,0,0.0326469,0,5
screen1,0,2,tpp/p21,gc_pairs2,0.0830849,True,22.7957,False,True,11,0,72,0.0271778,11,,22,3,24150,77,139,11,0,2,261,7,0,21,3,19,0,0,0,0,0,0.0326142,0,5
screen1,0,2,tpp/p21,gc_sub2,0.0845035,True,23.9306,False,True,22,0,83,0.0263218,22,,33,3,24238,99,139,11,0,2,250,7.5,0,21,3,30,0,0,11,0,0,0.0313992,0,5
screen1,0,2,tpp/p21,gc_support,0.0752428,True,28.3691,False,True,11,0,72,0.0267037,11,,22,3,24150,77,139,11,0,2,261,7,0,21,3,19,0,0,0,0,0,0.0315948,0,5
screen1,0,2,tpp/p21,tsort_goal,0.0596972,True,31.0396,False,True,,,,,,,,,,,,,,,,,,,,,,,,,,,,
screen1,0,2,tpp/p23,gc,0.0876189,True,41.1415,False,True,13,0,70,0.0227641,13,,26,0,20413,91,163,13,0,1,304,7,0,13,0,26,0,0,0,0,0,0.0304899,0,0
screen1,0,2,tpp/p23,gc_d2,0.251595,True,45.8169,False,True,13,0,105,0.187104,13,,39,10,129489,127,163,13,0,3,291,9.76923,0,92,10,19,0,0,0,0,0,0.19573,0,22
screen1,0,2,tpp/p23,gc_d2_p2_layer,0.27516,True,39.5252,False,True,13,0,105,0.196879,13,,39,10,129489,127,163,13,0,3,291,9.76923,0,92,10,19,0,0,0,0,0,0.215412,0,22
screen1,0,2,tpp/p23,gc_d3,0.091294,True,43.2811,False,True,13,0,105,0.0258183,13,,67,10,19785,163,163,13,0,7,263,12.5385,0,92,10,33,0,0,0,0,0,0.0330401,0,22
screen1,0,3,tpp/p23,gc_d3_p2_layer,0.185571,True,37.0976,False,True,13,0,105,0.027391,13,,67,10,19785,163,163,13,0,7,263,12.5385,0,92,10,33,0,0,0,0,0,0.0414265,0,22
screen1,0,2,tpp/p23,gc_layer,0.100023,True,40.7136,False,True,13,0,70,0.0224209,13,,26,0,20413,91,163,13,0,1,304,7,0,13,0,26,0,0,0,0,0,0.0424732,0,0
screen1,0,2,tpp/p23,gc_pairs2,0.0813861,True,35.1385,False,True,13,0,70,0.0209298,13,,26,0,20413,91,163,13,0,1,304,7,0,13,0,26,0,0,0,0,0,0.0284576,0,0
screen1,0,2,tpp/p23,gc_sub2,0.0748264,True,39.5049,False,True,26,0,83,0.020608,26,,39,0,20517,117,163,13,0,1,291,7.5,0,13,0,39,0,0,13,0,0,0.0273186,0,0
screen1,0,2,tpp/p23,gc_support,0.0767658,True,39.193,False,True,13,0,70,0.0201124,13,,26,0,20413,91,163,13,0,1,304,7,0,13,0,26,0,0,0,0,0,0.0271689,0,0
screen1,0,2,tpp/p23,tsort_goal,0.0650599,True,43.9919,False,True,,,,,,,,,,,,,,,,,,,,,,,,,,,,
screen1,0,2,tpp/p24,gc,0.0974244,True,53.9518,False,True,14,0,70,0.0154494,14,,28,1,12696,98,174,14,0,2,322,7,0,16,1,27,0,0,0,0,0,0.0246658,0,1
screen1,0,2,tpp/p24,gc_d2,0.190416,True,55.6144,False,True,14,0,105,0.108157,14,,42,12,71500,136,174,14,0,3,308,9.71429,0,91,12,18,0,0,0,0,0,0.117606,0,21
screen1,0,2,tpp/p24,gc_d2_p2_layer,0.177567,True,50.5852,False,True,14,0,105,0.0935804,14,,42,12,71500,136,174,14,0,3,308,9.71429,0,91,12,18,0,0,0,0,0,0.108009,0,21
screen1,0,2,tpp/p24,gc_d3,0.0976322,True,50.6298,False,True,14,0,105,0.0215377,14,,68,12,16830,174,174,14,0,5,282,12.4286,0,91,12,36,0,0,0,0,0,0.031683,0,21
screen1,0,3,tpp/p24,gc_d3_p2_layer,0.244069,True,54.6418,False,True,14,0,105,0.0230717,14,,68,12,16830,174,174,14,0,5,282,12.4286,0,91,12,36,0,0,0,0,0,0.0456396,0,21
screen1,0,2,tpp/p24,gc_layer,0.1153,True,55.2607,False,True,14,0,70,0.015418,14,,28,1,12696,98,174,14,0,2,322,7,0,16,1,27,0,0,0,0,0,0.0362363,0,1
screen1,0,2,tpp/p24,gc_pairs2,0.101989,True,52.4836,False,True,14,0,70,0.0146534,14,,28,1,12696,98,174,14,0,2,322,7,0,16,1,27,0,0,0,0,0,0.0235279,0,1
screen1,0,2,tpp/p24,gc_sub2,0.103899,True,51.4228,False,True,28,0,84,0.0149098,28,,42,1,12808,126,174,14,0,2,308,7.5,0,16,1,41,0,0,14,0,0,0.0241911,0,1
screen1,0,2,tpp/p24,gc_support,0.109352,True,59.5226,False,True,14,0,70,0.0146114,14,,28,1,12696,98,174,14,0,2,322,7,0,16,1,27,0,0,0,0,0,0.0241685,0,1
screen1,0,2,tpp/p24,tsort_goal,0.0498853,True,47.4057,False,True,,,,,,,,,,,,,,,,,,,,,,,,,,,,
screen1,0,1,transport-opt08-strips/p04,gc,0.00558028,True,0.0222897,False,True,5,0,10,9.6833e-05,5,,10,0,75,7,7,5,0,1,10,3,0,5,0,10,0,0,0,0,0,0.000124874,0,0
screen1,0,1,transport-opt08-strips/p04,gc_d2,0.00924471,True,0.0252586,False,True,5,0,50,0.0044562,5,,10,0,5035,7,7,5,0,1,10,7,0,45,0,10,0,0,0,0,0,0.00459197,0,0
screen1,0,1,transport-opt08-strips/p04,gc_d2_p2_layer,0.016561,True,0.0336734,False,True,12,0,120,0.0111693,12,,10,0,12084,7,7,5,0,1,10,7,7,108,0,10,0,0,0,0,0,0.0113026,0,0
screen1,0,1,transport-opt08-strips/p04,gc_d3,0.0104335,True,0.0281875,False,True,5,0,50,0.0054645,5,,10,0,5035,7,7,5,0,1,10,7,0,45,0,10,0,0,0,0,0,0.00555733,0,0
screen1,0,1,transport-opt08-strips/p04,gc_d3_p2_layer,0.0180332,True,0.0361269,False,True,12,0,120,0.0125894,12,,10,0,12084,7,7,5,0,1,10,7,7,108,0,10,0,0,0,0,0,0.0127176,0,0
screen1,0,1,transport-opt08-strips/p04,gc_layer,0.00485797,True,0.021268,False,True,5,0,10,9.8859e-05,5,,10,0,75,7,7,5,0,1,10,3,0,5,0,10,0,0,0,0,0,0.000148473,0,0
screen1,0,1,transport-opt08-strips/p04,gc_pairs2,0.00552168,True,0.0233461,False,True,12,0,38,0.000649841,12,,10,0,913,7,7,5,0,1,10,3.58333,7,26,0,10,0,0,0,0,0,0.000701022,0,0
screen1,0,1,transport-opt08-strips/p04,gc_sub2,0.00485756,True,0.0209057,False,True,5,0,10,0.000105736,5,,10,0,75,7,7,5,0,1,10,3,0,5,0,10,0,0,0,0,0,0.000147187,0,0
screen1,0,1,transport-opt08-strips/p04,gc_support,0.00544183,True,0.0241994,False,True,5,0,10,0.000120642,5,,10,0,75,7,7,5,0,1,10,3,0,5,0,10,0,0,0,0,0,0.00017741,0,0
screen1,0,1,transport-opt08-strips/p04,tsort_goal,0.00546776,True,0.0211199,False,True,,,,,,,,,,,,,,,,,,,,,,,,,,,,
screen1,0,1,transport-opt08-strips/p14,gc,0.00621749,True,0.0284252,False,True,5,0,10,0.000102684,5,,10,0,75,7,7,5,0,1,10,3,0,5,0,10,0,0,0,0,0,0.000133377,0,0
screen1,0,1,transport-opt08-strips/p14,gc_d2,0.00937692,True,0.0311755,False,True,5,0,50,0.00461589,5,,10,0,5035,7,7,5,0,1,10,7,0,45,0,10,0,0,0,0,0,0.00470597,0,0
screen1,0,1,transport-opt08-strips/p14,gc_d2_p2_layer,0.0177869,True,0.0427429,False,True,12,0,120,0.0128235,12,,10,0,12084,7,7,5,0,1,10,7,7,108,0,10,0,0,0,0,0,0.0129612,0,0
screen1,0,1,transport-opt08-strips/p14,gc_d3,0.0105252,True,0.0345734,False,True,5,0,50,0.00498759,5,,10,0,5035,7,7,5,0,1,10,7,0,45,0,10,0,0,0,0,0,0.0050913,0,0
screen1,0,1,transport-opt08-strips/p14,gc_d3_p2_layer,0.0181196,True,0.0435601,False,True,12,0,120,0.0124317,12,,10,0,12084,7,7,5,0,1,10,7,7,108,0,10,0,0,0,0,0,0.0125301,0,0
screen1,0,1,transport-opt08-strips/p14,gc_layer,0.00503927,True,0.026629,False,True,5,0,10,9.8873e-05,5,,10,0,75,7,7,5,0,1,10,3,0,5,0,10,0,0,0,0,0,0.000152457,0,0
screen1,0,1,transport-opt08-strips/p14,gc_pairs2,0.00593649,True,0.030631,False,True,12,0,38,0.000666703,12,,10,0,913,7,7,5,0,1,10,3.58333,7,26,0,10,0,0,0,0,0,0.000721603,0,0
screen1,0,1,transport-opt08-strips/p14,gc_sub2,0.00504066,True,0.0267444,False,True,5,0,10,0.000107459,5,,10,0,75,7,7,5,0,1,10,3,0,5,0,10,0,0,0,0,0,0.000148562,0,0
screen1,0,1,transport-opt08-strips/p14,gc_support,0.00523134,True,0.028588,False,True,5,0,10,0.000118449,5,,10,0,75,7,7,5,0,1,10,3,0,5,0,10,0,0,0,0,0,0.000168218,0,0
screen1,0,1,transport-opt08-strips/p14,tsort_goal,0.00600595,True,0.0310198,False,True,,,,,,,,,,,,,,,,,,,,,,,,,,,,
screen1,0,1,transport-opt08-strips/p28,gc,0.0077077,True,0.265306,False,True,9,0,18,0.000677485,9,,18,0,379,12,12,9,0,1,36,4,0,9,0,18,0,0,0,0,0,0.00475396,0,0
screen1,0,1,transport-opt08-strips/p28,gc_d2,2.99166,True,3.20018,False,True,9,36,72,3.00475,9,,18,0,1777679,12,12,9,0,1,36,7,0,63,0,18,0,0,0,0,0,3.00493,0,0
screen1,0,1,transport-opt08-strips/p28,gc_d2_p2_layer,3.99115,True,4.23694,False,True,11,44,88,4.01018,11,,18,0,2175681,12,12,9,0,1,36,7,2,77,0,18,0,13,0,0,0,4.01043,0,0
screen1,0,1,transport-opt08-strips/p28,gc_d3,2.75006,True,2.93051,False,True,9,36,72,2.75499,9,,18,0,1777679,12,12,9,0,1,36,7,0,63,0,18,0,0,0,0,0,2.7552,0,0
screen1,0,1,transport-opt08-strips/p28,gc_d3_p2_layer,3.74373,True,3.9589,False,True,11,44,88,3.74721,11,,18,0,2175681,12,12,9,0,1,36,7,2,77,0,18,0,13,0,0,0,3.74746,0,0
screen1,0,1,transport-opt08-strips/p28,gc_layer,0.00643125,True,0.210625,False,True,9,0,18,0.000532416,9,,18,0,379,12,12,9,0,1,36,4,0,9,0,18,0,0,0,0,0,0.000659575,0,0
screen1,0,1,transport-opt08-strips/p28,gc_pairs2,0.0192276,True,0.214496,False,True,24,0,78,0.0125151,24,,18,0,9921,12,12,9,0,1,36,4.625,15,54,0,18,0,0,0,0,0,0.0126929,0,0
screen1,0,1,transport-opt08-strips/p28,gc_sub2,0.00710896,True,0.204214,False,True,9,0,18,0.000526887,9,,18,0,379,12,12,9,0,1,36,4,0,9,0,18,0,0,0,0,0,0.000619207,0,0
screen1,0,1,transport-opt08-strips/p28,gc_support,0.00805334,True,0.247403,False,True,9,0,18,0.000608385,9,,18,0,379,12,12,9,0,1,36,4,0,9,0,18,0,0,0,0,0,0.000772323,0,0
screen1,0,1,transport-opt08-strips/p28,tsort_goal,0.00606847,True,0.198387,False,True,,,,,,,,,,,,,,,,,,,,,,,,,,,,
screen1,0,1,transport-sat08-strips/p05,gc,0.00733493,True,0.27204,False,True,10,0,20,0.000620274,10,,20,0,416,13,13,10,0,1,40,4,0,10,0,20,0,0,0,0,0,0.000715391,0,0
screen1,0,1,transport-sat08-strips/p05,gc_d2,3.6501,True,3.90534,False,True,10,40,80,3.66746,10,,20,0,1997385,13,13,10,0,1,40,7,0,70,0,20,0,0,0,0,0,3.66767,0,0
screen1,0,1,transport-sat08-strips/p05,gc_d2_p2_layer,3.95061,True,4.24138,False,True,11,43,88,4.06501,11,,20,0,2192217,13,13,10,0,1,40,7,1,77,0,20,0,16,0,0,0,4.06524,0,0
screen1,0,1,transport-sat08-strips/p05,gc_d3,3.44206,True,3.69217,False,True,10,40,80,3.48951,10,,20,0,1997385,13,13,10,0,1,40,7,0,70,0,20,0,0,0,0,0,3.48972,0,0
screen1,0,1,transport-sat08-strips/p05,gc_d3_p2_layer,3.87856,True,4.14826,False,True,11,43,88,3.88228,11,,20,0,2192217,13,13,10,0,1,40,7,1,77,0,20,0,16,0,0,0,3.88251,0,0
screen1,0,1,transport-sat08-strips/p05,gc_layer,0.00723819,True,0.259049,False,True,10,0,20,0.000631343,10,,20,0,416,13,13,10,0,1,40,4,0,10,0,20,0,0,0,0,0,0.00077725,0,0
screen1,0,1,transport-sat08-strips/p05,gc_pairs2,0.021389,True,0.247177,False,True,27,0,88,0.0145392,27,,20,0,11138,13,13,10,0,1,40,4.62963,17,61,0,20,0,0,0,0,0,0.0147051,0,0
screen1,0,1,transport-sat08-strips/p05,gc_sub2,0.00816241,True,0.299231,False,True,10,0,20,0.00075782,10,,20,0,416,13,13,10,0,1,40,4,0,10,0,20,0,0,0,0,0,0.000866657,0,0
screen1,0,1,transport-sat08-strips/p05,gc_support,0.00758169,True,0.225389,False,True,10,0,20,0.0005877,10,,20,0,416,13,13,10,0,1,40,4,0,10,0,20,0,0,0,0,0,0.000703292,0,0
screen1,0,1,transport-sat08-strips/p05,tsort_goal,0.00746987,True,0.254619,False,True,,,,,,,,,,,,,,,,,,,,,,,,,,,,
screen1,0,1,transport-sat08-strips/p09,gc,0.0194,True,5.10265,False,True,18,0,36,0.00532599,18,,36,0,759,22,22,18,0,1,108,5,0,18,0,36,0,0,0,0,0,0.00579814,0,0
screen1,0,1,transport-sat08-strips/p09,gc_d2,8.43023,True,13.567,False,True,18,90,108,8.50053,18,,36,0,3005690,22,22,18,0,1,108,7,0,90,0,36,0,0,0,0,0,8.501,0,0
screen1,0,1,transport-sat08-strips/p09,gc_d2_p2_layer,5.55658,True,10.1106,False,True,12,60,72,5.65751,12,,24,0,2009676,16,22,18,0,1,120,7,0,60,0,24,0,39,0,0,0,5.65819,0,0
screen1,0,1,transport-sat08-strips/p09,gc_d3,8.11557,True,12.9439,False,True,18,90,108,8.25976,18,,36,0,3005690,22,22,18,0,1,108,7,0,90,0,36,0,0,0,0,0,8.26051,0,0
screen1,0,1,transport-sat08-strips/p09,gc_d3_p2_layer,4.9331,True,9.27072,False,True,12,60,72,4.94272,12,,24,0,2009676,16,22,18,0,1,120,7,0,60,0,24,0,39,0,0,0,4.94344,0,0
screen1,0,1,transport-sat08-strips/p09,gc_layer,0.0157746,True,4.60706,False,True,18,0,36,0.00374455,18,,36,0,759,22,22,18,0,1,108,5,0,18,0,36,0,0,0,0,0,0.00436697,0,0
screen1,0,1,transport-sat08-strips/p09,gc_pairs2,0.126752,True,5.45027,False,True,51,0,168,0.119992,51,,36,0,33644,22,22,18,0,1,108,5.64706,33,117,0,36,0,0,0,0,0,0.120483,0,0
screen1,0,1,transport-sat08-strips/p09,gc_sub2,0.0207336,True,5.20286,False,True,18,0,36,0.00551321,18,,36,0,759,22,22,18,0,1,108,5,0,18,0,36,0,0,0,0,0,0.00601925,0,0
screen1,0,1,transport-sat08-strips/p09,gc_support,0.0180609,True,5.30027,False,True,18,0,36,0.00405994,18,,36,0,759,22,22,18,0,1,108,5,0,18,0,36,0,0,0,0,0,0.00458178,0,0
screen1,0,1,transport-sat08-strips/p09,tsort_goal,0.0146221,True,5.28474,False,True,,,,,,,,,,,,,,,,,,,,,,,,,,,,
screen1,0,1,transport-sat08-strips/p26,gc,0.0119631,True,1.3896,False,True,12,0,24,0.00200715,12,,24,0,861,16,16,12,0,1,72,5,0,12,0,24,0,0,0,0,0,0.00221594,0,0
screen1,0,1,transport-sat08-strips/p26,gc_d2,3.00017,True,4.29279,False,True,12,48,72,3.01397,12,,24,0,1528436,16,16,12,0,1,72,7,0,60,0,24,0,0,0,0,0,3.01429,0,0
screen1,0,1,transport-sat08-strips/p26,gc_d2_p2_layer,4.22438,True,5.41262,False,True,16,64,96,4.26595,16,,24,0,2044284,16,16,12,0,1,72,7,4,80,0,24,0,17,0,0,0,4.26649,0,0
screen1,0,1,transport-sat08-strips/p26,gc_d3,3.25074,True,4.69344,False,True,12,48,72,3.28211,12,,24,0,1528436,16,16,12,0,1,72,7,0,60,0,24,0,0,0,0,0,3.28248,0,0
screen1,0,1,transport-sat08-strips/p26,gc_d3_p2_layer,4.30891,True,5.57325,False,True,16,64,96,4.31461,16,,24,0,2044284,16,16,12,0,1,72,7,4,80,0,24,0,17,0,0,0,4.31502,0,0
screen1,0,1,transport-sat08-strips/p26,gc_layer,0.0132529,True,1.18679,False,True,12,0,24,0.00220209,12,,24,0,861,16,16,12,0,1,72,5,0,12,0,24,0,0,0,0,0,0.00249147,0,0
screen1,0,1,transport-sat08-strips/p26,gc_pairs2,0.0804068,True,1.17703,False,True,33,0,108,0.0718961,33,,24,0,38133,16,16,12,0,1,72,5.63636,21,75,0,24,0,0,0,0,0,0.0721446,0,0
screen1,0,1,transport-sat08-strips/p26,gc_sub2,0.0124919,True,1.20261,False,True,12,0,24,0.00233645,12,,24,0,861,16,16,12,0,1,72,5,0,12,0,24,0,0,0,0,0,0.0025655,0,0
screen1,0,1,transport-sat08-strips/p26,gc_support,0.0118176,True,1.13727,False,True,12,0,24,0.00218079,12,,24,0,861,16,16,12,0,1,72,5,0,12,0,24,0,0,0,0,0,0.00247579,0,0
screen1,0,1,transport-sat08-strips/p26,tsort_goal,0.00895723,True,1.31476,False,True,,,,,,,,,,,,,,,,,,,,,,,,,,,,
screen1,0,1,transport-sat11-strips/p06,gc,0.0195546,True,4.1418,False,True,16,0,32,0.00459373,16,,32,0,837,20,20,16,0,1,96,5,0,16,0,32,0,0,0,0,0,0.00499534,0,0
screen1,0,1,transport-sat11-strips/p06,gc_d2,6.79447,True,10.6265,False,True,16,64,96,6.83693,16,,32,0,2702042,20,20,16,0,1,96,7,0,80,0,32,0,0,0,0,0,6.83738,0,0
screen1,0,1,transport-sat11-strips/p06,gc_d2_p2_layer,4.94486,True,8.82688,False,True,12,48,72,4.95619,12,,24,0,2024098,16,20,16,0,1,104,7,0,60,0,24,0,33,0,0,0,4.95675,0,0
screen1,0,1,transport-sat11-strips/p06,gc_d3,6.86784,True,11.0064,False,True,16,64,96,6.8847,16,,32,0,2702042,20,20,16,0,1,96,7,0,80,0,32,0,0,0,0,0,6.8852,0,0
screen1,0,1,transport-sat11-strips/p06,gc_d3_p2_layer,5.10463,True,9.32184,False,True,12,48,72,5.12369,12,,24,0,2024098,16,20,16,0,1,104,7,0,60,0,24,0,33,0,0,0,5.12427,0,0
screen1,0,1,transport-sat11-strips/p06,gc_layer,0.0166718,True,3.92943,False,True,16,0,32,0.00416048,16,,32,0,837,20,20,16,0,1,96,5,0,16,0,32,0,0,0,0,0,0.00478336,0,0
screen1,0,1,transport-sat11-strips/p06,gc_pairs2,0.12132,True,3.52875,False,True,45,0,148,0.107562,45,,32,0,36324,20,20,16,0,1,96,5.64444,29,103,0,32,0,0,0,0,0,0.107929,0,0
screen1,0,1,transport-sat11-strips/p06,gc_sub2,0.017929,True,3.88552,False,True,16,0,32,0.00455504,16,,32,0,837,20,20,16,0,1,96,5,0,16,0,32,0,0,0,0,0,0.00491924,0,0
screen1,0,1,transport-sat11-strips/p06,gc_support,0.0157167,True,3.87449,False,True,16,0,32,0.00375995,16,,32,0,837,20,20,16,0,1,96,5,0,16,0,32,0,0,0,0,0,0.00421403,0,0
screen1,0,1,transport-sat11-strips/p06,tsort_goal,0.0104689,True,3.81587,False,True,,,,,,,,,,,,,,,,,,,,,,,,,,,,
screen1,0,1,transport-sat14-strips/p17,gc,0.0422446,True,68.1274,False,True,25,0,50,0.0181533,25,,50,0,2103,30,30,25,0,1,200,6,0,25,0,50,0,0,0,0,0,0.0194144,0,0
screen1,0,1,transport-sat14-strips/p17,gc_d2,24.2768,True,91.3831,False,True,25,125,102,24.3984,25,,50,0,5047912,30,30,25,0,1,200,7.04,0,77,0,50,0,0,0,0,0,24.3997,0,0
screen1,0,1,transport-sat14-strips/p17,gc_d2_p2_layer,11.0404,True,77.4505,False,True,10,50,40,10.6103,10,,20,0,2029370,15,30,25,0,1,230,7,0,30,0,20,0,62,0,0,0,10.612,0,0
screen1,0,1,transport-sat14-strips/p17,gc_d3,23.7947,True,91.2586,False,True,25,125,102,24.0015,25,,50,0,5047912,30,30,25,0,1,200,7.04,0,77,0,50,0,0,0,0,0,24.0027,0,0
screen1,0,1,transport-sat14-strips/p17,gc_d3_p2_layer,9.81972,True,80.4695,False,True,10,50,40,9.21314,10,,20,0,2029370,15,30,25,0,1,230,7,0,30,0,20,0,62,0,0,0,9.21468,0,0
screen1,0,1,transport-sat14-strips/p17,gc_layer,0.0453225,True,71.0791,False,True,25,0,50,0.0137232,25,,50,0,2103,30,30,25,0,1,200,6,0,25,0,50,0,0,0,0,0,0.0153352,0,0
screen1,0,1,transport-sat14-strips/p17,gc_pairs2,0.84803,True,68.7818,False,True,72,0,238,0.841414,72,,50,0,135882,30,30,25,0,1,200,6.65278,47,166,0,50,0,0,0,0,0,0.842433,0,0
screen1,0,1,transport-sat14-strips/p17,gc_sub2,0.0367305,True,68.3954,False,True,25,0,50,0.0154301,25,,50,0,2103,30,30,25,0,1,200,6,0,25,0,50,0,0,0,0,0,0.0163806,0,0
screen1,0,1,transport-sat14-strips/p17,gc_support,0.0405365,True,70.8998,False,True,25,0,50,0.0174343,25,,50,0,2103,30,30,25,0,1,200,6,0,25,0,50,0,0,0,0,0,0.0188011,0,0
screen1,0,1,transport-sat14-strips/p17,tsort_goal,0.0151548,True,42.1777,False,True,,,,,,,,,,,,,,,,,,,,,,,,,,,,
screen1,0,6,trucks-strips/p01,gc,0.0904757,True,0.0961966,False,True,3,0,12,7.7659e-05,3,,10,0,52,7,10,3,0,1,36,3,0,9,0,10,0,0,0,0,0,0.00013938,0,0
screen1,0,5,trucks-strips/p01,gc_d2,0.0435541,True,0.0494591,False,True,3,0,15,0.00041832,3,,10,1,429,10,10,3,0,4,36,6,0,12,1,7,0,0,0,0,0,0.000610612,0,3
screen1,0,4,trucks-strips/p01,gc_d2_p2_layer,0.0626639,True,0.0679592,False,True,6,0,41,0.00474756,6,,14,1,6068,10,10,3,0,11,32,7,3,35,1,4,0,0,0,0,0,0.0055392,0,8
screen1,0,5,trucks-strips/p01,gc_d3,0.0435867,True,0.0491391,False,True,3,0,15,0.000704821,3,,10,1,970,10,10,3,0,4,36,8,0,12,1,7,0,0,0,0,0,0.00091512,0,3
screen1,0,4,trucks-strips/p01,gc_d3_p2_layer,0.0663617,True,0.0726934,False,True,6,0,41,0.00535508,6,,14,1,6796,10,10,3,0,11,32,8.5,3,35,1,4,0,0,0,0,0,0.00624323,0,8
screen1,0,5,trucks-strips/p01,gc_layer,0.107181,True,0.11348,False,True,3,0,12,9.6035e-05,3,,10,0,52,7,10,3,0,1,36,3,0,9,0,10,0,0,0,0,0,0.000195079,0,0
screen1,0,6,trucks-strips/p01,gc_pairs2,0.093209,True,0.0983415,False,True,6,0,33,0.000462483,6,,10,0,600,7,10,3,0,1,36,4,3,27,0,10,0,0,0,0,0,0.000533117,0,0
screen1,0,6,trucks-strips/p01,gc_sub2,0.096424,True,0.102679,False,True,5,0,14,9.4748e-05,5,,10,0,57,8,10,3,0,1,36,2.6,0,9,0,10,0,0,2,0,0,0.000157369,0,0
screen1,0,6,trucks-strips/p01,gc_support,0.25822,True,0.264282,False,True,3,0,12,7.9735e-05,3,,10,0,52,7,10,3,0,1,36,3,0,9,0,10,0,0,0,0,0,0.000160592,0,0
screen1,0,4,trucks-strips/p01,tsort_goal,0.0359483,True,0.0402796,False,True,,,,,,,,,,,,,,,,,,,,,,,,,,,,
screen1,0,10,trucks-strips/p04,gc,18.0971,True,18.1133,False,True,6,0,18,0.000126662,6,,13,0,72,13,16,6,0,1,73,3,0,12,0,13,0,0,0,0,0,0.000235563,0,0
screen1,0,7,trucks-strips/p04,gc_d2,3.09229,True,3.1098,False,True,6,0,30,0.00346536,6,,19,1,4108,16,16,6,0,7,67,6,0,24,1,13,0,0,0,0,0,0.0038864,0,6
screen1,0,6,trucks-strips/p04,gc_d2_p2_layer,2.51197,True,2.52888,False,True,15,0,106,0.0502599,15,,25,1,48770,16,16,6,0,14,61,7.2,9,91,1,12,0,0,0,0,0,0.0591329,0,19
screen1,0,7,trucks-strips/p04,gc_d3,3.17936,True,3.19785,False,True,6,0,30,0.00670017,6,,19,1,8931,16,16,6,0,7,67,11,0,24,1,13,0,0,0,0,0,0.00714288,0,6
screen1,0,6,trucks-strips/p04,gc_d3_p2_layer,2.65317,True,2.66831,False,True,15,0,106,0.249973,15,,25,1,220228,16,16,6,0,14,61,11.6,9,91,1,12,0,0,0,0,0,0.261875,0,19
screen1,0,8,trucks-strips/p04,gc_layer,7.93634,True,7.95469,False,True,6,0,18,0.000160777,6,,13,0,72,13,16,6,0,1,73,3,0,12,0,13,0,0,0,0,0,0.000360745,0,0
screen1,0,10,trucks-strips/p04,gc_pairs2,11.3886,True,11.4035,False,True,15,0,63,0.00101295,15,,13,0,999,13,16,6,0,1,73,4.2,9,48,0,13,0,0,0,0,0,0.00114815,0,0
screen1,0,8,trucks-strips/p04,gc_sub2,5.13579,True,5.1532,False,True,19,0,43,0.00138095,19,,31,0,536,16,16,6,0,1,55,6.42105,0,24,0,31,0,0,13,0,0,0.00155997,0,0
screen1,0,9,trucks-strips/p04,gc_support,13.7056,True,13.7223,False,True,6,0,18,0.000144938,6,,13,0,72,13,16,6,0,1,73,3,0,12,0,13,0,0,0,0,0,0.000286455,0,0
screen1,0,7,trucks-strips/p04,tsort_goal,4.02633,True,4.04417,False,True,,,,,,,,,,,,,,,,,,,,,,,,,,,,
screen1,0,10,trucks-strips/p05,gc,21.8471,True,21.8731,False,True,7,0,22,0.000520517,7,,16,0,629,17,17,7,0,1,83,3.28571,0,15,0,16,0,0,0,0,0,0.000667145,0,0
screen1,0,6,trucks-strips/p05,gc_d2,3.11288,True,3.13835,False,True,7,0,32,0.00392528,7,,22,1,5061,17,17,7,0,5,77,6.71429,0,25,1,18,0,0,0,0,0,0.00433907,0,4
screen1,0,6,trucks-strips/p05,gc_d2_p2_layer,4.08589,True,4.11404,False,True,18,8,124,0.61675,18,,30,1,537025,17,17,7,0,16,69,8.61111,11,106,1,15,0,0,0,0,0,0.620219,0,19
screen1,0,7,trucks-strips/p05,gc_d3,5.25942,True,5.28807,False,True,7,8,45,0.321389,7,,22,1,269651,17,17,7,0,6,77,11.5714,0,38,1,17,0,0,0,0,0,0.32184,0,5
screen1,0,6,trucks-strips/p05,gc_d3_p2_layer,6.22422,True,6.25349,False,True,18,50,141,2.48565,18,,30,1,1893655,17,17,7,0,16,69,11.2778,11,123,1,15,0,0,0,0,0,2.50231,0,24
screen1,0,8,trucks-strips/p05,gc_layer,11.8688,True,11.8984,False,True,7,0,22,0.000571122,7,,16,0,629,17,17,7,0,1,83,3.28571,0,15,0,16,0,0,0,0,0,0.000846852,0,0
screen1,0,9,trucks-strips/p05,gc_pairs2,10.7463,True,10.7758,False,True,18,0,96,0.0428205,18,,24,1,43286,17,17,7,0,10,75,5,11,78,1,15,0,0,0,0,0,0.0438798,0,11
screen1,0,9,trucks-strips/p05,gc_sub2,11.5911,True,11.6201,False,True,19,0,42,0.00182418,19,,30,0,1356,17,17,7,0,1,69,6.36842,0,23,0,30,0,0,12,0,0,0.00204434,0,0
screen1,0,8,trucks-strips/p05,gc_support,7.94536,True,7.97379,False,True,7,0,22,0.000489931,7,,16,0,629,17,17,7,0,1,83,3.28571,0,15,0,16,0,0,0,0,0,0.000654688,0,0
screen1,0,8,trucks-strips/p05,tsort_goal,11.5922,True,11.6201,False,True,,,,,,,,,,,,,,,,,,,,,,,,,,,,
screen1,0,11,trucks-strips/p06,gc,42.4544,True,42.4857,False,True,8,0,28,0.00190574,8,,19,1,2345,18,18,8,0,3,94,3.5,0,20,1,17,0,0,0,0,0,0.00227964,0,2
screen1,0,7,trucks-strips/p06,gc_d2,7.14908,True,7.17845,False,True,8,8,38,0.145279,8,,25,1,135246,18,18,8,0,7,88,7.25,0,30,1,19,0,0,0,0,0,0.145766,0,6
screen1,0,8,trucks-strips/p06,gc_d2_p2_layer,21.5659,True,21.5993,False,True,20,52,143,2.60675,20,,29,1,2135738,18,18,8,0,19,84,8.45,12,123,1,11,0,1,0,0,0,2.76919,0,27
screen1,0,7,trucks-strips/p06,gc_d3,8.74199,True,8.77718,False,True,8,32,38,0.953929,8,,25,1,766740,18,18,8,0,7,88,11,0,30,1,19,0,0,0,0,0,0.954509,0,6
screen1,0,9,trucks-strips/p06,gc_d3_p2_layer,32.944,True,32.9793,False,True,15,58,99,2.55222,15,,31,1,2007341,18,18,8,0,19,82,10.4,7,84,1,13,0,6,0,0,0,2.56239,0,18
screen1,0,9,trucks-strips/p06,gc_layer,26.1813,True,26.214,False,True,8,0,28,0.00247345,8,,19,1,2345,18,18,8,0,3,94,3.5,0,20,1,17,0,0,0,0,0,0.00293157,0,2
screen1,0,11,trucks-strips/p06,gc_pairs2,38.0881,True,38.1229,False,True,21,0,142,0.146076,21,,29,1,127363,18,18,8,0,20,84,5.61905,13,121,1,10,0,0,0,0,0,0.551609,0,31
screen1,0,10,trucks-strips/p06,gc_sub2,34.7128,True,34.7459,False,True,20,0,48,0.00357611,20,,33,1,3120,18,18,8,0,3,80,6.8,0,28,1,31,0,0,12,0,0,0.0039631,0,2
screen1,0,9,trucks-strips/p06,gc_support,22.1051,True,22.1411,False,True,8,0,28,0.00211851,8,,19,1,2345,18,18,8,0,3,94,3.5,0,20,1,17,0,0,0,0,0,0.00259736,0,2
screen1,0,9,trucks-strips/p06,tsort_goal,23.5591,True,23.5926,False,True,,,,,,,,,,,,,,,,,,,,,,,,,,,,
screen1,0,8,trucks-strips/p07,gc,5.28181,True,5.30414,False,True,6,0,24,0.000224597,6,,19,0,136,13,17,6,0,1,145,3,0,18,0,19,0,0,0,0,0,0.000432967,0,0
screen1,0,7,trucks-strips/p07,gc_d2,3.16254,True,3.18661,False,True,6,0,30,0.003287,6,,19,1,1876,17,17,6,0,7,145,7,0,24,1,13,0,0,0,0,0,0.00382471,0,6
screen1,0,5,trucks-strips/p07,gc_d2_p2_layer,1.60123,True,1.62245,False,True,15,0,107,0.105894,15,,29,1,57829,17,17,6,0,29,135,8.2,9,92,1,1,0,0,0,0,0,0.125578,0,20
screen1,0,7,trucks-strips/p07,gc_d3,2.96314,True,2.98912,False,True,6,0,30,0.0202748,6,,19,1,22749,17,17,6,0,7,145,12,0,24,1,13,0,0,0,0,0,0.0208493,0,6
screen1,0,5,trucks-strips/p07,gc_d3_p2_layer,3.46286,True,3.48844,False,True,15,24,107,1.84156,15,,29,1,1102543,17,17,6,0,29,135,11,9,92,1,1,0,0,0,0,0,1.86389,0,20
screen1,0,7,trucks-strips/p07,gc_layer,6.75244,True,6.77905,False,True,6,0,24,0.000251864,6,,19,0,136,13,17,6,0,1,145,3,0,18,0,19,0,0,0,0,0,0.000650512,0,0
screen1,0,8,trucks-strips/p07,gc_pairs2,4.61458,True,4.64014,False,True,15,0,87,0.00279949,15,,19,0,2891,13,17,6,0,1,145,4.2,9,72,0,19,0,0,0,0,0,0.00308292,0,0
screen1,0,8,trucks-strips/p07,gc_sub2,5.12171,True,5.14644,False,True,8,0,26,0.000238489,8,,19,0,141,14,17,6,0,1,145,2.75,0,18,0,19,0,0,2,0,0,0.000443205,0,0
screen1,0,8,trucks-strips/p07,gc_support,10.6652,True,10.6903,False,True,6,0,24,0.000223182,6,,19,0,136,13,17,6,0,1,145,3,0,18,0,19,0,0,0,0,0,0.000490323,0,0
screen1,0,7,trucks-strips/p07,tsort_goal,7.93127,True,7.95652,False,True,,,,,,,,,,,,,,,,,,,,,,,,,,,,
screen1,0,11,trucks-strips/p08,gc,66.0223,True,66.0721,False,True,7,0,21,0.000295783,7,,15,0,97,15,19,7,0,1,169,3,0,14,0,15,0,0,0,0,0,0.000548111,0,0
screen1,0,7,trucks-strips/p08,gc_d2,11.756,True,11.7987,False,True,7,0,31,0.0276023,7,,22,1,27310,19,19,7,0,4,162,7,0,24,1,19,0,0,0,0,0,0.0280985,0,3
screen1,0,7,trucks-strips/p08,gc_d2_p2_layer,33.2545,True,33.3,False,True,18,27,96,1.05991,18,,33,1,631974,19,19,7,0,19,151,7.72222,11,78,1,15,0,0,0,0,0,1.06212,0,9
screen1,0,7,trucks-strips/p08,gc_d3,11.07,True,11.1215,False,True,7,0,31,0.0460519,7,,22,1,43717,19,19,7,0,4,162,13,0,24,1,19,0,0,0,0,0,0.046582,0,3
screen1,0,7,trucks-strips/p08,gc_d3_p2_layer,35.4513,True,35.4965,False,True,18,44,96,3.13127,18,,33,1,1804727,19,19,7,0,19,151,10.2222,11,78,1,15,0,0,0,0,0,3.13338,0,9
screen1,0,7,trucks-strips/p08,gc_layer,18.5009,True,18.5499,False,True,7,0,21,0.000316967,7,,15,0,97,15,19,7,0,1,169,3,0,14,0,15,0,0,0,0,0,0.000803859,0,0
screen1,0,11,trucks-strips/p08,gc_pairs2,70.0042,True,70.0518,False,True,18,0,76,0.0028227,18,,15,0,1684,15,19,7,0,1,169,4.22222,11,58,0,15,0,0,0,0,0,0.00317296,0,0
screen1,0,8,trucks-strips/p08,gc_sub2,22.4518,True,22.5003,False,True,20,0,40,0.00233747,20,,31,0,952,18,19,7,0,1,153,6,0,20,0,31,0,0,13,0,0,0.0027136,0,0
screen1,0,8,trucks-strips/p08,gc_support,43.8616,True,43.9097,False,True,7,0,21,0.000294377,7,,15,0,97,15,19,7,0,1,169,3,0,14,0,15,0,0,0,0,0,0.000616393,0,0
screen1,0,8,trucks-strips/p08,tsort_goal,65.6538,True,65.7022,False,True,,,,,,,,,,,,,,,,,,,,,,,,,,,,
screen1,0,2,visitall-opt11-strips/problem02-full,gc,0.00462013,True,0.00773197,False,True,3,0,4,2.4616e-05,3,,3,0,8,4,4,3,0,1,1,2,0,1,0,3,0,0,0,0,0,5.094e-05,0,0
screen1,0,2,visitall-opt11-strips/problem02-full,gc_d2,0.00397269,True,0.00661941,False,True,3,0,4,2.1804e-05,3,,3,0,8,4,4,3,0,1,1,2,0,1,0,3,0,0,0,0,0,4.6438e-05,0,0
screen1,0,2,visitall-opt11-strips/problem02-full,gc_d2_p2_layer,0.00397191,True,0.00686567,False,True,6,0,11,4.3975e-05,6,,3,1,23,4,4,3,0,2,1,2.5,3,5,1,2,0,0,0,0,0,0.000164188,0,1
screen1,0,2,visitall-opt11-strips/problem02-full,gc_d3,0.00433808,True,0.00643823,False,True,3,0,4,2.1326e-05,3,,3,0,8,4,4,3,0,1,1,2,0,1,0,3,0,0,0,0,0,4.5393e-05,0,0
screen1,0,2,visitall-opt11-strips/problem02-full,gc_d3_p2_layer,0.00396296,True,0.00662916,False,True,6,0,11,4.6995e-05,6,,3,1,23,4,4,3,0,2,1,2.5,3,5,1,2,0,0,0,0,0,0.000166493,0,1
screen1,0,2,visitall-opt11-strips/problem02-full,gc_layer,0.00444947,True,0.00732493,False,True,3,0,4,2.1598e-05,3,,3,0,8,4,4,3,0,1,1,2,0,1,0,3,0,0,0,0,0,4.8961e-05,0,0
screen1,0,2,visitall-opt11-strips/problem02-full,gc_pairs2,0.00418925,True,0.00722127,False,True,6,0,11,4.4111e-05,6,,3,1,23,4,4,3,0,2,1,2.5,3,5,1,2,0,0,0,0,0,0.000178278,0,1
screen1,0,2,visitall-opt11-strips/problem02-full,gc_sub2,0.00440786,True,0.00694018,False,True,3,0,4,2.208e-05,3,,3,0,8,4,4,3,0,1,1,2,0,1,0,3,0,0,0,0,0,4.4248e-05,0,0
screen1,0,2,visitall-opt11-strips/problem02-full,gc_support,0.00498547,True,0.00785485,False,True,3,0,4,2.1224e-05,3,,3,0,8,4,4,3,0,1,1,2,0,1,0,3,0,0,0,0,0,4.627e-05,0,0
screen1,0,1,visitall-opt11-strips/problem02-full,tsort_goal,0.00368533,True,0.0061986,False,True,,,,,,,,,,,,,,,,,,,,,,,,,,,,
screen1,0,3,visitall-opt11-strips/problem03-full,gc,0.00733476,True,0.0105231,False,True,8,0,12,6.1954e-05,8,,8,0,44,9,9,8,0,1,1,2,0,4,0,8,0,0,0,0,0,9.5543e-05,0,0
screen1,0,3,visitall-opt11-strips/problem03-full,gc_d2,0.00707922,True,0.0102751,False,True,8,0,12,5.6383e-05,8,,8,0,44,9,9,8,0,1,1,2,0,4,0,8,0,0,0,0,0,8.8246e-05,0,0
screen1,0,3,visitall-opt11-strips/problem03-full,gc_d2_p2_layer,0.00861454,True,0.0117255,False,True,21,0,57,0.000200523,21,,9,1,267,9,9,8,0,7,0,2.61905,13,36,1,3,0,0,0,0,0,0.000528364,0,6
screen1,0,3,visitall-opt11-strips/problem03-full,gc_d3,0.00692623,True,0.00985185,False,True,8,0,12,5.4706e-05,8,,8,0,44,9,9,8,0,1,1,2,0,4,0,8,0,0,0,0,0,8.9274e-05,0,0
screen1,0,3,visitall-opt11-strips/problem03-full,gc_d3_p2_layer,0.00920132,True,0.0124531,False,True,21,0,57,0.000219077,21,,9,1,267,9,9,8,0,7,0,2.61905,13,36,1,3,0,0,0,0,0,0.000562413,0,6
screen1,0,3,visitall-opt11-strips/problem03-full,gc_layer,0.00647137,True,0.00810935,False,True,8,0,12,5.7398e-05,8,,8,0,44,9,9,8,0,1,1,2,0,4,0,8,0,0,0,0,0,9.8108e-05,0,0
screen1,0,3,visitall-opt11-strips/problem03-full,gc_pairs2,0.0091621,True,0.0124544,False,True,21,0,57,0.000214823,21,,9,1,267,9,9,8,0,7,0,2.61905,13,36,1,3,0,0,0,0,0,0.000564926,0,6
screen1,0,3,visitall-opt11-strips/problem03-full,gc_sub2,0.00676423,True,0.00839117,False,True,8,0,12,5.7489e-05,8,,8,0,44,9,9,8,0,1,1,2,0,4,0,8,0,0,0,0,0,8.7707e-05,0,0
screen1,0,3,visitall-opt11-strips/problem03-full,gc_support,0.00652618,True,0.00969925,False,True,8,0,12,5.7827e-05,8,,8,0,44,9,9,8,0,1,1,2,0,4,0,8,0,0,0,0,0,9.4249e-05,0,0
screen1,0,2,visitall-opt11-strips/problem03-full,tsort_goal,0.00484254,True,0.00781374,False,True,,,,,,,,,,,,,,,,,,,,,,,,,,,,
screen1,0,2,woodworking-opt08-strips/p17,gc,0.0954864,True,1.49658,False,True,30,0,61,0.0243416,30,,34,0,4332,85,93,30,0,1,397,16.0333,0,31,0,34,0,0,0,0,0,0.0365916,0,0
screen1,0,2,woodworking-opt08-strips/p17,gc_d2,11.6889,True,13.0577,False,True,30,115,106,11.6819,30,,34,0,3397829,93,93,30,0,1,397,21.7,0,76,0,34,0,0,0,0,0,11.6857,0,0
screen1,0,1,woodworking-opt08-strips/p17,gc_d2_p2_layer,7.34273,True,8.56479,False,True,20,65,68,7.33941,20,,31,0,2042694,82,93,30,0,1,400,20.7,0,48,0,31,0,48,0,0,0,7.34796,0,0
screen1,0,2,woodworking-opt08-strips/p17,gc_d3,17.8397,True,19.142,False,True,30,166,114,18.0315,30,,34,0,5071176,93,93,30,0,1,397,22.1,0,84,0,34,0,0,0,0,0,18.0367,0,0
screen1,0,1,woodworking-opt08-strips/p17,gc_d3_p2_layer,8.17986,True,9.59001,False,True,14,67,54,8.34372,14,,29,0,2132825,75,93,30,0,1,402,20,0,40,0,29,0,70,0,0,0,8.3512,0,0
screen1,0,1,woodworking-opt08-strips/p17,gc_layer,0.0668627,True,1.40156,False,True,30,0,61,0.012828,30,,34,0,4332,85,93,30,0,1,397,16.0333,0,31,0,34,0,0,0,0,0,0.0198335,0,0
screen1,0,1,woodworking-opt08-strips/p17,gc_pairs2,0.090993,True,1.31041,False,True,71,0,165,0.058132,71,,38,0,27677,85,93,30,0,1,393,18.9296,41,94,0,38,0,0,0,0,0,0.0622948,0,0
screen1,0,2,woodworking-opt08-strips/p17,gc_sub2,0.201765,True,1.5298,False,True,46,0,79,0.0158686,46,,41,0,4513,85,93,30,0,1,390,15.6087,0,33,0,41,0,0,16,0,0,0.0204928,0,0
screen1,0,1,woodworking-opt08-strips/p17,gc_support,0.0653913,True,1.50838,False,True,30,0,61,0.0127111,30,,34,0,4332,85,93,30,0,1,397,16.0333,0,31,0,34,0,0,0,0,0,0.0173031,0,0
screen1,0,2,woodworking-opt08-strips/p17,tsort_goal,0.189911,True,1.64433,False,True,,,,,,,,,,,,,,,,,,,,,,,,,,,,
screen1,0,2,woodworking-opt08-strips/p19,gc,0.135104,True,4.75668,False,True,32,0,57,0.0150619,32,,34,0,2073,111,115,32,0,1,517,18.9062,0,25,0,34,0,0,0,0,0,0.022741,0,0
screen1,0,2,woodworking-opt08-strips/p19,gc_d2,11.1354,True,15.3726,False,True,32,119,112,11.0063,32,,31,0,3505022,115,115,32,0,1,520,24.6562,0,80,0,31,0,0,0,0,0,11.0136,0,0
screen1,0,1,woodworking-opt08-strips/p19,gc_d2_p2_layer,7.7289,True,12.2358,False,True,22,68,73,7.78951,22,,28,0,2012485,98,115,32,0,1,523,23,0,51,0,28,0,48,0,0,0,7.80305,0,0
screen1,0,2,woodworking-opt08-strips/p19,gc_d3,17.2951,True,21.9735,False,True,32,183,120,17.4438,32,,30,0,5268271,115,115,32,0,1,521,24.9375,0,88,0,30,0,0,0,0,0,17.4507,0,0
screen1,0,1,woodworking-opt08-strips/p19,gc_d3_p2_layer,6.97985,True,11.6263,False,True,15,68,52,6.97121,15,,25,0,2020917,85,115,32,0,1,526,21.3333,0,37,0,25,0,72,0,0,0,6.98874,0,0
screen1,0,1,woodworking-opt08-strips/p19,gc_layer,0.0896362,True,4.81005,False,True,32,0,57,0.014216,32,,34,0,2073,111,115,32,0,1,517,18.9062,0,25,0,34,0,0,0,0,0,0.0291097,0,0
screen1,0,2,woodworking-opt08-strips/p19,gc_pairs2,0.410532,True,5.09548,False,True,76,0,166,0.171951,76,,40,0,46393,111,115,32,0,1,511,23.1053,44,90,0,40,0,0,0,0,0,0.180033,0,0
screen1,0,2,woodworking-opt08-strips/p19,gc_sub2,0.22297,True,4.4435,False,True,48,0,80,0.0179704,48,,49,0,2435,111,115,32,0,1,502,16.875,0,32,0,49,0,0,16,0,0,0.024492,0,0
screen1,0,1,woodworking-opt08-strips/p19,gc_support,0.171379,True,4.80231,False,True,32,0,57,0.0176659,32,,34,0,2073,111,115,32,0,1,517,18.9062,0,25,0,34,0,0,0,0,0,0.0263463,0,0
screen1,0,1,woodworking-opt08-strips/p19,tsort_goal,0.133379,True,4.79279,False,True,,,,,,,,,,,,,,,,,,,,,,,,,,,,
screen1,0,2,woodworking-opt08-strips/p20,gc,0.433051,True,8.25157,False,True,42,0,86,0.0481867,42,,49,0,9484,130,138,42,0,1,774,26.2619,0,44,0,49,0,0,0,0,0,0.0669604,0,0
screen1,0,2,woodworking-opt08-strips/p20,gc_d2,22.2251,True,29.0966,False,True,42,185,147,21.6682,42,,45,1,4527058,138,138,42,0,6,778,32.2619,0,105,1,40,0,0,0,0,0,21.6856,0,1
screen1,0,1,woodworking-opt08-strips/p20,gc_d2_p2_layer,10.3715,True,17.5864,False,True,23,78,82,10.3503,23,,36,0,2079354,113,138,42,0,1,787,29.3913,0,59,0,36,0,72,0,0,0,10.3855,0,0
screen1,0,2,woodworking-opt08-strips/p20,gc_d3,25.7966,True,33.2416,False,True,42,261,153,25.2408,42,,45,1,5357042,138,138,42,0,6,778,32.4762,0,111,1,40,0,0,0,0,0,25.2578,0,1
screen1,0,1,woodworking-opt08-strips/p20,gc_d3_p2_layer,10.2172,True,17.3984,False,True,19,100,72,10.0793,19,,34,0,2022966,95,138,42,0,1,789,28.8947,0,53,0,34,0,101,0,0,0,10.1164,0,0
screen1,0,2,woodworking-opt08-strips/p20,gc_layer,0.702329,True,7.41391,False,True,42,0,86,0.0511006,42,,49,0,9484,130,138,42,0,1,774,26.2619,0,44,0,49,0,0,0,0,0,0.085395,0,0
screen1,0,2,woodworking-opt08-strips/p20,gc_pairs2,3.18572,True,10.0818,False,True,100,10,238,2.84676,100,,52,0,549041,130,138,42,0,1,771,30.31,58,138,0,52,0,0,0,0,0,2.87084,0,0
screen1,0,2,woodworking-opt08-strips/p20,gc_sub2,0.594278,True,8.26403,False,True,61,0,105,0.0628269,61,,53,0,9567,130,138,42,0,1,770,25.377,0,44,0,53,0,0,19,0,0,0.0827782,0,0
screen1,0,1,woodworking-opt08-strips/p20,gc_support,0.236418,True,6.5207,False,True,42,0,86,0.0446413,42,,49,0,9484,130,138,42,0,1,774,26.2619,0,44,0,49,0,0,0,0,0,0.0623226,0,0
screen1,0,2,woodworking-opt08-strips/p20,tsort_goal,0.627168,True,7.86984,False,True,,,,,,,,,,,,,,,,,,,,,,,,,,,,
screen1,0,1,woodworking-opt08-strips/p21,gc,0.0056796,True,0.0177893,False,True,9,0,17,0.000198819,9,,7,0,54,18,21,9,0,1,27,5.22222,0,8,0,7,0,0,0,0,0,0.000274913,0,0
screen1,0,1,woodworking-opt08-strips/p21,gc_d2,0.00478737,True,0.0141221,False,True,9,0,31,0.000356515,9,,6,0,322,19,21,9,0,1,28,7.44444,0,22,0,6,0,0,0,0,0,0.00042363,0,0
screen1,0,1,woodworking-opt08-strips/p21,gc_d2_p2_layer,0.0057986,True,0.016864,False,True,19,0,71,0.000938743,19,,6,0,791,19,21,9,0,1,28,7.73684,10,52,0,6,0,0,0,0,0,0.00106149,0,0
screen1,0,1,woodworking-opt08-strips/p21,gc_d3,0.00609436,True,0.0174458,False,True,9,0,33,0.000650561,9,,5,0,523,19,21,9,0,1,29,11.5556,0,24,0,5,0,0,0,0,0,0.0007296,0,0
screen1,0,1,woodworking-opt08-strips/p21,gc_d3_p2_layer,0.00724852,True,0.0175085,False,True,22,0,85,0.00161531,22,,5,0,1394,19,21,9,0,1,29,12.6818,13,63,0,5,0,0,0,0,0,0.00176106,0,0
screen1,0,1,woodworking-opt08-strips/p21,gc_layer,0.00471612,True,0.0147747,False,True,9,0,17,0.000177085,9,,7,0,54,18,21,9,0,1,27,5.22222,0,8,0,7,0,0,0,0,0,0.000287027,0,0
screen1,0,1,woodworking-opt08-strips/p21,gc_pairs2,0.00493899,True,0.0144463,False,True,18,0,35,0.000362805,18,,7,0,115,18,21,9,0,1,27,5.88889,9,17,0,7,0,0,0,0,0,0.000436387,0,0
screen1,0,1,woodworking-opt08-strips/p21,gc_sub2,0.00546463,True,0.0144087,False,True,13,0,21,0.000191727,13,,7,0,64,18,21,9,0,1,27,4.84615,0,8,0,7,0,0,4,0,0,0.000257106,0,0
screen1,0,1,woodworking-opt08-strips/p21,gc_support,0.00555601,True,0.0170668,False,True,9,0,17,0.000187154,9,,7,0,54,18,21,9,0,1,27,5.22222,0,8,0,7,0,0,0,0,0,0.000271799,0,0
screen1,0,1,woodworking-opt08-strips/p21,tsort_goal,0.00534325,True,0.0154945,False,True,,,,,,,,,,,,,,,,,,,,,,,,,,,,
screen1,0,1,woodworking-sat08-strips/p27,gc,0.15401,True,54.1112,False,True,61,0,102,0.0256412,61,,61,1,4161,242,249,61,0,2,944,13.623,0,41,1,60,0,0,0,0,0,0.0661543,0,1
screen1,0,1,woodworking-sat08-strips/p27,gc_d2,8.29223,True,55.13,False,True,61,69,154,8.25856,61,,57,0,2073229,249,249,61,0,1,948,23.4754,0,93,0,57,0,0,0,0,0,8.31231,0,0
screen1,0,1,woodworking-sat08-strips/p27,gc_d2_p2_layer,7.22441,True,54.2453,False,True,55,69,139,7.07946,55,,54,0,2070272,229,249,61,0,1,951,23.5455,0,84,0,54,0,99,0,0,0,7.16239,0,0
screen1,0,1,woodworking-sat08-strips/p27,gc_d3,10.0697,True,57.7364,False,True,61,100,165,10.136,61,,52,0,3119937,249,249,61,0,1,953,32.2787,0,104,0,52,0,0,0,0,0,10.1799,0,0
screen1,0,1,woodworking-sat08-strips/p27,gc_d3_p2_layer,7.70408,True,61.4756,False,True,43,68,112,7.6308,43,,40,0,2056298,179,249,61,0,1,965,28.3953,0,69,0,40,0,108,0,0,0,7.71819,0,0
screen1,0,1,woodworking-sat08-strips/p27,gc_layer,0.204508,True,49.9107,False,True,61,0,102,0.027327,61,,61,1,4161,242,249,61,0,2,944,13.623,0,41,1,60,0,0,0,0,0,0.109941,0,1
screen1,0,1,woodworking-sat08-strips/p27,gc_pairs2,0.426119,True,50.4125,False,True,130,0,253,0.295858,130,,67,1,75183,242,249,61,0,2,938,19.0692,69,123,1,66,0,0,0,0,0,0.337398,0,1
screen1,0,1,woodworking-sat08-strips/p27,gc_sub2,0.148801,True,44.7331,False,True,82,0,131,0.0252066,82,,79,1,4501,242,249,61,0,2,926,12.6098,0,49,1,78,0,0,21,0,0,0.0650063,0,1
screen1,0,1,woodworking-sat08-strips/p27,gc_support,0.279645,True,52.6856,False,True,61,0,102,0.0265607,61,,61,1,4161,242,249,61,0,2,944,13.623,0,41,1,60,0,0,0,0,0,0.0697784,0,1
screen1,0,2,woodworking-sat08-strips/p27,tsort_goal,0.675496,True,32.1263,False,True,,,,,,,,,,,,,,,,,,,,,,,,,,,,
screen2,0,2,airport/p14-airport3-p3,A_d2p2L_b2M_x1,7.66736,True,8.73054,False,True,6,46,146,7.2951,6,,61,0,1554429,24,169,3,0,1,230,15.3333,3,140,0,61,0,0,0,0,0,7.36575,0,0
screen2,0,2,airport/p14-airport3-p3,B_d2p2L_b500k_s20k_x1,2.7179,True,3.74109,False,True,6,45,146,2.25586,6,,61,0,584149,23,169,3,0,1,230,12.6667,3,140,0,61,0,0,0,0,0,2.31046,0,0
screen2,0,2,airport/p14-airport3-p3,C_d1p2L_b500k_x1,3.17501,True,4.24239,False,True,4,21,102,2.84957,4,,60,0,724525,22,169,3,0,1,231,11.5,1,98,0,60,0,0,0,0,0,2.91248,0,0
screen2,0,3,airport/p14-airport3-p3,D_d2L_b500k_x1,3.67773,True,4.76898,False,True,2,16,39,3.05262,2,,39,0,513850,21,169,3,0,1,252,17,0,37,0,39,0,1,0,0,0,3.1141,0,0
screen2,0,2,airport/p14-airport3-p3,E_A_allplans3,8.26371,True,9.30416,False,True,14,46,360,7.88181,6,,63,1,1560551,24,169,3,0,3,228,15.3333,3,346,1,61,0,0,0,0,0,7.93786,0,2
screen2,0,3,airport/p16-airport3-p4,A_d2p2L_b2M_x1,14.6268,True,19.6609,False,True,8,62,205,12.3167,8,,80,0,2067745,28,212,4,0,1,338,14.875,4,197,0,80,0,1,0,0,0,12.4598,0,0
screen2,0,2,airport/p16-airport3-p4,B_d2p2L_b500k_s20k_x1,3.72009,True,7.39736,False,True,5,40,101,3.16038,5,,80,0,577643,27,212,4,0,1,338,14,1,96,0,80,0,4,0,0,0,3.32604,0,0
screen2,0,3,airport/p16-airport3-p4,C_d1p2L_b500k_x1,5.46317,True,10.0162,False,True,3,16,60,3.4115,3,,60,0,528194,22,212,4,0,1,358,11.6667,0,57,0,60,0,4,0,0,0,3.60123,0,0
screen2,0,3,airport/p16-airport3-p4,D_d2L_b500k_x1,6.86248,True,11.1121,False,True,3,22,60,4.9888,3,,60,0,726694,25,212,4,0,1,358,16.3333,0,57,0,60,0,1,0,0,0,5.14008,0,0
screen2,0,3,airport/p16-airport3-p4,E_A_allplans3,15.9955,True,20.4631,False,True,19,62,518,13.8405,8,,83,1,2077118,28,212,4,0,24,335,14.875,4,499,1,60,0,1,0,0,0,14.0284,0,4
screen2,0,3,airport/p20-airport3-p7,A_d2p2L_b2M_x1,26.2577,True,41.7704,False,True,8,68,137,22.4088,8,,116,0,2030190,38,341,7,0,1,541,16.625,1,129,0,116,0,10,0,0,0,22.9663,0,0
screen2,0,4,airport/p20-airport3-p7,B_d2p2L_b500k_s20k_x1,15.3068,True,32.4192,False,True,6,51,96,5.25462,6,,96,0,517309,32,341,7,0,1,561,15,0,90,0,96,0,12,0,0,0,5.8004,0,0
screen2,0,4,airport/p20-airport3-p7,C_d1p2L_b500k_x1,17.2912,True,33.7324,False,True,6,24,96,7.48439,6,,96,0,676466,31,341,7,0,1,561,9.5,0,90,0,96,0,6,0,0,0,7.96207,0,0
screen2,0,6,airport/p20-airport3-p7,D_d2L_b500k_x1,32.7694,True,48.4033,False,True,3,24,35,7.75453,3,,35,0,675238,26,341,7,0,1,622,17.6667,0,32,0,35,0,4,0,0,0,8.35459,0,0
screen2,0,3,airport/p20-airport3-p7,E_A_allplans3,27.8839,True,43.778,False,True,14,68,261,24.302,8,,120,0,2032243,38,341,7,0,1,537,16.625,1,247,0,120,0,10,0,0,0,24.8058,0,0
screen2,0,1,blocks/probBLOCKS-5-2,A_d2p2L_b2M_x1,0.0152592,True,0.019254,False,True,9,0,144,0.0099758,9,,16,0,7695,11,11,4,0,1,34,11,5,135,0,16,0,0,0,0,0,0.0101811,0,0
screen2,0,1,blocks/probBLOCKS-5-2,B_d2p2L_b500k_s20k_x1,0.0146921,True,0.0184852,False,True,9,0,144,0.00943654,9,,16,0,7695,11,11,4,0,1,34,11,5,135,0,16,0,0,0,0,0,0.00963221,0,0
screen2,0,8,blocks/probBLOCKS-5-2,C_d1p2L_b500k_x1,0.949134,True,0.952543,False,True,9,0,52,0.0043984,9,,17,1,3823,10,11,4,0,15,33,7.55556,5,43,1,3,0,0,0,0,0,0.00562093,0,4
screen2,0,1,blocks/probBLOCKS-5-2,D_d2L_b500k_x1,0.0106888,True,0.0145986,False,True,4,0,64,0.00413009,4,,16,0,3420,11,11,4,0,1,34,11,0,60,0,16,0,0,0,0,0,0.00432941,0,0
screen2,0,1,blocks/probBLOCKS-5-2,E_A_allplans3,0.0185113,True,0.0214874,False,True,27,0,432,0.0129652,9,,20,0,7794,11,11,4,0,1,30,11,5,405,0,20,0,0,0,0,0,0.0131795,0,0
screen2,0,1,childsnack-sat14-strips/child-snack_pfile08-2,A_d2p2L_b2M_x1,129.713,True,136.988,False,True,11,66,33,33.6411,11,,15,0,2044047,57,73,13,0,1,3096,30,0,22,0,15,0,25,0,0,0,33.7046,0,0
screen2,0,1,childsnack-sat14-strips/child-snack_pfile08-2,B_d2p2L_b500k_s20k_x1,76.0156,True,82.9038,False,True,7,42,21,7.73975,7,,9,0,500675,31,73,13,0,1,3102,25,0,14,0,9,0,29,0,0,0,7.79887,0,0
screen2,0,1,childsnack-sat14-strips/child-snack_pfile08-2,C_d1p2L_b500k_x1,92.3897,True,100.544,False,True,26,0,117,35.6288,26,,26,0,516036,47,73,13,0,1,3085,21.7692,13,91,0,26,0,7,0,0,0,35.6905,0,0
screen2,0,1,childsnack-sat14-strips/child-snack_pfile08-2,D_d2L_b500k_x1,89.856,True,98.4552,False,True,3,18,9,7.75628,3,,5,0,513369,29,73,13,0,1,3106,27,0,6,0,5,0,10,0,0,0,7.81517,0,0
screen2,0,1,childsnack-sat14-strips/child-snack_pfile08-2,E_A_allplans3,62.8049,True,71.996,False,True,28,60,84,46.3692,10,,17,0,2206756,56,73,13,0,1,3094,29.2,0,56,0,17,0,26,0,0,0,46.4296,0,0
screen2,0,2,depot/pfile13,A_d2p2L_b2M_x1,24.928,True,25.2605,False,True,13,65,77,24.5571,13,,25,1,2028454,34,34,6,0,4,827,14.5385,7,64,1,22,0,2,0,0,0,24.564,0,1
screen2,0,2,depot/pfile13,B_d2p2L_b500k_s20k_x1,5.7603,True,6.09152,False,True,8,40,40,5.26946,8,,23,0,543481,34,34,6,0,1,829,15.25,2,32,0,23,0,7,0,0,0,5.27572,0,0
screen2,0,2,depot/pfile13,C_d1p2L_b500k_x1,6.83428,True,7.19055,False,True,3,15,14,4.77311,3,,14,0,536197,17,34,6,0,1,838,12.3333,0,11,0,14,0,12,0,0,0,4.78457,0,0
screen2,0,2,depot/pfile13,D_d2L_b500k_x1,7.38846,True,7.73102,False,True,3,15,14,5.25463,3,,14,0,528787,17,34,6,0,1,838,12.3333,0,11,0,14,0,3,0,0,0,5.26322,0,0
screen2,0,2,depot/pfile13,E_A_allplans3,26.5086,True,26.8575,False,True,28,60,186,26.0791,12,,30,1,2007884,34,34,6,0,9,822,14.75,6,158,1,22,0,3,0,0,0,26.0864,0,8
screen2,23,,depot/pfile4,A_d2p2L_b2M_x1,,False,,False,,12,60,54,17.2219,12,,24,1,2221817,30,30,6,0,11,456,16.9167,6,42,1,14,0,3,0,0,0,17.226,0,2
screen2,0,7,depot/pfile4,B_d2p2L_b500k_s20k_x1,108.293,True,108.462,False,True,6,30,19,2.50539,6,,18,0,545122,30,30,6,0,1,462,19.6667,0,13,0,18,0,9,0,0,0,2.50915,0,0
screen2,0,8,depot/pfile4,C_d1p2L_b500k_x1,148.434,True,148.616,False,True,7,14,25,2.94706,7,,19,0,653764,28,30,6,0,1,461,20.1429,1,18,0,19,0,8,0,0,0,2.95108,0,0
screen2,0,6,depot/pfile4,D_d2L_b500k_x1,84.0504,True,84.2112,False,True,3,15,10,3.02051,3,,9,0,544944,27,30,6,0,1,471,22.6667,0,7,0,9,0,3,0,0,0,3.02451,0,0
screen2,23,,depot/pfile4,E_A_allplans3,,False,,False,,27,55,121,15.3294,11,,34,2,2023810,30,30,6,0,20,446,17.4545,5,94,2,14,0,4,0,0,0,15.3341,0,4
screen2,0,4,depot/pfile7,A_d2p2L_b2M_x1,18.8866,True,18.9978,False,True,11,54,54,12.8644,11,,19,1,2169579,27,27,5,0,2,341,15.8182,6,43,1,18,0,1,0,0,0,12.8664,0,1
screen2,0,4,depot/pfile7,B_d2p2L_b500k_s20k_x1,7.97314,True,8.08876,False,True,6,28,22,2.29585,6,,18,0,544289,27,27,5,0,1,342,17.8333,1,16,0,18,0,6,0,0,0,2.298,0,0
screen2,0,4,depot/pfile7,C_d1p2L_b500k_x1,8.62632,True,8.73893,False,True,6,14,23,2.62155,6,,17,0,638103,26,27,5,0,1,343,18.1667,1,17,0,17,0,6,0,0,0,2.62349,0,0
screen2,0,4,depot/pfile7,D_d2L_b500k_x1,9.69696,True,9.80748,False,True,3,15,10,2.84231,3,,10,0,605319,25,27,5,0,1,350,20.3333,0,7,0,10,0,2,0,0,0,2.84426,0,0
screen2,0,4,depot/pfile7,E_A_allplans3,20.0312,True,20.1428,False,True,25,54,128,14.2157,11,,21,3,2232288,27,27,5,0,12,339,15.8182,6,103,3,8,0,1,0,0,0,14.22,0,12
screen2,0,4,driverlog/pfile13,A_d2p2L_b2M_x1,2.10512,True,2.14273,False,True,17,21,97,1.10648,17,,23,1,1003654,13,13,8,0,21,175,5.47059,10,70,1,3,0,0,0,0,0,1.11382,0,9
screen2,0,4,driverlog/pfile13,B_d2p2L_b500k_s20k_x1,1.13888,True,1.17552,False,True,17,23,92,0.370878,17,,23,1,469154,13,13,8,0,21,175,5.23529,10,65,1,3,0,0,0,0,0,0.374613,0,8
screen2,0,5,driverlog/pfile13,C_d1p2L_b500k_x1,2.38166,True,2.41886,False,True,15,12,83,0.530156,15,,23,1,376923,13,13,8,0,17,175,4.2,8,59,1,7,0,0,0,0,0,0.532957,0,8
screen2,0,5,driverlog/pfile13,D_d2L_b500k_x1,1.99365,True,2.03113,False,True,7,6,49,0.238491,7,,19,2,262862,13,13,8,0,5,179,6.42857,0,34,2,13,0,0,0,0,0,0.239228,0,6
screen2,0,4,driverlog/pfile13,E_A_allplans3,2.51987,True,2.55597,False,True,47,21,283,1.57237,17,,23,1,1060306,13,13,8,0,22,175,5.47059,10,206,1,2,0,0,0,0,0,1.68861,0,35
screen2,0,4,driverlog/pfile14,A_d2p2L_b2M_x1,4.96545,True,5.0145,False,True,20,45,118,3.10377,20,,31,4,2123579,15,15,9,0,14,176,5.55,12,72,4,11,0,0,0,0,0,3.10553,0,8
screen2,0,3,driverlog/pfile14,B_d2p2L_b500k_s20k_x1,1.18299,True,1.23053,False,True,14,27,82,0.547896,14,,24,3,538068,15,15,9,0,7,183,5.85714,6,48,3,10,0,6,0,0,0,0.548938,0,9
screen2,0,3,driverlog/pfile14,C_d1p2L_b500k_x1,1.70525,True,1.75718,False,True,17,16,106,1.00122,17,,27,1,510640,15,15,9,0,21,180,4.29412,9,66,1,7,0,1,0,0,0,1.00507,0,9
screen2,0,4,driverlog/pfile14,D_d2L_b500k_x1,3.81123,True,3.85919,False,True,7,15,44,0.766713,7,,20,5,588039,14,15,9,0,3,187,6.71429,0,26,5,13,0,1,0,0,0,0.767586,0,7
screen2,0,4,driverlog/pfile14,E_A_allplans3,5.42376,True,5.47376,False,True,58,45,348,3.9877,20,,32,2,2153586,15,15,9,0,23,175,5.55,12,237,2,9,0,0,0,0,0,4.00058,0,27
screen2,0,4,driverlog/pfile15,A_d2p2L_b2M_x1,17.7343,True,17.8861,False,True,17,45,74,3.12977,17,,32,3,2126686,20,20,10,0,7,400,6.41176,8,53,3,21,0,8,0,0,0,3.13201,0,8
screen2,0,4,driverlog/pfile15,B_d2p2L_b500k_s20k_x1,18.907,True,19.0695,False,True,11,27,33,0.648349,11,,22,1,518349,20,20,10,0,6,410,6,2,22,1,17,0,14,0,0,0,0.650081,0,3
screen2,0,4,driverlog/pfile15,C_d1p2L_b500k_x1,14.2038,True,14.3619,False,True,15,18,67,1.23265,15,,30,2,553210,20,20,10,0,10,402,5.33333,6,49,2,20,0,7,0,0,0,1.23467,0,7
screen2,0,4,driverlog/pfile15,D_d2L_b500k_x1,16.7413,True,16.8988,False,True,5,13,23,0.850886,5,,14,2,565568,16,20,10,0,5,418,7.8,0,16,2,9,0,4,0,0,0,0.852833,0,3
screen2,0,4,driverlog/pfile15,E_A_allplans3,18.2224,True,18.3815,False,True,46,42,206,4.12568,16,,39,3,2085973,20,20,10,0,13,393,6.5,7,152,3,20,0,9,0,0,0,4.1316,0,28
screen2,0,2,driverlog/pfile3,A_d2p2L_b2M_x1,0.00743651,True,0.011986,False,True,6,0,38,0.00202044,6,,8,1,3102,9,9,6,0,4,22,10.5,3,32,1,5,0,0,0,0,0,0.00234278,0,8
screen2,0,2,driverlog/pfile3,B_d2p2L_b500k_s20k_x1,0.00679709,True,0.0117304,False,True,6,0,38,0.00171952,6,,8,1,3102,9,9,6,0,4,22,10.5,3,32,1,5,0,0,0,0,0,0.00204928,0,8
screen2,0,2,driverlog/pfile3,C_d1p2L_b500k_x1,0.0078755,True,0.0139837,False,True,6,0,32,0.000520209,6,,12,2,625,9,9,6,0,6,18,5.66667,3,26,2,5,0,0,0,0,0,0.000893701,0,8
screen2,0,2,driverlog/pfile3,D_d2L_b500k_x1,0.00589403,True,0.0113219,False,True,3,0,15,0.000246887,3,,8,1,358,9,9,6,0,4,22,9.66667,0,12,1,5,0,0,0,0,0,0.000453127,0,3
screen2,0,2,driverlog/pfile3,E_A_allplans3,0.00998637,True,0.0145927,False,True,14,0,94,0.00384064,6,,16,4,3593,9,9,6,0,6,14,10.5,3,80,4,6,0,0,0,0,0,0.00461532,0,23
screen2,0,1,elevators-opt08-strips/p14,A_d2p2L_b2M_x1,0.126061,True,0.143531,False,True,9,0,126,0.119147,9,,14,0,86445,8,8,4,0,1,18,8,5,117,0,14,0,0,0,0,0,0.119329,0,0
screen2,0,1,elevators-opt08-strips/p14,B_d2p2L_b500k_s20k_x1,0.124358,True,0.141385,False,True,9,0,126,0.132335,9,,14,0,86445,8,8,4,0,1,18,8,5,117,0,14,0,0,0,0,0,0.132504,0,0
screen2,0,1,elevators-opt08-strips/p14,C_d1p2L_b500k_x1,0.0174616,True,0.0341156,False,True,9,0,50,0.0117813,9,,14,0,13805,8,8,4,0,1,18,5.55556,5,41,0,14,0,0,0,0,0,0.0119513,0,0
screen2,0,1,elevators-opt08-strips/p14,D_d2L_b500k_x1,0.0638499,True,0.0820033,False,True,4,0,56,0.0584565,4,,14,0,38420,8,8,4,0,1,18,8,0,52,0,14,0,0,0,0,0,0.0586779,0,0
screen2,0,1,elevators-opt08-strips/p14,E_A_allplans3,0.210649,True,0.22757,False,True,27,0,378,0.205249,9,,14,1,88101,8,8,4,0,3,18,8,5,351,1,12,0,0,0,0,0,0.206045,0,18
screen2,0,1,elevators-sat08-strips/p09,A_d2p2L_b2M_x1,5.10846,True,5.18268,False,True,16,64,128,5.11675,16,,28,0,2111978,16,16,12,0,1,68,6.9375,4,112,0,28,0,17,0,0,0,5.11728,0,0
screen2,0,1,elevators-sat08-strips/p09,B_d2p2L_b500k_s20k_x1,1.09932,True,1.16837,False,True,8,32,50,1.09366,8,,20,0,504580,12,16,12,0,1,76,6,0,42,0,20,0,25,0,0,0,1.09414,0,0
screen2,0,1,elevators-sat08-strips/p09,C_d1p2L_b500k_x1,0.121615,True,0.205434,False,True,33,0,138,0.111574,33,,28,0,38463,16,16,12,0,1,68,5.63636,21,105,0,28,0,0,0,0,0,0.112084,0,0
screen2,0,2,elevators-sat08-strips/p09,D_d2L_b500k_x1,1.42797,True,1.50658,False,True,4,16,32,1.40026,4,,10,0,531466,8,16,12,0,1,86,7,0,28,0,10,0,8,0,0,0,1.40077,0,0
screen2,0,1,elevators-sat08-strips/p09,E_A_allplans3,6.34558,True,6.42117,False,True,48,64,384,6.38869,16,,30,1,2121090,16,16,12,0,3,66,6.9375,4,336,1,28,0,17,0,0,0,6.3894,0,2
screen2,0,1,elevators-sat08-strips/p15,A_d2p2L_b2M_x1,6.87466,True,7.12834,False,True,13,52,98,6.91123,13,,42,0,2060625,17,20,16,0,1,86,6.07692,0,85,0,42,0,32,0,0,0,6.91213,0,0
screen2,0,3,elevators-sat08-strips/p15,B_d2p2L_b500k_s20k_x1,1.47462,True,1.76771,False,True,8,32,56,1.39076,8,,24,0,517859,12,20,16,0,1,104,6,0,48,0,24,0,37,0,0,0,1.39158,0,0
screen2,0,1,elevators-sat08-strips/p15,C_d1p2L_b500k_x1,0.649373,True,0.928467,False,True,45,0,248,0.638011,45,,48,0,132021,20,20,16,0,1,80,5.64444,29,203,0,48,0,0,0,0,0,0.638817,0,0
screen2,0,4,elevators-sat08-strips/p15,D_d2L_b500k_x1,2.85258,True,3.13948,False,True,4,16,28,1.98241,4,,12,0,620325,8,20,16,0,1,116,6,0,24,0,12,0,12,0,0,0,1.98311,0,0
screen2,0,2,elevators-sat08-strips/p15,E_A_allplans3,7.89309,True,8.18443,False,True,39,52,294,7.62652,13,,42,1,2061696,17,20,16,0,13,86,6.07692,0,255,1,30,0,32,0,0,0,7.92103,0,26
screen2,0,3,elevators-sat08-strips/p30,A_d2p2L_b2M_x1,26.74,True,37.1725,False,True,18,108,122,24.5275,18,,56,0,2034772,23,44,39,0,1,334,6.94444,0,104,0,56,0,96,0,0,0,24.5365,0,0
screen2,0,3,elevators-sat08-strips/p30,B_d2p2L_b500k_s20k_x1,8.80825,True,19.5202,False,True,11,66,72,5.78828,11,,30,0,536274,16,44,39,0,1,360,7,0,61,0,30,0,103,0,0,0,5.79679,0,0
screen2,0,1,elevators-sat08-strips/p30,C_d1p2L_b500k_x1,7.17088,True,17.9499,False,True,87,3,422,7.17254,87,,126,0,504091,44,44,39,0,1,264,6.54023,48,335,0,126,0,27,0,0,0,7.18114,0,0
screen2,0,4,elevators-sat08-strips/p30,D_d2L_b500k_x1,16.7121,True,28.4165,False,True,5,30,30,5.39323,5,,12,0,528312,10,44,39,0,1,378,7,0,25,0,12,0,34,0,0,0,5.402,0,0
screen2,0,3,elevators-sat08-strips/p30,E_A_allplans3,32.0554,True,42.8818,False,True,54,108,366,28.3332,18,,72,1,2042875,23,44,39,0,24,318,6.94444,0,312,1,49,0,96,0,0,0,28.5571,0,25
screen2,0,2,elevators-sat11-strips/p12,A_d2p2L_b2M_x1,31.1534,True,51.6966,False,True,19,109,90,29.8981,19,,62,0,2082418,27,51,43,0,1,626,9.73684,0,71,0,62,0,107,0,0,0,29.9297,0,0
screen2,0,3,elevators-sat11-strips/p12,B_d2p2L_b500k_s20k_x1,13.8773,True,34.7484,False,True,12,66,52,7.33284,12,,40,0,528690,20,51,43,0,1,648,9.5,0,40,0,40,0,114,0,0,0,7.36259,0,0
screen2,0,1,elevators-sat11-strips/p12,C_d1p2L_b500k_x1,8.89229,True,30.401,False,True,51,8,206,8.82676,51,,164,0,501997,51,51,43,0,1,524,9.11765,8,155,0,164,0,75,0,0,0,8.85532,0,0
screen2,0,3,elevators-sat11-strips/p12,D_d2L_b500k_x1,12.276,True,34.4252,False,True,5,29,22,7.59414,5,,14,0,549771,13,51,43,0,1,674,9.8,0,17,0,14,0,38,0,0,0,7.62095,0,0
screen2,0,2,elevators-sat11-strips/p12,E_A_allplans3,37.6006,True,59.4276,False,True,57,109,270,34.5346,19,,70,1,2083824,27,51,43,0,3,618,9.73684,0,213,1,68,0,107,0,0,0,34.564,0,2
screen2,0,2,elevators-sat11-strips/p14,A_d2p2L_b2M_x1,41.6608,True,69.9528,False,True,20,120,66,38.9934,20,,66,0,2043073,28,57,49,0,1,718,9,0,46,0,66,0,124,0,0,0,39.0348,0,0
screen2,0,2,elevators-sat11-strips/p14,B_d2p2L_b500k_s20k_x1,13.6439,True,45.649,False,True,12,72,36,8.77843,12,,36,0,502734,20,57,49,0,1,748,9,0,24,0,36,0,132,0,0,0,8.82126,0,0
screen2,0,1,elevators-sat11-strips/p14,C_d1p2L_b500k_x1,11.8961,True,42.0723,False,True,53,9,202,11.7863,53,,170,0,531204,57,57,49,0,1,614,8.88679,4,149,0,170,0,91,0,0,0,11.8259,0,0
screen2,0,3,elevators-sat11-strips/p14,D_d2L_b500k_x1,22.7305,True,54.3551,False,True,5,30,16,10.0586,5,,16,0,516148,13,57,49,0,1,768,9,0,11,0,16,0,44,0,0,0,10.0969,0,0
screen2,0,2,elevators-sat11-strips/p14,E_A_allplans3,48.4622,True,79.382,False,True,42,120,146,43.8308,20,,98,0,2043471,28,57,49,0,1,686,9,0,104,0,98,0,124,0,0,0,43.8714,0,0
screen2,0,3,elevators-sat11-strips/p17,A_d2p2L_b2M_x1,49.9607,True,81.3182,False,True,15,90,76,43.1903,15,,50,0,2054216,23,53,45,0,1,670,9.46667,0,61,0,50,0,117,0,0,0,43.2242,0,0
screen2,0,3,elevators-sat11-strips/p17,B_d2p2L_b500k_s20k_x1,18.6698,True,54.9627,False,True,9,54,40,10.2547,9,,32,0,546328,17,53,45,0,1,688,9.22222,0,31,0,32,0,123,0,0,0,10.2872,0,0
screen2,0,1,elevators-sat11-strips/p17,C_d1p2L_b500k_x1,14.0212,True,47.3525,False,True,49,11,204,14.0471,49,,176,0,569068,53,53,45,0,1,544,8.95918,4,155,0,176,0,83,0,0,0,14.0798,0,0
screen2,0,4,elevators-sat11-strips/p17,D_d2L_b500k_x1,46.5315,True,79.9672,False,True,4,24,20,11.3553,4,,14,0,565501,12,53,45,0,1,706,9.5,0,16,0,14,0,41,0,0,0,11.3866,0,0
screen2,0,3,elevators-sat11-strips/p17,E_A_allplans3,52.9733,True,85.6711,False,True,37,90,196,46.2674,15,,56,2,2054736,23,53,45,0,6,664,9.46667,0,159,2,47,0,117,0,0,0,46.2997,0,14
screen2,0,1,ferry/p-10locs-5cars,A_d2p2L_b2M_x1,0.00486548,True,0.0101339,False,True,12,0,120,0.000774513,12,,10,0,1344,6,6,5,0,1,0,6,7,108,0,10,0,0,0,0,0,0.000839985,0,0
screen2,0,1,ferry/p-10locs-5cars,B_d2p2L_b500k_s20k_x1,0.00473677,True,0.00999084,False,True,12,0,120,0.000717157,12,,10,0,1344,6,6,5,0,1,0,6,7,108,0,10,0,0,0,0,0,0.000766583,0,0
screen2,0,1,ferry/p-10locs-5cars,C_d1p2L_b500k_x1,0.00407617,True,0.00944213,False,True,12,0,38,0.000137819,12,,10,0,134,6,6,5,0,1,0,2.58333,7,26,0,10,0,0,0,0,0,0.000192191,0,0
screen2,0,1,ferry/p-10locs-5cars,D_d2L_b500k_x1,0.00435151,True,0.0102936,False,True,5,0,50,0.000333521,5,,10,0,560,6,6,5,0,1,0,6,0,45,0,10,0,0,0,0,0,0.000378397,0,0
screen2,0,1,ferry/p-10locs-5cars,E_A_allplans3,0.00767193,True,0.013303,False,True,36,0,360,0.0012563,12,,10,1,1344,6,6,5,0,6,0,6,7,324,1,5,0,0,0,0,0,0.0041087,0,24
screen2,0,1,ferry/p-10locs-7cars,A_d2p2L_b2M_x1,0.00887524,True,0.0158554,False,True,18,0,180,0.00470623,18,,10,0,9090,8,8,7,0,1,4,8,11,162,0,10,0,0,0,0,0,0.00482771,0,0
screen2,0,1,ferry/p-10locs-7cars,B_d2p2L_b500k_s20k_x1,0.00853594,True,0.0152436,False,True,18,0,180,0.00477232,18,,10,0,9090,8,8,7,0,1,4,8,11,162,0,10,0,0,0,0,0,0.00485856,0,0
screen2,0,1,ferry/p-10locs-7cars,C_d1p2L_b500k_x1,0.00417518,True,0.012427,False,True,16,0,46,0.000237669,16,,10,0,156,8,8,7,0,1,4,2.9375,11,30,0,10,0,0,0,0,0,0.00029761,0,0
screen2,0,1,ferry/p-10locs-7cars,D_d2L_b500k_x1,0.00603401,True,0.0130643,False,True,7,0,70,0.00188804,7,,10,0,3535,8,8,7,0,1,4,8,0,63,0,10,0,0,0,0,0,0.00198142,0,0
screen2,0,1,ferry/p-10locs-7cars,E_A_allplans3,0.0174128,True,0.0233406,False,True,54,0,540,0.00835374,18,,10,1,9342,8,8,7,0,6,4,8,11,486,1,5,0,0,0,0,0,0.0141826,0,36
screen2,0,4,floortile-sat11-strips/seq-p02-004,A_d2p2L_b2M_x1,4.82277,True,4.85729,False,True,12,51,134,1.82509,12,,71,1,2039560,20,20,15,0,48,73,7.41667,0,122,1,24,0,30,0,0,0,1.94041,0,7
screen2,0,5,floortile-sat11-strips/seq-p02-004,B_d2p2L_b500k_s20k_x1,5.68604,True,5.71779,False,True,8,34,78,0.389002,8,,39,1,564165,19,20,15,0,25,105,6.625,0,70,1,15,0,34,0,0,0,0.393958,0,4
screen2,0,2,floortile-sat11-strips/seq-p02-004,C_d1p2L_b500k_x1,1.94874,True,1.98152,False,True,21,15,210,0.604795,21,,63,1,560190,20,20,15,0,60,81,6.42857,6,189,1,4,0,12,0,0,0,1.703,0,13
screen2,0,7,floortile-sat11-strips/seq-p02-004,D_d2L_b500k_x1,13.6224,True,13.6576,False,True,3,12,39,0.534666,3,,29,0,542235,10,20,15,0,1,115,7,0,36,0,29,0,12,0,0,0,0.535326,0,0
screen2,0,3,floortile-sat11-strips/seq-p02-004,E_A_allplans3,5.47832,True,5.51332,False,True,32,51,354,2.66674,12,,82,1,2079043,20,20,15,0,76,62,7.41667,0,322,0,7,0,30,0,0,0,3.72647,0,37
screen2,0,5,floortile-sat14-strips/p02-5-4-2,A_d2p2L_b2M_x1,12.3768,True,12.4504,False,True,9,45,104,2.12334,9,,67,1,2170054,26,26,20,0,24,133,7.44444,0,95,1,44,0,48,0,0,0,2.12689,0,4
screen2,0,8,floortile-sat14-strips/p02-5-4-2,B_d2p2L_b500k_s20k_x1,63.4626,True,63.5321,False,True,6,26,58,0.391421,6,,42,1,506089,23,26,20,0,11,158,6.66667,0,52,1,32,0,51,0,0,0,0.393158,0,2
screen2,0,5,floortile-sat14-strips/p02-5-4-2,C_d1p2L_b500k_x1,14.4279,True,14.5024,False,True,22,12,215,0.63249,22,,92,2,555671,26,26,20,0,82,108,6.27273,2,193,2,8,0,22,0,0,0,1.45749,0,11
screen2,0,9,floortile-sat14-strips/p02-5-4-2,D_d2L_b500k_x1,92.3365,True,92.413,False,True,3,15,34,0.638006,3,,30,1,713044,17,26,20,0,4,170,7.66667,0,31,1,27,0,17,0,0,0,0.639515,0,1
screen2,0,4,floortile-sat14-strips/p02-5-4-2,E_A_allplans3,7.86306,True,7.92991,False,True,23,45,264,2.70672,9,,77,1,2202025,26,26,20,0,34,123,7.44444,0,241,1,44,0,48,0,0,0,2.77977,0,16
screen2,0,9,floortile-sat14-strips/p03-6-4-2,A_d2p2L_b2M_x1,137.51,True,137.609,False,True,8,40,93,2.172,8,,53,1,2209023,26,30,24,0,24,183,7.5,0,85,1,30,0,61,0,0,0,2.17753,0,5
screen2,23,,floortile-sat14-strips/p03-6-4-2,B_d2p2L_b500k_s20k_x1,,False,,False,,7,35,69,0.533848,7,,47,1,543995,23,30,24,0,17,189,6.57143,0,62,1,31,0,62,0,0,0,0.537245,0,3
screen2,0,5,floortile-sat14-strips/p03-6-4-2,C_d1p2L_b500k_x1,22.9216,True,23.0307,False,True,24,15,219,0.529038,24,,87,1,538873,30,30,24,0,83,149,6.125,0,195,0,5,0,28,0,0,0,1.79572,0,14
screen2,23,,floortile-sat14-strips/p03-6-4-2,D_d2L_b500k_x1,,False,,False,,2,10,25,0.556112,2,,23,1,565674,10,30,24,0,4,213,7,0,23,1,20,0,22,0,0,0,0.558286,0,1
screen2,23,,floortile-sat14-strips/p03-6-4-2,E_A_allplans3,,False,,False,,20,40,231,3.00606,8,,56,1,2234134,26,30,24,0,40,180,7.5,0,211,1,17,0,61,0,0,0,3.1634,0,15
screen2,0,4,floortile-sat14-strips/p04-5-4-2,A_d2p2L_b2M_x1,5.76488,True,5.84312,False,True,9,45,104,2.28509,9,,58,1,2147697,26,26,20,0,32,142,7.44444,0,95,1,27,0,48,0,0,0,2.36578,0,7
screen2,0,8,floortile-sat14-strips/p04-5-4-2,B_d2p2L_b500k_s20k_x1,68.7141,True,68.7845,False,True,6,27,59,0.424365,6,,42,1,519817,23,26,20,0,14,158,6.83333,0,53,1,29,0,51,0,0,0,0.426364,0,2
screen2,0,4,floortile-sat14-strips/p04-5-4-2,C_d1p2L_b500k_x1,29.4696,True,29.5432,False,True,22,9,219,0.526433,22,,90,1,525798,26,26,20,0,80,110,6.31818,2,197,0,11,0,22,0,0,0,25.0423,0,15
screen2,0,9,floortile-sat14-strips/p04-5-4-2,D_d2L_b500k_x1,117.339,True,117.409,False,True,3,15,34,0.633819,3,,32,1,705058,17,26,20,0,4,168,7.66667,0,31,1,29,0,17,0,0,0,0.636735,0,1
screen2,0,5,floortile-sat14-strips/p04-5-4-2,E_A_allplans3,13.1699,True,13.2391,False,True,23,45,264,2.43335,9,,61,2,2191843,26,26,20,0,35,139,7.44444,0,241,2,25,0,48,0,0,0,3.1698,0,22
screen2,0,1,freecell/probfreecell-4-1,A_d2p2L_b2M_x1,6.52682,True,7.01973,False,True,9,53,37,5.61296,9,,14,0,1460913,25,38,4,0,1,232,11.1111,5,28,0,14,0,0,0,0,0,5.61596,0,0
screen2,0,1,freecell/probfreecell-4-1,B_d2p2L_b500k_s20k_x1,2.75497,True,3.2387,False,True,8,47,31,1.66968,8,,13,0,526111,24,38,4,0,1,233,10.75,4,23,0,13,0,1,0,0,0,1.67232,0,0
screen2,0,1,freecell/probfreecell-4-1,C_d1p2L_b500k_x1,4.03837,True,4.54903,False,True,7,19,27,2.82953,7,,13,0,665471,25,38,4,0,1,233,9.42857,3,20,0,13,0,2,0,0,0,2.8324,0,0
screen2,0,1,freecell/probfreecell-4-1,D_d2L_b500k_x1,3.33342,True,3.85941,False,True,4,24,14,2.12783,4,,11,0,619451,25,38,4,0,1,235,13.75,0,10,0,11,0,0,0,0,0,2.13055,0,0
screen2,0,1,freecell/probfreecell-4-1,E_A_allplans3,8.62342,True,9.15655,False,True,27,53,111,7.60416,9,,19,1,1660373,25,38,4,0,12,227,11.1111,5,84,1,8,0,0,0,0,0,7.60765,0,7
screen2,0,1,freecell/probfreecell-4-3,A_d2p2L_b2M_x1,6.31098,True,6.78438,False,True,9,50,41,5.45753,9,,15,0,1682710,24,38,4,0,1,223,11.4444,5,32,0,15,0,0,0,0,0,5.45984,0,0
screen2,0,1,freecell/probfreecell-4-3,B_d2p2L_b500k_s20k_x1,2.56907,True,3.04372,False,True,7,38,30,1.3928,7,,14,0,509194,23,38,4,0,1,224,10.4286,3,23,0,14,0,2,0,0,0,1.39523,0,0
screen2,0,1,freecell/probfreecell-4-3,C_d1p2L_b500k_x1,2.59036,True,3.11095,False,True,6,12,25,1.64067,6,,12,0,518047,24,38,4,0,1,226,12.5,2,19,0,12,0,3,0,0,0,1.64322,0,0
screen2,0,1,freecell/probfreecell-4-3,D_d2L_b500k_x1,2.54472,True,3.0276,False,True,4,23,16,1.66922,4,,12,0,619351,24,38,4,0,1,226,13,0,12,0,12,0,0,0,0,0,1.67153,0,0
screen2,0,1,freecell/probfreecell-4-3,E_A_allplans3,8.07933,True,8.6188,False,True,27,50,123,7.43861,9,,19,1,1850659,24,38,4,0,12,219,11.4444,5,96,1,8,0,0,0,0,0,7.44279,0,8
screen2,0,2,freecell/probfreecell-7-2,A_d2p2L_b2M_x1,41.6652,True,43.7326,False,True,9,54,53,12.6164,9,,20,1,1488917,24,62,4,0,6,473,8.88889,5,44,1,15,0,0,0,0,0,12.6305,0,1
screen2,0,2,freecell/probfreecell-7-2,B_d2p2L_b500k_s20k_x1,26.249,True,28.3324,False,True,8,48,46,4.14111,8,,18,1,552450,20,62,4,0,5,475,8.125,4,38,1,14,0,1,0,0,0,4.15467,0,1
screen2,0,2,freecell/probfreecell-7-2,C_d1p2L_b500k_x1,47.9193,True,50.3865,False,True,4,13,21,4.18702,4,,16,0,515524,24,62,4,0,1,477,11.25,0,17,0,16,0,5,0,0,0,4.20168,0,0
screen2,0,2,freecell/probfreecell-7-2,D_d2L_b500k_x1,45.778,True,48.1293,False,True,4,24,21,5.37978,4,,16,0,704296,24,62,4,0,1,477,11.25,0,17,0,16,0,0,0,0,0,5.39438,0,0
screen2,0,2,freecell/probfreecell-7-2,E_A_allplans3,53.1082,True,55.5495,False,True,27,54,159,17.149,9,,27,1,1597715,24,62,4,0,17,466,8.88889,5,132,1,11,0,0,0,0,0,17.1699,0,6
screen2,0,2,grid/prob01,A_d2p2L_b2M_x1,87.4104,True,87.5264,False,True,1,4,4,1.28808,1,,4,0,117009,16,19,1,0,1,2262,16,0,3,0,4,0,0,0,0,0,1.30268,0,0
screen2,0,2,grid/prob01,B_d2p2L_b500k_s20k_x1,89.3969,True,89.5131,False,True,1,4,4,0.481869,1,,4,0,57009,16,19,1,0,1,2262,16,0,3,0,4,0,0,0,0,0,0.501797,0,0
screen2,0,2,grid/prob01,C_d1p2L_b500k_x1,90.7311,True,90.8543,False,True,1,0,4,0.0473767,1,,4,0,5999,11,19,1,0,1,2262,11,0,3,0,4,0,0,0,0,0,0.0685058,0,0
screen2,0,2,grid/prob01,D_d2L_b500k_x1,92.9982,True,93.1213,False,True,1,4,4,1.34919,1,,4,0,117009,16,19,1,0,1,2262,16,0,3,0,4,0,0,0,0,0,1.36767,0,0
screen2,0,2,grid/prob01,E_A_allplans3,90.1281,True,90.2356,False,True,1,4,4,1.19156,1,,4,0,117119,16,19,1,0,1,2262,16,0,3,0,4,0,0,0,0,0,1.20921,0,0
screen2,0,1,gripper/prob01,A_d2p2L_b2M_x1,0.00519809,True,0.00802873,False,True,9,0,72,0.00100053,9,,8,0,1152,6,6,4,0,1,8,6,5,63,0,8,0,0,0,0,0,0.00106997,0,0
screen2,0,1,gripper/prob01,B_d2p2L_b500k_s20k_x1,0.00555046,True,0.00930544,False,True,9,0,72,0.000888042,9,,8,0,1152,6,6,4,0,1,8,6,5,63,0,8,0,0,0,0,0,0.000976296,0,0
screen2,0,1,gripper/prob01,C_d1p2L_b500k_x1,0.00454134,True,0.00768281,False,True,9,0,28,0.00025977,9,,8,0,306,6,6,4,0,1,8,3.55556,5,19,0,8,0,0,0,0,0,0.000308875,0,0
screen2,0,1,gripper/prob01,D_d2L_b500k_x1,0.0045067,True,0.00650062,False,True,4,0,32,0.000379637,4,,8,0,512,6,6,4,0,1,8,6,0,28,0,8,0,0,0,0,0,0.000426631,0,0
screen2,0,1,gripper/prob01,E_A_allplans3,0.00578298,True,0.00891338,False,True,27,0,216,0.00163869,9,,10,1,1152,6,6,4,0,2,6,6,5,189,1,9,0,0,0,0,0,0.00196044,0,9
screen2,0,1,gripper/prob03,A_d2p2L_b2M_x1,0.129594,True,0.135557,False,True,21,0,336,0.126335,21,,16,0,123648,10,10,8,0,1,16,10,13,315,0,16,0,0,0,0,0,0.126481,0,0
screen2,0,1,gripper/prob03,B_d2p2L_b500k_s20k_x1,0.129625,True,0.135187,False,True,21,0,336,0.124724,21,,16,0,123648,10,10,8,0,1,16,10,13,315,0,16,0,0,0,0,0,0.124878,0,0
screen2,0,1,gripper/prob03,C_d1p2L_b500k_x1,0.00701819,True,0.0126261,False,True,21,0,68,0.00147306,21,,16,0,2468,10,10,8,0,1,16,3.61905,13,47,0,16,0,0,0,0,0,0.00156398,0,0
screen2,0,1,gripper/prob03,D_d2L_b500k_x1,0.0496417,True,0.0551344,False,True,8,0,128,0.0449375,8,,16,0,47104,10,10,8,0,1,16,10,0,120,0,16,0,0,0,0,0,0.0450808,0,0
screen2,0,1,gripper/prob03,E_A_allplans3,0.18982,True,0.195658,False,True,63,0,1008,0.185699,21,,18,1,123648,10,10,8,0,2,14,10,13,945,1,17,0,0,0,0,0,0.186311,0,21
screen2,0,1,mprime/prob04,A_d2p2L_b2M_x1,0.31088,True,0.337297,False,True,1,5,8,0.286174,1,,8,0,125556,13,19,1,0,1,231,13,0,7,0,8,0,0,0,0,0,0.287466,0,0
screen2,0,1,mprime/prob04,B_d2p2L_b500k_s20k_x1,0.230621,True,0.277536,False,True,1,5,7,0.199452,1,,7,0,65532,12,19,1,0,1,232,12,0,6,0,7,0,0,0,0,0,0.201106,0,0
screen2,0,1,mprime/prob04,C_d1p2L_b500k_x1,0.0291907,True,0.0778741,False,True,1,0,7,0.000317427,1,,7,0,29,3,19,1,0,1,232,3,0,6,0,7,0,0,0,0,0,0.00168911,0,0
screen2,0,1,mprime/prob04,D_d2L_b500k_x1,0.486429,True,0.535887,False,True,1,5,8,0.444593,1,,8,0,125556,13,19,1,0,1,231,13,0,7,0,8,0,0,0,0,0,0.446047,0,0
screen2,0,1,mprime/prob04,E_A_allplans3,0.572857,True,0.621129,False,True,3,5,24,0.534828,1,,10,0,128128,13,19,1,0,1,229,13,0,21,0,10,0,0,0,0,0,0.536294,0,0
screen2,0,1,mprime/prob11,A_d2p2L_b2M_x1,1.21116,True,1.25628,False,True,3,12,21,1.19676,3,,7,0,457514,14,18,2,0,1,185,14,1,18,0,7,0,0,0,0,0,1.19773,0,0
screen2,0,1,mprime/prob11,B_d2p2L_b500k_s20k_x1,0.616576,True,0.663873,False,True,3,12,21,0.601819,3,,7,0,225812,13,18,2,0,1,185,13,1,18,0,7,0,0,0,0,0,0.602779,0,0
screen2,0,1,mprime/prob11,C_d1p2L_b500k_x1,0.0227579,True,0.0701011,False,True,3,0,17,0.000876774,3,,9,0,587,4,18,2,0,1,183,3.33333,1,14,0,9,0,0,0,0,0,0.00230769,0,0
screen2,0,1,mprime/prob11,D_d2L_b500k_x1,0.820869,True,0.863796,False,True,2,8,14,0.805357,2,,7,0,303684,14,18,2,0,1,185,14,0,12,0,7,0,0,0,0,0,0.806346,0,0
screen2,0,1,mprime/prob11,E_A_allplans3,1.59254,True,1.64427,False,True,6,12,42,1.57608,3,,7,1,458370,14,18,2,0,2,185,14,1,36,1,6,0,0,0,0,0,1.57739,0,3
screen2,0,1,mprime/prob25,A_d2p2L_b2M_x1,0.00827489,True,0.0173916,False,True,1,0,4,0.00102979,1,,4,0,1499,10,10,1,0,1,46,10,0,3,0,4,0,0,0,0,0,0.00117749,0,0
screen2,0,1,mprime/prob25,B_d2p2L_b500k_s20k_x1,0.00812692,True,0.0168911,False,True,1,0,4,0.000989561,1,,4,0,1499,10,10,1,0,1,46,10,0,3,0,4,0,0,0,0,0,0.00110143,0,0
screen2,0,1,mprime/prob25,C_d1p2L_b500k_x1,0.00714706,True,0.0160318,False,True,1,0,4,0.000142612,1,,4,0,143,5,10,1,0,1,46,5,0,3,0,4,0,0,0,0,0,0.000255264,0,0
screen2,0,1,mprime/prob25,D_d2L_b500k_x1,0.00719622,True,0.014848,False,True,1,0,4,0.000852722,1,,4,0,1499,10,10,1,0,1,46,10,0,3,0,4,0,0,0,0,0,0.000963119,0,0
screen2,0,1,mprime/prob25,E_A_allplans3,0.00857165,True,0.0172005,False,True,2,0,8,0.00173123,1,,8,0,1724,10,10,1,0,1,42,10,0,6,0,8,0,0,0,0,0,0.00190277,0,0
screen2,0,1,mprime/prob26,A_d2p2L_b2M_x1,1.50542,True,1.79087,False,True,1,5,5,0.19239,1,,5,0,177044,10,26,1,0,1,662,10,0,4,0,5,0,0,0,0,0,0.198034,0,0
screen2,0,1,mprime/prob26,B_d2p2L_b500k_s20k_x1,1.49193,True,1.76839,False,True,1,5,5,0.0649571,1,,5,0,77999,8,26,1,0,1,662,8,0,4,0,5,0,0,0,0,0,0.0701454,0,0
screen2,0,1,mprime/prob26,C_d1p2L_b500k_x1,1.86559,True,2.23598,False,True,1,4,5,0.197958,1,,5,0,137548,10,26,1,0,1,662,10,0,4,0,5,0,0,0,0,0,0.205095,0,0
screen2,0,1,mprime/prob26,D_d2L_b500k_x1,1.61328,True,1.90855,False,True,1,5,5,0.220856,1,,5,0,177044,10,26,1,0,1,662,10,0,4,0,5,0,0,0,0,0,0.225867,0,0
screen2,0,1,mprime/prob26,E_A_allplans3,1.74184,True,2.04722,False,True,1,5,5,0.290479,1,,5,0,190910,10,26,1,0,1,662,10,0,4,0,5,0,0,0,0,0,0.295825,0,0
screen2,0,2,mprime/prob32,A_d2p2L_b2M_x1,1.42885,True,1.60099,False,True,1,5,7,0.23165,1,,5,1,126939,19,27,1,0,4,623,19,0,6,1,2,0,0,0,0,0,0.236182,0,2
screen2,0,2,mprime/prob32,B_d2p2L_b500k_s20k_x1,1.36353,True,1.53349,False,True,1,5,7,0.121563,1,,5,1,63719,12,27,1,0,4,623,12,0,6,1,2,0,0,0,0,0,0.127556,0,2
screen2,0,2,mprime/prob32,C_d1p2L_b500k_x1,1.16975,True,1.32327,False,True,1,0,7,0.00429778,1,,5,1,1490,5,27,1,0,4,623,5,0,6,1,2,0,0,0,0,0,0.00852991,0,2
screen2,0,2,mprime/prob32,D_d2L_b500k_x1,1.34743,True,1.50805,False,True,1,5,7,0.215895,1,,5,1,126939,19,27,1,0,4,623,19,0,6,1,2,0,0,0,0,0,0.220476,0,2
screen2,0,1,mprime/prob32,E_A_allplans3,0.672991,True,0.81975,False,True,3,5,21,0.40533,1,,14,1,184542,19,27,1,0,4,614,19,0,18,1,11,0,0,0,0,0,0.409819,0,2
screen2,0,2,mystery/prob20,A_d2p2L_b2M_x1,44.1898,True,45.8499,False,True,1,5,2,0.172829,1,,2,0,150087,10,42,1,0,1,1606,10,0,1,0,2,0,0,0,0,0,0.221759,0,0
screen2,0,2,mystery/prob20,B_d2p2L_b500k_s20k_x1,43.8483,True,45.3934,False,True,1,5,2,0.0601539,1,,2,0,60087,10,42,1,0,1,1606,10,0,1,0,2,0,0,0,0,0,0.110153,0,0
screen2,0,2,mystery/prob20,C_d1p2L_b500k_x1,43.4315,True,44.9365,False,True,1,5,2,0.0614565,1,,2,0,50262,10,42,1,0,1,1606,10,0,1,0,2,0,0,0,0,0,0.120433,0,0
screen2,0,2,mystery/prob20,D_d2L_b500k_x1,44.8068,True,46.3225,False,True,1,5,2,0.180698,1,,2,0,150087,10,42,1,0,1,1606,10,0,1,0,2,0,0,0,0,0,0.226996,0,0
screen2,0,2,mystery/prob20,E_A_allplans3,42.8897,True,44.6508,False,True,1,5,2,0.18277,1,,2,0,150382,10,42,1,0,1,1606,10,0,1,0,2,0,0,0,0,0,0.229967,0,0
screen2,0,1,mystery/prob28,A_d2p2L_b2M_x1,0.00995995,True,0.0166882,False,True,3,0,21,0.00325468,3,,7,0,5907,14,14,2,0,1,68,14,1,18,0,7,0,0,0,0,0,0.0035363,0,0
screen2,0,1,mystery/prob28,B_d2p2L_b500k_s20k_x1,0.0105343,True,0.0184338,False,True,3,0,21,0.00336591,3,,7,0,5907,14,14,2,0,1,68,14,1,18,0,7,0,0,0,0,0,0.00366192,0,0
screen2,0,1,mystery/prob28,C_d1p2L_b500k_x1,0.00755172,True,0.0150728,False,True,3,0,17,0.000332972,3,,8,0,217,4,14,2,0,1,67,3.33333,1,14,0,8,0,0,0,0,0,0.000550916,0,0
screen2,0,1,mystery/prob28,D_d2L_b500k_x1,0.0102278,True,0.0193287,False,True,2,0,14,0.00240434,2,,7,0,3938,14,14,2,0,1,68,14,0,12,0,7,0,0,0,0,0,0.00270614,0,0
screen2,0,1,mystery/prob28,E_A_allplans3,0.0127683,True,0.0204692,False,True,6,0,42,0.00550097,3,,7,1,7152,14,14,2,0,2,68,14,1,36,1,6,0,0,0,0,0,0.00591847,0,3
screen2,0,5,nomystery-opt11-strips/p07,A_d2p2L_b2M_x1,1.7497,True,1.83116,False,True,24,0,215,0.107993,24,,31,2,207574,11,11,9,0,15,72,3.625,15,191,2,12,0,0,0,0,0,0.112626,0,33
screen2,0,5,nomystery-opt11-strips/p07,B_d2p2L_b500k_s20k_x1,1.92843,True,2.01247,False,True,24,4,215,0.112117,24,,31,2,201088,11,11,9,0,15,72,3.54167,15,191,2,12,0,0,0,0,0,0.117091,0,33
screen2,0,5,nomystery-opt11-strips/p07,C_d1p2L_b500k_x1,1.58238,True,1.66456,False,True,24,0,215,0.00318515,24,,31,2,6660,10,11,9,0,15,72,2.625,15,191,2,12,0,0,0,0,0,0.00724706,0,33
screen2,0,6,nomystery-opt11-strips/p07,D_d2L_b500k_x1,3.35409,True,3.44112,False,True,9,0,56,0.00345047,9,,28,2,5272,11,11,9,0,5,75,3,0,47,2,23,0,0,0,0,0,0.00418425,0,5
screen2,0,6,nomystery-opt11-strips/p07,E_A_allplans3,4.61446,True,4.69285,False,True,55,0,513,0.220396,24,,31,1,264125,11,11,9,0,29,72,3.625,15,458,0,3,0,0,0,0,0,1.99885,0,101
screen2,0,8,nomystery-opt11-strips/p09,A_d2p2L_b2M_x1,13.9279,True,14.0894,False,True,30,2,264,0.251245,30,,36,1,415232,13,13,11,0,31,111,3.6,19,232,1,6,0,0,0,0,0,0.59777,0,36
screen2,0,8,nomystery-opt11-strips/p09,B_d2p2L_b500k_s20k_x1,14.4114,True,14.5735,False,True,30,20,264,0.194632,30,,36,1,303820,13,13,11,0,31,111,3.3,19,232,1,6,0,0,0,0,0,0.557339,0,36
screen2,0,8,nomystery-opt11-strips/p09,C_d1p2L_b500k_x1,13.4192,True,13.5715,False,True,30,0,264,0.00646885,30,,36,1,12831,12,13,11,0,31,111,2.63333,19,232,1,6,0,0,0,0,0,0.341542,0,36
screen2,0,9,nomystery-opt11-strips/p09,D_d2L_b500k_x1,21.9569,True,22.1287,False,True,11,0,65,0.00547997,11,,33,3,7857,13,13,11,0,7,114,3,0,54,3,23,0,0,0,0,0,0.00668107,0,9
screen2,0,9,nomystery-opt11-strips/p09,E_A_allplans3,27.4283,True,27.5765,False,True,62,2,593,0.451926,30,,36,1,487353,13,13,11,0,34,111,3.6,19,528,1,3,0,0,0,0,0,6.0702,0,110
screen2,0,5,nomystery-opt11-strips/p11,A_d2p2L_b2M_x1,0.121963,True,0.127453,False,True,6,0,37,0.000622533,6,,12,1,1205,5,5,3,0,12,6,3.5,3,31,1,1,0,0,0,0,0,0.00136122,0,7
screen2,0,5,nomystery-opt11-strips/p11,B_d2p2L_b500k_s20k_x1,0.122565,True,0.127765,False,True,6,0,37,0.000618603,6,,12,1,1205,5,5,3,0,12,6,3.5,3,31,1,1,0,0,0,0,0,0.00133914,0,7
screen2,0,4,nomystery-opt11-strips/p11,C_d1p2L_b500k_x1,0.0349144,True,0.0399064,False,True,6,0,33,0.000170831,6,,12,1,228,4,5,3,0,9,6,2.5,3,27,1,4,0,0,0,0,0,0.000596923,0,3
screen2,0,5,nomystery-opt11-strips/p11,D_d2L_b500k_x1,0.126062,True,0.131911,False,True,3,0,12,0.000146778,3,,11,0,134,5,5,3,0,1,7,3,0,9,0,11,0,0,0,0,0,0.000210535,0,0
screen2,0,4,nomystery-opt11-strips/p11,E_A_allplans3,0.0734901,True,0.0778864,False,True,11,0,78,0.00098423,6,,12,1,1284,5,5,3,0,12,6,3.5,3,67,1,1,0,0,0,0,0,0.00665557,0,20
screen2,0,4,nomystery-sat11-strips/p01,A_d2p2L_b2M_x1,0.114112,True,0.13151,False,True,15,0,100,0.00940077,15,,19,1,22406,8,8,6,0,8,26,3.6,9,85,1,12,0,0,0,0,0,0.0101654,0,15
screen2,0,4,nomystery-sat11-strips/p01,B_d2p2L_b500k_s20k_x1,0.126235,True,0.143771,False,True,15,0,100,0.00999776,15,,19,1,22406,8,8,6,0,8,26,3.6,9,85,1,12,0,0,0,0,0,0.0108543,0,15
screen2,0,4,nomystery-sat11-strips/p01,C_d1p2L_b500k_x1,0.109483,True,0.12586,False,True,15,0,100,0.000829358,15,,19,1,1317,7,8,6,0,8,26,2.6,9,85,1,12,0,0,0,0,0,0.00160483,0,15
screen2,0,4,nomystery-sat11-strips/p01,D_d2L_b500k_x1,0.255069,True,0.273964,False,True,6,0,28,0.000864977,6,,18,1,1412,8,8,6,0,4,27,3,0,22,1,15,0,0,0,0,0,0.00122224,0,4
screen2,0,4,nomystery-sat11-strips/p01,E_A_allplans3,0.132113,True,0.150867,False,True,24,0,173,0.0168059,15,,19,3,24884,8,8,6,0,8,26,3.6,9,149,3,9,0,0,0,0,0,0.0190517,0,35
screen2,0,8,nomystery-sat11-strips/p15,A_d2p2L_b2M_x1,29.7972,True,29.8652,False,True,27,0,245,0.135536,27,,33,1,264969,12,12,10,0,32,80,3.62963,17,218,1,2,0,0,0,0,0,0.313675,0,36
screen2,0,8,nomystery-sat11-strips/p15,B_d2p2L_b500k_s20k_x1,32.8256,True,32.8979,False,True,27,10,245,0.143923,27,,33,1,240528,12,12,10,0,32,80,3.44444,17,218,1,2,0,0,0,0,0,0.340522,0,36
screen2,0,8,nomystery-sat11-strips/p15,C_d1p2L_b500k_x1,30.1917,True,30.2612,False,True,27,0,245,0.0042297,27,,33,1,8604,11,12,10,0,32,80,2.62963,17,218,1,2,0,0,0,0,0,0.185786,0,36
screen2,0,9,nomystery-sat11-strips/p15,D_d2L_b500k_x1,27.3413,True,27.4167,False,True,10,0,64,0.00383448,10,,30,1,6620,12,12,10,0,15,83,3,0,54,1,16,0,0,0,0,0,0.00505899,0,6
screen2,0,8,nomystery-sat11-strips/p15,E_A_allplans3,43.3425,True,43.4164,False,True,65,0,611,0.297993,27,,33,1,314871,12,12,10,0,32,80,3.62963,17,546,0,2,0,0,0,0,0,11.6076,0,144
screen2,0,9,nomystery-sat11-strips/p18,A_d2p2L_b2M_x1,64.6638,True,64.7517,False,True,36,0,305,0.152907,36,,38,1,306576,15,15,13,0,37,144,3.63889,23,259,0,2,0,0,0,0,0,1.36733,0,56
screen2,0,9,nomystery-sat11-strips/p18,B_d2p2L_b500k_s20k_x1,72.2989,True,72.3822,False,True,36,8,305,0.16092,36,,38,1,301927,15,15,13,0,37,144,3.52778,23,259,0,2,0,0,0,0,0,1.33477,0,56
screen2,0,9,nomystery-sat11-strips/p18,C_d1p2L_b500k_x1,63.5277,True,63.6093,False,True,36,0,305,0.00721437,36,,38,1,14671,14,15,13,0,37,144,2.63889,23,259,0,2,0,0,0,0,0,1.1337,0,56
screen2,0,10,nomystery-sat11-strips/p18,D_d2L_b500k_x1,32.3548,True,32.44,False,True,13,0,69,0.00322179,13,,35,4,4830,15,15,13,0,8,147,3,0,55,4,21,0,0,0,0,0,0.00482179,0,8
screen2,23,,nomystery-sat11-strips/p18,E_A_allplans3,,False,,False,,60,0,549,0.363865,36,,38,1,390817,15,15,13,0,38,144,3.63889,23,472,0,1,0,0,0,0,0,4.92055,0,130
screen2,0,5,openstacks-opt08-strips/p12,A_d2p2L_b2M_x1,9.72236,True,9.73781,False,True,11,55,191,5.51023,11,,39,3,2182047,25,33,16,0,9,10,13,0,169,3,26,0,34,0,0,0,5.511,0,6
screen2,0,5,openstacks-opt08-strips/p12,B_d2p2L_b500k_s20k_x1,5.06601,True,5.08285,False,True,6,30,88,1.26303,6,,25,1,555229,18,33,16,0,3,24,12,0,78,1,23,0,39,0,0,0,1.26358,0,3
screen2,0,4,openstacks-opt08-strips/p12,C_d1p2L_b500k_x1,0.456855,True,0.472709,False,True,38,0,252,0.00702004,38,,49,2,2567,33,33,16,0,16,0,4.73684,22,206,2,28,0,0,0,0,0,0.00890454,0,10
screen2,0,6,openstacks-opt08-strips/p12,D_d2L_b500k_x1,8.49484,True,8.51098,False,True,3,15,52,1.47667,3,,20,2,585086,15,33,16,0,7,29,13,0,48,2,12,0,13,0,0,0,1.47723,0,3
screen2,0,5,openstacks-opt08-strips/p12,E_A_allplans3,8.42644,True,8.44081,False,True,30,50,522,5.96184,10,,36,3,2001371,23,33,16,0,19,13,13,0,462,3,14,0,35,0,0,0,5.97059,0,35
screen2,0,6,openstacks-opt08-strips/p14,A_d2p2L_b2M_x1,21.7302,True,21.7603,False,True,10,50,158,5.58833,10,,47,2,2018896,29,37,18,0,21,8,14.1,0,134,2,26,0,41,0,0,0,5.59092,0,6
screen2,0,6,openstacks-opt08-strips/p14,B_d2p2L_b500k_s20k_x1,31.0927,True,31.1218,False,True,6,30,80,1.4804,6,,26,1,576656,19,37,18,0,9,29,13,0,65,1,18,0,45,0,0,0,1.48113,0,2
screen2,0,5,openstacks-opt08-strips/p14,C_d1p2L_b500k_x1,6.97266,True,7.00462,False,True,42,0,280,0.00758471,42,,55,2,2224,37,37,18,0,13,0,4.71429,24,224,2,38,0,0,0,0,0,0.0094371,0,7
screen2,0,6,openstacks-opt08-strips/p14,D_d2L_b500k_x1,35.285,True,35.3174,False,True,3,15,48,1.72456,3,,20,1,620368,16,37,18,0,10,35,14,0,41,1,11,0,15,0,0,0,1.72519,0,1
screen2,0,6,openstacks-opt08-strips/p14,E_A_allplans3,18.9197,True,18.9514,False,True,30,50,474,6.93365,10,,47,3,2019183,29,37,18,0,33,8,14.1,0,402,3,7,0,41,0,0,0,7.01089,0,38
screen2,0,6,openstacks-opt08-strips/p16,A_d2p2L_b2M_x1,27.8368,True,27.936,False,True,11,66,137,5.88988,11,,49,1,2069620,31,41,20,0,21,12,14,0,115,1,29,0,46,0,0,0,5.89223,0,5
screen2,0,6,openstacks-opt08-strips/p16,B_d2p2L_b500k_s20k_x1,74.5418,True,74.6363,False,True,6,36,67,1.38513,6,,32,1,541296,23,41,20,0,18,29,13.3333,0,56,1,15,0,51,0,0,0,1.3865,0,2
screen2,0,6,openstacks-opt08-strips/p16,C_d1p2L_b500k_x1,33.9895,True,34.0824,False,True,49,0,337,0.013289,49,,61,1,4003,41,41,20,0,30,0,4.95918,29,274,1,32,0,0,0,0,0,0.022211,0,11
screen2,23,,openstacks-opt08-strips/p16,D_d2L_b500k_x1,,False,,False,,3,18,40,1.61306,3,,22,1,559073,18,41,20,0,17,39,14,0,34,1,6,0,17,0,0,0,1.61404,0,1
screen2,0,6,openstacks-opt08-strips/p16,E_A_allplans3,29.9317,True,30.0272,False,True,33,66,411,6.55876,11,,49,4,2069951,31,41,20,0,42,12,14,0,345,4,5,0,46,0,0,0,6.89425,0,35
screen2,0,3,parcprinter-08-strips/p04,A_d2p2L_b2M_x1,0.511613,True,0.530045,False,True,30,5,416,0.486339,30,,33,1,264120,34,34,12,0,17,27,20.3333,18,386,1,17,0,0,0,0,0,0.504288,0,39
screen2,0,3,parcprinter-08-strips/p04,B_d2p2L_b500k_s20k_x1,0.235069,True,0.255106,False,True,30,5,409,0.201013,30,,33,1,127845,34,34,12,0,16,27,20.2667,18,379,1,18,0,0,0,0,0,0.222738,0,39
screen2,0,3,parcprinter-08-strips/p04,C_d1p2L_b500k_x1,0.0275095,True,0.0468806,False,True,29,0,238,0.00825798,29,,33,2,12783,25,34,12,0,17,27,6.37931,17,209,2,11,0,0,0,0,0,0.0147023,0,26
screen2,0,3,parcprinter-08-strips/p04,D_d2L_b500k_x1,0.0289076,True,0.0474955,False,True,12,0,93,0.0124287,12,,33,1,8190,34,34,12,0,16,27,18.6667,0,81,1,18,0,0,0,0,0,0.0140307,0,7
screen2,0,2,parcprinter-08-strips/p04,E_A_allplans3,1.17693,True,1.1959,False,True,70,5,1146,0.561179,30,,33,1,264211,34,34,12,0,17,27,20.3333,18,1076,1,17,0,0,0,0,0,1.17498,0,141
screen2,0,2,parcprinter-08-strips/p07,A_d2p2L_b2M_x1,2.21935,True,2.29457,False,True,54,20,830,1.78985,54,,60,1,990786,49,49,21,0,30,48,20.8704,33,776,1,31,0,0,0,0,0,2.21236,0,87
screen2,0,2,parcprinter-08-strips/p07,B_d2p2L_b500k_s20k_x1,0.994512,True,1.06601,False,True,44,25,610,0.811297,44,,60,1,528988,49,49,21,0,30,48,20.3182,23,566,1,31,0,10,0,0,0,0.99251,0,63
screen2,0,3,parcprinter-08-strips/p07,C_d1p2L_b500k_x1,0.131092,True,0.207683,False,True,53,0,418,0.0249124,53,,60,2,36047,40,49,21,0,34,48,6.77358,32,365,2,15,0,0,0,0,0,0.107207,0,46
screen2,0,2,parcprinter-08-strips/p07,D_d2L_b500k_x1,0.117671,True,0.19415,False,True,21,0,177,0.0780718,21,,60,1,47903,49,49,21,0,30,48,19.0952,0,156,1,31,0,0,0,0,0,0.101418,0,15
screen2,0,2,parcprinter-08-strips/p07,E_A_allplans3,38.9959,True,39.0652,False,True,133,20,2358,2.00296,54,,60,1,990980,49,49,21,0,32,48,20.8704,33,2225,1,29,0,0,0,0,0,39.6944,0,304
screen2,0,3,parcprinter-08-strips/p09,A_d2p2L_b2M_x1,1.84632,True,1.96939,False,True,70,20,1124,1.75838,70,,70,2,914337,59,59,27,0,22,62,20.7143,43,1054,2,33,0,0,0,0,0,1.86137,0,129
screen2,0,3,parcprinter-08-strips/p09,B_d2p2L_b500k_s20k_x1,0.926577,True,1.05715,False,True,55,25,811,0.849686,55,,70,2,500233,59,59,27,0,22,62,20.2,28,756,2,33,0,15,0,0,0,0.896626,0,92
screen2,0,3,parcprinter-08-strips/p09,C_d1p2L_b500k_x1,0.262192,True,0.418112,False,True,68,0,568,0.021541,68,,70,2,29643,50,59,27,0,42,62,6.20588,41,500,2,16,0,0,0,0,0,0.23701,0,64
screen2,0,3,parcprinter-08-strips/p09,D_d2L_b500k_x1,0.0872019,True,0.230222,False,True,27,0,237,0.0452171,27,,70,2,28096,59,59,27,0,22,62,18.8148,0,210,2,33,0,0,0,0,0,0.0530524,0,23
screen2,0,2,parcprinter-08-strips/p09,E_A_allplans3,4.88769,True,5.01997,False,True,175,20,3212,2.03817,70,,70,2,914612,59,59,27,0,22,62,20.7143,43,3037,2,31,0,0,0,0,0,4.8849,0,437
screen2,0,3,parcprinter-08-strips/p10,A_d2p2L_b2M_x1,1.40334,True,1.55068,False,True,78,0,1291,0.584012,78,,75,3,317681,64,64,30,0,38,69,20.7692,48,1213,3,36,0,0,0,0,0,1.3879,0,160
screen2,0,2,parcprinter-08-strips/p10,B_d2p2L_b500k_s20k_x1,1.41563,True,1.58133,False,True,73,25,1160,0.825495,73,,75,4,501247,64,64,30,0,30,69,20.3151,43,1087,4,43,0,5,0,0,0,1.40187,0,143
screen2,0,4,parcprinter-08-strips/p10,C_d1p2L_b500k_x1,0.172728,True,0.333449,False,True,74,0,642,0.018672,74,,75,2,26613,55,64,30,0,49,69,5.83784,44,568,2,15,0,0,0,0,0,0.126391,0,76
screen2,0,2,parcprinter-08-strips/p10,D_d2L_b500k_x1,0.0677562,True,0.244099,False,True,30,0,267,0.0280036,30,,75,4,18226,64,64,30,0,30,69,18.6667,0,237,4,43,0,0,0,0,0,0.046396,0,27
screen2,0,2,parcprinter-08-strips/p10,E_A_allplans3,3.72043,True,3.89674,False,True,196,0,3701,0.752689,78,,75,3,317981,64,64,30,0,38,69,20.7692,48,3505,2,32,0,0,0,0,0,3.73099,0,539
screen2,0,1,parcprinter-08-strips/p14,A_d2p2L_b2M_x1,1.76066,True,1.79612,False,True,30,10,453,1.79399,30,,35,0,846120,39,39,12,0,1,50,22.9,18,423,0,35,0,0,0,0,0,1.79514,0,0
screen2,0,1,parcprinter-08-strips/p14,B_d2p2L_b500k_s20k_x1,0.786675,True,0.820205,False,True,30,60,389,0.77535,30,,35,3,458881,39,39,12,0,2,50,21.6333,18,359,3,32,0,0,0,0,0,0.776666,0,4
screen2,0,2,parcprinter-08-strips/p14,C_d1p2L_b500k_x1,0.0552085,True,0.0895344,False,True,27,0,248,0.0290446,27,,35,0,34613,33,39,12,0,1,50,7.81481,15,221,0,35,0,0,0,0,0,0.030018,0,0
screen2,0,1,parcprinter-08-strips/p14,D_d2L_b500k_x1,0.133174,True,0.168937,False,True,12,0,110,0.119343,12,,35,0,54462,39,39,12,0,1,50,20.6667,0,98,0,35,0,0,0,0,0,0.120431,0,0
screen2,0,1,parcprinter-08-strips/p14,E_A_allplans3,2.12036,True,2.15606,False,True,81,10,1315,2.15745,30,,55,0,854883,39,39,12,0,1,30,22.9,18,1234,0,55,0,0,0,0,0,2.15861,0,0
screen2,0,2,parcprinter-08-strips/p20,A_d2p2L_b2M_x1,4.18722,True,4.56463,False,True,55,30,831,4.16538,55,,89,2,2161908,77,77,31,0,30,126,22.4182,24,776,2,42,0,26,0,0,0,4.23432,0,18
screen2,0,2,parcprinter-08-strips/p20,B_d2p2L_b500k_s20k_x1,0.97557,True,1.33695,False,True,43,70,471,0.903851,43,,89,2,505976,77,77,31,0,31,126,20.8372,12,428,2,50,0,38,0,0,0,0.918929,0,8
screen2,0,2,parcprinter-08-strips/p20,C_d1p2L_b500k_x1,0.296398,True,0.68488,False,True,77,0,717,0.0907639,77,,89,1,106306,71,77,31,0,61,126,8.27273,46,640,1,29,0,0,0,0,0,0.17808,0,5
screen2,0,2,parcprinter-08-strips/p20,D_d2L_b500k_x1,0.656581,True,1.04148,False,True,31,0,319,0.522986,31,,89,2,228338,77,77,31,0,26,126,21.1613,0,288,2,50,0,0,0,0,0,0.536867,0,5
screen2,0,2,parcprinter-08-strips/p20,E_A_allplans3,7.86005,True,8.25934,False,True,142,30,2372,5.16929,55,,130,1,2208179,77,77,31,0,59,85,22.4182,24,2230,0,72,0,26,0,0,0,7.80438,0,118
screen2,0,3,parcprinter-08-strips/p28,A_d2p2L_b2M_x1,3.34266,True,3.42522,False,True,62,21,997,1.63089,62,,49,2,854395,56,56,24,0,32,34,16.371,38,935,2,15,0,0,0,0,0,3.35952,0,153
screen2,0,3,parcprinter-08-strips/p28,B_d2p2L_b500k_s20k_x1,2.07965,True,2.15172,False,True,62,22,983,0.626566,62,,49,2,450282,56,56,24,0,32,34,16.3226,38,921,2,15,0,0,0,0,0,2.14484,0,149
screen2,0,2,parcprinter-08-strips/p28,C_d1p2L_b500k_x1,0.474885,True,0.558237,False,True,61,0,585,0.0135252,61,,49,2,17019,53,56,24,0,32,34,6.45902,37,524,2,15,0,0,0,0,0,0.46151,0,88
screen2,0,3,parcprinter-08-strips/p28,D_d2L_b500k_x1,0.155954,True,0.243225,False,True,24,0,227,0.0372724,24,,49,2,28511,56,56,24,0,32,34,14,0,203,2,15,0,0,0,0,0,0.121617,0,28
screen2,0,3,parcprinter-08-strips/p28,E_A_allplans3,77.2046,True,77.2905,False,True,156,21,2831,1.88357,62,,61,1,856042,56,56,24,0,39,22,16.371,38,2675,0,23,0,0,0,0,0,77.9039,0,509
screen2,0,2,pathways-noneg/p04,A_d2p2L_b2M_x1,0.0130104,True,0.0695439,False,True,8,0,36,0.00403534,8,,18,1,3297,28,64,4,0,2,77,12.375,4,28,1,17,0,0,0,0,0,0.00560253,0,1
screen2,0,2,pathways-noneg/p04,B_d2p2L_b500k_s20k_x1,0.0142619,True,0.0705032,False,True,8,0,36,0.00414731,8,,18,1,3297,28,64,4,0,2,77,12.375,4,28,1,17,0,0,0,0,0,0.00575052,0,1
screen2,0,2,pathways-noneg/p04,C_d1p2L_b500k_x1,0.00940257,True,0.0666074,False,True,4,0,8,0.000179148,4,,8,0,17,12,64,4,0,1,87,3,0,4,0,8,0,0,0,0,0,0.00146216,0,0
screen2,0,2,pathways-noneg/p04,D_d2L_b500k_x1,0.00932538,True,0.0686874,False,True,4,0,13,0.000322674,4,,12,0,133,28,64,4,0,1,83,8.75,0,9,0,12,0,0,0,0,0,0.00172572,0,0
screen2,0,2,pathways-noneg/p04,E_A_allplans3,0.0170206,True,0.0738416,False,True,20,0,96,0.00670989,8,,18,3,4027,28,64,4,0,7,77,12.375,4,76,3,10,0,0,0,0,0,0.00897799,0,12
screen2,0,4,pathways-noneg/p10,A_d2p2L_b2M_x1,1.80197,True,3.0957,False,True,36,20,205,1.64092,36,,66,1,757082,74,155,14,0,25,227,15.4167,22,169,1,42,0,0,0,0,0,1.66105,0,5
screen2,0,4,pathways-noneg/p10,B_d2p2L_b500k_s20k_x1,1.14968,True,2.5317,False,True,33,33,175,0.976194,33,,66,1,537124,74,155,14,0,21,227,14.8182,19,142,1,46,0,3,0,0,0,0.996606,0,5
screen2,0,3,pathways-noneg/p10,C_d1p2L_b500k_x1,0.162958,True,1.52194,False,True,14,0,28,0.000869143,14,,28,0,67,42,155,14,0,1,265,3,0,14,0,28,0,0,0,0,0,0.0179261,0,0
screen2,0,4,pathways-noneg/p10,D_d2L_b500k_x1,0.134993,True,1.36594,False,True,14,0,54,0.00204649,14,,45,0,1137,74,155,14,0,1,248,9.71429,0,40,0,45,0,0,0,0,0,0.0216418,0,0
screen2,0,4,pathways-noneg/p10,E_A_allplans3,4.98242,True,6.22494,False,True,103,20,593,2.23129,36,,77,1,889352,74,155,14,0,51,216,15.4167,22,490,0,27,0,0,0,0,0,4.8645,0,53
screen2,0,5,pathways-noneg/p25,A_d2p2L_b2M_x1,4.57131,True,38.9905,False,True,86,10,523,1.83963,86,,164,3,570201,171,324,33,0,49,494,13.5349,53,437,3,106,0,0,0,0,0,2.12009,0,16
screen2,0,5,pathways-noneg/p25,B_d2p2L_b500k_s20k_x1,3.51622,True,40.5273,False,True,86,20,521,1.31672,86,,164,3,441248,171,324,33,0,54,494,13.4535,53,435,3,101,0,0,0,0,0,1.65646,0,17
screen2,0,5,pathways-noneg/p25,C_d1p2L_b500k_x1,2.45737,True,38.4186,False,True,33,0,66,0.00397142,33,,66,0,161,99,324,33,0,1,592,3,0,33,0,66,0,0,0,0,0,0.153964,0,0
screen2,0,5,pathways-noneg/p25,D_d2L_b500k_x1,1.89178,True,38.019,False,True,33,0,129,0.00899065,33,,105,0,2660,171,324,33,0,1,553,9.21212,0,96,0,105,0,0,0,0,0,0.171548,0,0
screen2,0,5,pathways-noneg/p25,E_A_allplans3,10.4964,True,45.8133,False,True,253,10,1549,2.4108,86,,191,4,674349,171,324,33,0,117,467,13.5349,53,1296,3,61,0,0,0,0,0,8.49094,0,149
screen2,0,6,pathways-noneg/p26,A_d2p2L_b2M_x1,9.45551,True,42.0463,False,True,91,20,564,2.73874,91,,158,2,933974,176,336,34,0,60,527,14.2308,57,473,2,97,0,0,0,0,0,4.60301,0,22
screen2,0,5,pathways-noneg/p26,B_d2p2L_b500k_s20k_x1,4.5781,True,39.0178,False,True,75,25,441,1.77491,75,,146,1,506962,176,336,34,0,53,539,13.6133,41,366,1,94,0,16,0,0,0,2.26359,0,14
screen2,0,6,pathways-noneg/p26,C_d1p2L_b500k_x1,6.60424,True,42.5968,False,True,34,0,68,0.00386674,34,,68,0,168,102,336,34,0,1,617,3,0,34,0,68,0,0,0,0,0,0.181638,0,0
screen2,0,5,pathways-noneg/p26,D_d2L_b500k_x1,2.42234,True,35.1569,False,True,34,0,135,0.00854967,34,,101,0,2414,176,336,34,0,1,584,9,0,101,0,101,0,0,0,0,0,0.193201,0,0
screen2,0,6,pathways-noneg/p26,E_A_allplans3,59.4518,True,91.2705,False,True,268,20,1674,4.51928,91,,195,3,1093171,176,336,34,0,112,490,14.2308,57,1406,2,69,0,0,0,0,0,56.7878,0,170
screen2,0,6,pathways-noneg/p28,A_d2p2L_b2M_x1,10.6482,True,50.2282,False,True,101,37,621,6.22956,101,,191,4,1986125,187,340,37,0,21,500,14.8515,64,520,4,148,0,0,0,0,0,6.47854,0,14
screen2,0,6,pathways-noneg/p28,B_d2p2L_b500k_s20k_x1,6.29799,True,52.1611,False,True,50,31,227,1.6422,50,,132,1,565392,187,340,37,0,3,559,11.76,13,177,1,130,0,51,0,0,0,1.80665,0,1
screen2,0,5,pathways-noneg/p28,C_d1p2L_b500k_x1,2.237,True,42.8834,False,True,37,0,74,0.00423647,37,,74,0,181,111,340,37,0,1,617,3,0,37,0,74,0,0,0,0,0,0.184462,0,0
screen2,0,5,pathways-noneg/p28,D_d2L_b500k_x1,2.76018,True,43.2482,False,True,37,0,145,0.0104424,37,,111,0,3429,187,340,37,0,1,580,9.16216,0,108,0,111,0,0,0,0,0,0.198524,0,0
screen2,0,5,pathways-noneg/p28,E_A_allplans3,12.9629,True,54.4536,False,True,278,32,1697,8.25823,95,,214,2,2038358,187,340,37,0,139,477,14.5158,58,1419,1,73,0,6,0,0,0,10.0101,0,158
screen2,0,6,pathways/p26,A_d2p2L_b2M_x1,8.32448,True,23.3213,False,True,91,20,564,2.92328,91,,158,2,933974,176,338,34,0,60,529,14.2308,57,473,2,97,0,0,0,0,0,4.74507,0,22
screen2,0,5,pathways/p26,B_d2p2L_b500k_s20k_x1,6.86766,True,21.8052,False,True,75,25,441,1.86806,75,,146,1,506962,176,338,34,0,53,541,13.6133,41,366,1,94,0,16,0,0,0,2.43703,0,14
screen2,0,6,pathways/p26,C_d1p2L_b500k_x1,7.54751,True,22.0159,False,True,34,0,68,0.0040114,34,,68,0,168,102,338,34,0,1,619,3,0,34,0,68,0,0,0,0,0,0.177967,0,0
screen2,0,5,pathways/p26,D_d2L_b500k_x1,3.13633,True,18.6143,False,True,34,0,135,0.0100536,34,,101,0,2414,176,338,34,0,1,586,9,0,101,0,101,0,0,0,0,0,0.189704,0,0
screen2,0,6,pathways/p26,E_A_allplans3,59.7649,True,74.322,False,True,268,20,1674,4.55475,91,,195,3,1093171,176,338,34,0,112,492,14.2308,57,1406,2,69,0,0,0,0,0,56.4838,0,170
screen2,0,2,pegsol-08-strips/p22,A_d2p2L_b2M_x1,4.9945,True,5.02609,False,True,31,64,218,4.80297,31,,55,1,2143265,33,34,33,0,45,22,15.5806,0,187,1,11,0,62,0,0,0,5.04575,0,20
screen2,0,3,pegsol-08-strips/p22,B_d2p2L_b500k_s20k_x1,1.10758,True,1.13724,False,True,23,38,154,1.0497,23,,45,1,534150,33,34,33,0,36,32,14.7391,0,131,1,10,0,70,0,0,0,1.0858,0,13
screen2,0,3,pegsol-08-strips/p22,C_d1p2L_b500k_x1,0.303952,True,0.336443,False,True,75,0,291,0.0652915,75,,50,1,36014,33,34,33,0,41,27,8.6,42,216,1,10,0,0,0,0,0,0.274873,0,22
screen2,0,2,pegsol-08-strips/p22,D_d2L_b500k_x1,1.14263,True,1.17431,False,True,19,20,125,1.13543,19,,40,1,520805,33,34,33,0,33,37,14.6316,0,106,1,8,0,14,0,0,0,1.14246,0,10
screen2,0,2,pegsol-08-strips/p22,E_A_allplans3,22.3887,True,22.419,False,True,90,59,630,6.69732,30,,58,1,2032071,33,34,33,0,53,19,15.5667,0,540,0,6,0,63,0,0,0,22.587,0,89
screen2,0,2,pipesworld-notankage/p06-net1-b10-g6,A_d2p2L_b2M_x1,21.7901,True,21.9366,False,True,12,78,57,20.4924,12,,26,1,2230388,70,70,6,0,4,342,40.0833,6,45,1,23,0,3,0,0,0,20.4975,0,1
screen2,0,2,pipesworld-notankage/p06-net1-b10-g6,B_d2p2L_b500k_s20k_x1,6.0752,True,6.22118,False,True,8,51,36,5.02584,8,,21,0,541686,70,70,6,0,1,347,34.625,2,28,0,21,0,7,0,0,0,5.03222,0,0
screen2,0,2,pipesworld-notankage/p06-net1-b10-g6,C_d1p2L_b500k_x1,6.56587,True,6.70236,False,True,8,23,37,4.98664,8,,20,0,528012,70,70,6,0,1,348,26.75,2,29,0,20,0,4,0,0,0,4.99136,0,0
screen2,0,2,pipesworld-notankage/p06-net1-b10-g6,D_d2L_b500k_x1,7.50937,True,7.65882,False,True,3,18,16,6.26982,3,,11,0,584668,70,70,6,0,1,357,52.3333,0,13,0,11,0,3,0,0,0,6.27463,0,0
screen2,0,2,pipesworld-notankage/p06-net1-b10-g6,E_A_allplans3,22.592,True,22.7332,False,True,30,64,150,21.4223,10,,33,1,2017541,70,70,6,0,2,335,38.1,4,120,1,32,0,5,0,0,0,21.4275,0,1
screen2,0,4,pipesworld-notankage/p11-net2-b10-g2,A_d2p2L_b2M_x1,27.2856,True,28.9788,False,True,3,22,20,6.60173,3,,16,2,532491,97,172,2,0,2,784,44.6667,1,17,2,14,0,0,0,0,0,6.65846,0,2
screen2,0,4,pipesworld-notankage/p11-net2-b10-g2,B_d2p2L_b500k_s20k_x1,28.8344,True,30.5785,False,True,3,24,18,3.11901,3,,15,2,276667,93,172,2,0,2,785,37.3333,1,15,2,13,0,0,0,0,0,3.18243,0,2
screen2,0,4,pipesworld-notankage/p11-net2-b10-g2,C_d1p2L_b500k_x1,32.4162,True,34.0892,False,True,2,0,8,0.0630374,2,,7,1,11050,44,172,2,0,2,793,22,0,6,1,6,0,0,0,0,0,0.117658,0,1
screen2,0,4,pipesworld-notankage/p11-net2-b10-g2,D_d2L_b500k_x1,25.7411,True,27.4979,False,True,2,14,12,2.63818,2,,11,0,247641,97,172,2,0,1,789,58.5,0,10,0,11,0,0,0,0,0,2.69642,0,0
screen2,0,4,pipesworld-notankage/p11-net2-b10-g2,E_A_allplans3,28.145,True,29.776,False,True,9,22,60,8.14273,3,,24,2,602913,97,172,2,0,2,776,44.6667,1,51,2,22,0,0,0,0,0,8.20275,0,6
screen2,0,2,psr-small/p11-s18-n2-l2-f50,A_d2p2L_b2M_x1,0.0116247,True,0.0154515,False,True,12,0,192,0.00149107,12,,15,1,1452,12,12,5,0,15,9,11.5,7,180,1,1,0,0,0,0,0,0.0062198,0,12
screen2,0,2,psr-small/p11-s18-n2-l2-f50,B_d2p2L_b500k_s20k_x1,0.0109957,True,0.0146637,False,True,12,0,192,0.00139689,12,,15,1,1452,12,12,5,0,15,9,11.5,7,180,1,1,0,0,0,0,0,0.0060134,0,12
screen2,0,3,psr-small/p11-s18-n2-l2-f50,C_d1p2L_b500k_x1,0.00877666,True,0.0130874,False,True,12,0,69,0.000486377,12,,15,1,300,12,12,5,0,15,9,7.25,7,57,1,1,0,0,0,0,0,0.00125165,0,2
screen2,0,2,psr-small/p11-s18-n2-l2-f50,D_d2L_b500k_x1,0.00745128,True,0.0111256,False,True,5,0,71,0.000549898,5,,15,1,524,12,12,5,0,15,9,11.2,0,66,1,1,0,0,0,0,0,0.00209113,0,5
screen2,0,2,psr-small/p11-s18-n2-l2-f50,E_A_allplans3,0.059798,True,0.0635392,False,True,36,0,576,0.00185899,12,,15,1,1503,12,12,5,0,15,9,11.5,7,540,1,1,0,0,0,0,0,0.0546021,0,60
screen2,0,4,psr-small/p12-s21-n2-l3-f30,A_d2p2L_b2M_x1,0.0143488,True,0.0172312,False,True,14,0,179,0.00152125,14,,11,1,1498,11,11,6,0,11,12,10.3571,8,165,1,1,0,0,0,0,0,0.00543879,0,33
screen2,0,4,psr-small/p12-s21-n2-l3-f30,B_d2p2L_b500k_s20k_x1,0.0134362,True,0.0167479,False,True,14,0,179,0.00140946,14,,11,1,1498,11,11,6,0,11,12,10.3571,8,165,1,1,0,0,0,0,0,0.00509711,0,33
screen2,0,4,psr-small/p12-s21-n2-l3-f30,C_d1p2L_b500k_x1,0.0110993,True,0.0135824,False,True,14,0,72,0.000448445,14,,11,1,288,11,11,6,0,11,12,6.21429,8,58,1,1,0,0,0,0,0,0.00149593,0,16
screen2,0,4,psr-small/p12-s21-n2-l3-f30,D_d2L_b500k_x1,0.0110182,True,0.0145103,False,True,6,0,66,0.000536557,6,,11,1,486,11,11,6,0,11,12,10,0,60,1,1,0,0,0,0,0,0.00164795,0,12
screen2,0,4,psr-small/p12-s21-n2-l3-f30,E_A_allplans3,0.0539393,True,0.0576113,False,True,34,0,454,0.00187748,14,,11,1,1556,11,11,6,0,11,12,10.3571,8,420,1,1,0,0,0,0,0,0.0498203,0,84
screen2,0,4,psr-small/p16-s29-n2-l5-f30,A_d2p2L_b2M_x1,0.0231451,True,0.0307258,False,True,2,0,50,0.0121537,2,,20,1,5360,17,17,2,0,19,35,24.5,1,48,1,2,0,0,0,0,0,0.0139535,0,6
screen2,0,4,psr-small/p16-s29-n2-l5-f30,B_d2p2L_b500k_s20k_x1,0.0241506,True,0.032102,False,True,2,0,50,0.00735551,2,,20,1,5360,17,17,2,0,19,35,24.5,1,48,1,2,0,0,0,0,0,0.00926871,0,6
screen2,0,5,psr-small/p16-s29-n2-l5-f30,C_d1p2L_b500k_x1,0.0356742,True,0.0433954,False,True,2,0,28,0.00292993,2,,17,1,2726,15,17,2,0,12,38,17.5,1,26,1,6,0,0,0,0,0,0.00346195,0,4
screen2,0,4,psr-small/p16-s29-n2-l5-f30,D_d2L_b500k_x1,0.020145,True,0.0278267,False,True,1,0,25,0.00411888,1,,20,1,2680,17,17,2,0,19,35,32,0,24,1,2,0,0,0,0,0,0.00520598,0,3
screen2,0,4,psr-small/p16-s29-n2-l5-f30,E_A_allplans3,0.0370256,True,0.0450681,False,True,6,0,150,0.00918168,2,,20,1,5456,17,17,2,0,19,35,24.5,1,144,1,2,0,0,0,0,0,0.0210263,0,22
screen2,0,4,psr-small/p32-s50-n4-l2-f50,A_d2p2L_b2M_x1,0.0332756,True,0.0357861,False,True,18,0,334,0.00657363,18,,19,1,5861,19,19,7,0,18,15,16.5556,11,316,1,2,0,0,0,0,0,0.0215773,0,40
screen2,0,4,psr-small/p32-s50-n4-l2-f50,B_d2p2L_b500k_s20k_x1,0.0317674,True,0.0374411,False,True,18,0,334,0.00653125,18,,19,1,5861,19,19,7,0,18,15,16.5556,11,316,1,2,0,0,0,0,0,0.021741,0,40
screen2,0,4,psr-small/p32-s50-n4-l2-f50,C_d1p2L_b500k_x1,0.0124576,True,0.0173042,False,True,17,0,128,0.00136767,17,,19,1,1405,17,19,7,0,18,15,9.23529,10,111,1,2,0,0,0,0,0,0.00354361,0,19
screen2,0,4,psr-small/p32-s50-n4-l2-f50,D_d2L_b500k_x1,0.0146894,True,0.0190669,False,True,7,0,112,0.00200528,7,,19,1,1858,19,19,7,0,18,15,16.1429,0,105,1,2,0,0,0,0,0,0.00510412,0,13
screen2,0,4,psr-small/p32-s50-n4-l2-f50,E_A_allplans3,1.05292,True,1.05808,False,True,54,0,1002,0.00793755,18,,19,1,5886,19,19,7,0,18,15,16.5556,11,948,1,2,0,0,0,0,0,1.05362,0,154
screen2,0,2,psr-small/p45-s94-n4-l3-f50,A_d2p2L_b2M_x1,0.028298,True,0.0338606,False,True,21,0,321,0.00608753,21,,15,1,5484,19,19,8,0,15,19,16.4286,13,300,1,1,0,0,0,0,0,0.0242876,0,18
screen2,0,2,psr-small/p45-s94-n4-l3-f50,B_d2p2L_b500k_s20k_x1,0.0253438,True,0.0303269,False,True,21,0,321,0.00568971,21,,15,1,5484,19,19,8,0,15,19,16.4286,13,300,1,1,0,0,0,0,0,0.0197647,0,18
screen2,0,3,psr-small/p45-s94-n4-l3-f50,C_d1p2L_b500k_x1,0.00978384,True,0.0140701,False,True,20,0,140,0.00121458,20,,15,1,1250,17,19,8,0,15,19,8.5,12,120,1,1,0,0,0,0,0,0.0020378,0,2
screen2,0,2,psr-small/p45-s94-n4-l3-f50,D_d2L_b500k_x1,0.00995114,True,0.0156043,False,True,8,0,105,0.00170622,8,,15,1,1509,19,19,8,0,15,19,16,0,97,1,1,0,0,0,0,0,0.00385163,0,5
screen2,0,2,psr-small/p45-s94-n4-l3-f50,E_A_allplans3,0.126427,True,0.130745,False,True,63,0,963,0.00750602,21,,15,1,5604,19,19,8,0,15,19,16.4286,13,900,1,1,0,0,0,0,0,0.12463,0,96
screen2,0,10,psr-small/p46-s97-n5-l2-f30,A_d2p2L_b2M_x1,2.9366,True,2.94859,False,True,2,9,32,0.451152,2,,17,1,300389,28,28,2,0,13,51,36,1,30,1,5,0,0,0,0,0,0.451972,0,6
screen2,0,11,psr-small/p46-s97-n5-l2-f30,B_d2p2L_b500k_s20k_x1,3.03789,True,3.05028,False,True,2,10,27,0.133054,2,,14,1,99638,28,28,2,0,8,54,35.5,1,25,1,7,0,0,0,0,0,0.133655,0,5
screen2,0,10,psr-small/p46-s97-n5-l2-f30,C_d1p2L_b500k_x1,2.70107,True,2.71268,False,True,2,5,32,0.18409,2,,17,1,160948,23,28,2,0,13,51,26,1,30,1,5,0,0,0,0,0,0.18492,0,6
screen2,0,15,psr-small/p46-s97-n5-l2-f30,D_d2L_b500k_x1,8.18675,True,8.19864,False,True,1,5,9,0.22431,1,,7,1,100978,28,28,2,0,3,61,51,0,8,1,5,0,0,0,0,0,0.224744,0,2
screen2,0,10,psr-small/p46-s97-n5-l2-f30,E_A_allplans3,3.12531,True,3.13772,False,True,6,9,96,0.53401,2,,17,1,300705,28,28,2,0,13,51,36,1,90,1,5,0,0,0,0,0,0.536671,0,18
screen2,0,4,psr-small/p47-s98-n5-l2-f50,A_d2p2L_b2M_x1,0.106377,True,0.113691,False,True,30,0,534,0.0554108,30,,19,1,50592,24,24,11,0,19,30,20.7,19,504,1,1,0,0,0,0,0,0.0892556,0,60
screen2,0,4,psr-small/p47-s98-n5-l2-f50,B_d2p2L_b500k_s20k_x1,0.109456,True,0.117486,False,True,30,0,534,0.0594133,30,,19,1,50592,24,24,11,0,19,30,20.7,19,504,1,1,0,0,0,0,0,0.0940384,0,60
screen2,0,7,psr-small/p47-s98-n5-l2-f50,C_d1p2L_b500k_x1,0.136405,True,0.14357,False,True,25,0,193,0.0022177,25,,13,1,2056,23,24,11,0,11,36,9.36,14,168,1,3,0,0,0,0,0,0.00531013,0,25
screen2,0,4,psr-small/p47-s98-n5-l2-f50,D_d2L_b500k_x1,0.0313119,True,0.0384338,False,True,11,0,169,0.00970093,11,,19,1,10349,24,24,11,0,19,30,20.1818,0,158,1,1,0,0,0,0,0,0.0137687,0,17
screen2,0,4,psr-small/p47-s98-n5-l2-f50,E_A_allplans3,1.17405,True,1.18208,False,True,90,0,1602,0.0725225,30,,19,1,51793,24,24,11,0,19,30,20.7,19,1512,1,1,0,0,0,0,0,1.15828,0,216
screen2,0,9,psr-small/p49-s105-n6-l2-f30,A_d2p2L_b2M_x1,6.71802,True,6.74701,False,True,18,100,358,2.93055,18,,39,1,2171111,40,40,21,0,39,88,30.5556,0,340,1,1,0,42,0,0,0,3.18288,0,55
screen2,0,9,psr-small/p49-s105-n6-l2-f30,B_d2p2L_b500k_s20k_x1,3.90597,True,3.93543,False,True,7,38,145,0.646286,7,,38,1,502967,40,40,21,0,38,89,28.1429,0,138,1,1,0,53,0,0,0,0.715356,0,22
screen2,0,9,psr-small/p49-s105-n6-l2-f30,C_d1p2L_b500k_x1,5.07741,True,5.10482,False,True,53,20,546,0.683793,53,,31,1,605680,39,40,21,0,31,96,10.6792,32,493,1,1,0,0,0,0,0,0.858675,0,120
screen2,0,11,psr-small/p49-s105-n6-l2-f30,D_d2L_b500k_x1,7.31512,True,7.34238,False,True,3,16,66,0.740285,3,,32,1,536652,37,40,21,0,32,95,27,0,63,1,1,0,18,0,0,0,0.750103,0,10
screen2,0,7,psr-small/p49-s105-n6-l2-f30,E_A_allplans3,8.88683,True,8.91729,False,True,48,90,948,3.19197,16,,41,1,2119314,40,40,21,0,41,86,30.9375,0,900,1,1,0,44,0,0,0,8.20962,0,161
screen2,0,2,psr-small/p50-s107-n6-l2-f70,A_d2p2L_b2M_x1,0.0326467,True,0.0391013,False,True,27,0,465,0.0165822,27,,19,1,13558,25,25,10,0,15,24,20.4815,17,438,1,5,0,0,0,0,0,0.0267962,0,22
screen2,0,2,psr-small/p50-s107-n6-l2-f70,B_d2p2L_b500k_s20k_x1,0.0337139,True,0.040717,False,True,27,0,465,0.0166194,27,,19,1,13558,25,25,10,0,15,24,20.4815,17,438,1,5,0,0,0,0,0,0.028143,0,22
screen2,0,3,psr-small/p50-s107-n6-l2-f70,C_d1p2L_b500k_x1,0.0154112,True,0.0215077,False,True,26,0,229,0.00440303,26,,19,1,5234,21,25,10,0,15,24,10.1538,16,203,1,5,0,0,0,0,0,0.00533893,0,2
screen2,0,2,psr-small/p50-s107-n6-l2-f70,D_d2L_b500k_x1,0.013161,True,0.0203786,False,True,10,0,146,0.00477756,10,,19,1,3999,25,25,10,0,15,24,20,0,136,1,5,0,0,0,0,0,0.00656646,0,5
screen2,0,2,psr-small/p50-s107-n6-l2-f70,E_A_allplans3,0.192775,True,0.200552,False,True,81,0,1395,0.0204938,27,,19,1,13766,25,25,10,0,15,24,20.4815,17,1314,1,5,0,0,0,0,0,0.187326,0,112
screen2,0,1,rovers/p05,A_d2p2L_b2M_x1,0.00464315,True,0.0179242,False,True,6,0,18,7.4757e-05,6,,10,0,53,10,11,4,0,1,1,3.66667,2,12,0,10,0,0,0,0,0,0.000124376,0,0
screen2,0,1,rovers/p05,B_d2p2L_b500k_s20k_x1,0.00439092,True,0.0150596,False,True,6,0,18,7.0508e-05,6,,10,0,53,10,11,4,0,1,1,3.66667,2,12,0,10,0,0,0,0,0,0.000115057,0,0
screen2,0,2,rovers/p05,C_d1p2L_b500k_x1,0.00436193,True,0.0170054,False,True,4,0,8,3.3977e-05,4,,8,0,12,8,11,4,0,1,3,2,0,4,0,8,0,0,0,0,0,7.3897e-05,0,0
screen2,0,2,rovers/p05,D_d2L_b500k_x1,0.00433008,True,0.0175561,False,True,4,0,8,4.4158e-05,4,,8,0,20,10,11,4,0,1,3,3,0,4,0,8,0,0,0,0,0,8.6184e-05,0,0
screen2,0,1,rovers/p05,E_A_allplans3,0.00490481,True,0.0178775,False,True,10,0,38,0.000103507,6,,10,2,53,10,11,4,0,3,1,3.66667,2,28,2,6,0,0,0,0,0,0.000317131,0,4
screen2,0,3,rovers/p27,A_d2p2L_b2M_x1,0.146278,True,4.38148,False,True,42,0,136,0.0194882,42,,36,0,5361,41,61,16,0,1,150,7.7381,26,94,0,36,0,0,0,0,0,0.0210796,0,0
screen2,0,3,rovers/p27,B_d2p2L_b500k_s20k_x1,0.14551,True,4.78028,False,True,42,0,136,0.0194884,42,,36,0,5361,41,61,16,0,1,150,7.7381,26,94,0,36,0,0,0,0,0,0.0210317,0,0
screen2,0,3,rovers/p27,C_d1p2L_b500k_x1,0.128232,True,5.69073,False,True,16,0,32,0.000334269,16,,32,0,48,32,61,16,0,1,154,2,0,16,0,32,0,0,0,0,0,0.00175002,0,0
screen2,0,3,rovers/p27,D_d2L_b500k_x1,0.130377,True,4.80543,False,True,16,0,32,0.00109311,16,,32,0,299,41,61,16,0,1,154,6.5,0,16,0,32,0,0,0,0,0,0.00236944,0,0
screen2,0,3,rovers/p27,E_A_allplans3,0.134143,True,5.22587,False,True,126,0,408,0.0367855,42,,64,2,6698,41,61,16,0,8,122,7.7381,26,282,2,50,0,0,0,0,0,0.0405441,0,26
screen2,0,2,rovers/p28,A_d2p2L_b2M_x1,0.135795,True,8.60841,False,True,36,0,116,0.04894,36,,32,0,9698,37,58,14,0,1,186,8.97222,22,80,0,32,0,0,0,0,0,0.0505369,0,0
screen2,0,2,rovers/p28,B_d2p2L_b500k_s20k_x1,0.143478,True,12.6613,False,True,36,0,116,0.0514948,36,,32,0,9698,37,58,14,0,1,186,8.97222,22,80,0,32,0,0,0,0,0,0.0533838,0,0
screen2,0,2,rovers/p28,C_d1p2L_b500k_x1,0.196236,True,12.5399,False,True,14,0,28,0.00029998,14,,28,0,42,28,58,14,0,1,190,2,0,14,0,28,0,0,0,0,0,0.00165559,0,0
screen2,0,2,rovers/p28,D_d2L_b500k_x1,0.199143,True,9.42554,False,True,14,0,28,0.00193864,14,,28,0,474,37,58,14,0,1,190,7.71429,0,14,0,28,0,0,0,0,0,0.00368192,0,0
screen2,0,2,rovers/p28,E_A_allplans3,0.212504,True,11.765,False,True,108,0,348,0.0829464,36,,56,2,10551,37,58,14,0,8,162,8.97222,22,240,2,44,0,0,0,0,0,0.0865717,0,22
screen2,0,2,rovers/p29,A_d2p2L_b2M_x1,0.108138,True,16.9853,False,True,24,0,76,0.0476485,24,,25,0,6613,29,65,10,0,1,242,9,14,52,0,25,0,0,0,0,0,0.0501388,0,0
screen2,0,2,rovers/p29,B_d2p2L_b500k_s20k_x1,0.0987894,True,16.1378,False,True,24,0,76,0.0443062,24,,25,0,6613,29,65,10,0,1,242,9,14,52,0,25,0,0,0,0,0,0.0464415,0,0
screen2,0,2,rovers/p29,C_d1p2L_b500k_x1,0.0606909,True,17.5759,False,True,10,0,20,0.000385444,10,,20,0,30,20,65,10,0,1,247,2,0,10,0,20,0,0,0,0,0,0.00241269,0,0
screen2,0,2,rovers/p29,D_d2L_b500k_x1,0.0559613,True,17.7305,False,True,10,0,20,0.00166102,10,,20,0,342,29,65,10,0,1,247,7.7,0,10,0,20,0,0,0,0,0,0.00376445,0,0
screen2,0,2,rovers/p29,E_A_allplans3,0.124273,True,17.446,False,True,72,0,228,0.0685343,24,,40,2,7158,29,65,10,0,6,227,9,14,156,2,32,0,0,0,0,0,0.0715628,0,14
screen2,0,3,rovers/p30,A_d2p2L_b2M_x1,43.3893,True,67.4179,False,True,51,0,166,0.122079,51,,42,0,16529,48,77,19,0,1,317,9.84314,32,115,0,42,0,0,0,0,0,0.126219,0,0
screen2,0,3,rovers/p30,B_d2p2L_b500k_s20k_x1,48.77,True,76.8362,False,True,51,0,166,0.141971,51,,42,0,16529,48,77,19,0,1,317,9.84314,32,115,0,42,0,0,0,0,0,0.145968,0,0
screen2,0,3,rovers/p30,C_d1p2L_b500k_x1,157.791,True,185.43,False,True,19,0,38,0.00059689,19,,38,0,57,38,77,19,0,1,321,2,0,19,0,38,0,0,0,0,0,0.00461942,0,0
screen2,0,3,rovers/p30,D_d2L_b500k_x1,163.559,True,190.577,False,True,19,0,38,0.0049172,19,,38,0,757,48,77,19,0,1,321,8.63158,0,19,0,38,0,0,0,0,0,0.00966689,0,0
screen2,0,3,rovers/p30,E_A_allplans3,72.9606,True,102.908,False,True,153,0,498,0.242044,51,,76,2,19999,48,77,19,0,13,283,9.84314,32,345,2,59,0,0,0,0,0,0.260283,0,32
screen2,0,3,rovers/p31,A_d2p2L_b2M_x1,0.917853,True,14.8423,False,True,50,0,162,0.0839303,50,,43,0,11044,48,82,19,0,1,292,8.62,31,112,0,43,0,0,0,0,0,0.0875374,0,0
screen2,0,3,rovers/p31,B_d2p2L_b500k_s20k_x1,0.940896,True,15.9346,False,True,50,0,162,0.0858091,50,,43,0,11044,48,82,19,0,1,292,8.62,31,112,0,43,0,0,0,0,0,0.0895158,0,0
screen2,0,3,rovers/p31,C_d1p2L_b500k_x1,1.00443,True,17.764,False,True,19,0,38,0.000589137,19,,38,0,57,38,82,19,0,1,297,2,0,19,0,38,0,0,0,0,0,0.00373961,0,0
screen2,0,3,rovers/p31,D_d2L_b500k_x1,1.03628,True,16.9662,False,True,19,0,38,0.00316703,19,,38,0,471,48,82,19,0,1,297,7.36842,0,19,0,38,0,0,0,0,0,0.00671997,0,0
screen2,0,3,rovers/p31,E_A_allplans3,0.940713,True,15.7509,False,True,150,0,486,0.171883,50,,76,2,14915,48,82,19,0,12,259,8.62,31,336,2,59,0,0,0,0,0,0.182476,0,31
screen2,0,1,satellite/p23-HC-pfile3,A_d2p2L_b2M_x1,0.133879,True,13.0826,False,True,132,0,481,0.113104,132,,53,0,88814,90,90,47,0,1,521,29.8939,85,349,0,53,0,0,0,0,0,0.123327,0,0
screen2,0,1,satellite/p23-HC-pfile3,B_d2p2L_b500k_s20k_x1,0.147324,True,16.6092,False,True,132,0,481,0.125116,132,,53,0,88814,90,90,47,0,1,521,29.8939,85,349,0,53,0,0,0,0,0,0.136386,0,0
screen2,0,1,satellite/p23-HC-pfile3,C_d1p2L_b500k_x1,0.0762013,True,14.8788,False,True,132,0,481,0.0569351,132,,53,0,47209,83,90,47,0,1,521,23.6894,85,349,0,53,0,0,0,0,0,0.0650057,0,0
screen2,0,1,satellite/p23-HC-pfile3,D_d2L_b500k_x1,0.0341113,True,17.9505,False,True,47,0,141,0.0123661,47,,53,0,7944,90,90,47,0,1,521,29.3404,0,94,0,53,0,0,0,0,0,0.0224366,0,0
screen2,0,1,satellite/p23-HC-pfile3,E_A_allplans3,3.59474,True,21.9367,False,True,396,0,1443,0.548155,132,,151,3,308404,90,90,47,0,21,423,29.8939,85,1047,3,107,0,0,0,0,0,3.6478,0,85
screen2,0,1,satellite/p25-HC-pfile5,A_d2p2L_b2M_x1,0.220612,True,47.1569,False,True,174,0,636,0.196393,174,,62,0,138379,102,102,60,0,1,849,38.931,114,462,0,62,0,0,0,0,0,0.206941,0,0
screen2,0,1,satellite/p25-HC-pfile5,B_d2p2L_b500k_s20k_x1,0.215931,True,51.6683,False,True,174,0,636,0.187741,174,,62,0,138379,102,102,60,0,1,849,38.931,114,462,0,62,0,0,0,0,0,0.202699,0,0
screen2,0,1,satellite/p25-HC-pfile5,C_d1p2L_b500k_x1,0.16235,True,50.4759,False,True,174,0,636,0.134745,174,,62,0,119972,94,102,60,0,1,849,30.931,114,462,0,62,0,0,0,0,0,0.148416,0,0
screen2,0,1,satellite/p25-HC-pfile5,D_d2L_b500k_x1,0.0445301,True,48.6326,False,True,60,0,180,0.0160494,60,,62,0,10254,102,102,60,0,1,849,37.6667,0,120,0,62,0,0,0,0,0,0.0303979,0,0
screen2,0,1,satellite/p25-HC-pfile5,E_A_allplans3,10.1495,True,61.2549,False,True,522,0,1908,1.08305,174,,186,2,582474,102,102,60,0,44,725,38.931,114,1386,1,128,0,0,0,0,0,10.2741,0,114
screen2,0,1,satellite/p26-HC-pfile6,A_d2p2L_b2M_x1,0.180635,True,62.1612,False,True,180,0,656,0.159628,180,,68,0,114877,112,112,64,0,1,693,30.2611,116,476,0,68,0,0,0,0,0,0.171094,0,0
screen2,0,1,satellite/p26-HC-pfile6,B_d2p2L_b500k_s20k_x1,0.207602,True,60.0138,False,True,180,0,656,0.1853,180,,68,0,114877,112,112,64,0,1,693,30.2611,116,476,0,68,0,0,0,0,0,0.198035,0,0
screen2,0,1,satellite/p26-HC-pfile6,C_d1p2L_b500k_x1,0.0974917,True,60.2728,False,True,180,0,656,0.0723415,180,,68,0,61353,104,112,64,0,1,693,23.5444,116,476,0,68,0,0,0,0,0,0.0871245,0,0
screen2,0,1,satellite/p26-HC-pfile6,D_d2L_b500k_x1,0.0444154,True,63.5852,False,True,64,0,192,0.0198573,64,,68,0,9642,112,112,64,0,1,693,29.625,0,128,0,68,0,0,0,0,0,0.0339366,0,0
screen2,0,1,satellite/p26-HC-pfile6,E_A_allplans3,3.28092,True,64.164,False,True,540,0,1968,0.785252,180,,206,4,461991,112,112,64,0,20,555,30.2611,116,1428,4,146,0,0,0,0,0,3.28611,0,116
screen2,0,1,scanalyzer-08-strips/p04,A_d2p2L_b2M_x1,1.30938,True,1.38864,False,True,37,0,84,0.0748895,37,,26,0,17902,16,16,16,0,1,870,11.0811,29,47,0,26,0,0,0,0,0,0.0765901,0,0
screen2,0,1,scanalyzer-08-strips/p04,B_d2p2L_b500k_s20k_x1,1.4898,True,1.57637,False,True,37,0,84,0.0815027,37,,26,0,17902,16,16,16,0,1,870,11.0811,29,47,0,26,0,0,0,0,0,0.0831505,0,0
screen2,0,1,scanalyzer-08-strips/p04,C_d1p2L_b500k_x1,1.61993,True,1.7076,False,True,37,0,84,0.0971722,37,,26,0,17902,16,16,16,0,1,870,11.0811,29,47,0,26,0,0,0,0,0,0.0989478,0,0
screen2,0,1,scanalyzer-08-strips/p04,D_d2L_b500k_x1,0.93233,True,1.02543,False,True,8,0,16,0.021444,8,,14,0,677,16,16,16,0,1,882,17,0,8,0,14,0,0,0,0,0,0.023055,0,0
screen2,0,1,scanalyzer-08-strips/p04,E_A_allplans3,1.78304,True,1.87454,False,True,95,0,220,0.246411,37,,32,0,56545,16,16,16,0,1,864,11.0811,29,125,0,32,0,0,0,0,0,0.249965,0,0
screen2,0,2,scanalyzer-08-strips/p05,A_d2p2L_b2M_x1,14.8795,True,14.9466,False,True,37,27,157,4.98452,37,,54,0,1347899,16,16,16,0,1,842,10.2703,29,120,0,54,0,0,0,0,0,4.98646,0,0
screen2,0,2,scanalyzer-08-strips/p05,B_d2p2L_b500k_s20k_x1,8.2999,True,8.36356,False,True,35,27,145,1.81032,35,,51,0,546034,16,16,16,0,1,845,10.1143,27,110,0,51,0,2,0,0,0,1.81222,0,0
screen2,0,2,scanalyzer-08-strips/p05,C_d1p2L_b500k_x1,15.371,True,15.4387,False,True,30,12,120,2.46433,30,,35,0,563763,16,16,16,0,1,861,10.8333,22,90,0,35,0,7,0,0,0,2.46626,0,0
screen2,0,1,scanalyzer-08-strips/p05,D_d2L_b500k_x1,0.591861,True,0.656914,False,True,8,0,22,0.0295368,8,,20,0,10390,16,16,16,0,1,876,17,0,14,0,20,0,0,0,0,0,0.0315187,0,0
screen2,0,2,scanalyzer-08-strips/p05,E_A_allplans3,17.8123,True,17.8791,False,True,103,27,455,7.73689,37,,88,1,1496382,16,16,16,0,3,808,10.2703,29,352,1,86,0,0,0,0,0,7.74009,0,2
screen2,0,1,scanalyzer-08-strips/p07,A_d2p2L_b2M_x1,7.54654,True,7.8369,False,True,47,0,108,0.52022,47,,34,0,101149,20,20,20,0,1,2216,13.4894,37,61,0,34,0,0,0,0,0,0.527473,0,0
screen2,0,1,scanalyzer-08-strips/p07,B_d2p2L_b500k_s20k_x1,9.05186,True,9.42893,False,True,47,3,108,0.822326,47,,38,0,143399,20,20,20,0,1,2212,13.4255,37,61,0,38,0,0,0,0,0,0.833517,0,0
screen2,0,1,scanalyzer-08-strips/p07,C_d1p2L_b500k_x1,7.9401,True,8.26872,False,True,47,0,108,0.635684,47,,34,0,101149,20,20,20,0,1,2216,13.4894,37,61,0,34,0,0,0,0,0,0.646665,0,0
screen2,0,1,scanalyzer-08-strips/p07,D_d2L_b500k_x1,6.86627,True,7.19825,False,True,10,0,20,0.0777101,10,,18,0,1905,20,20,20,0,1,2232,21,0,10,0,18,0,0,0,0,0,0.0866467,0,0
screen2,0,1,scanalyzer-08-strips/p07,E_A_allplans3,8.80607,True,9.10973,False,True,121,0,284,2.09918,47,,50,1,370032,20,20,20,0,4,2200,13.4894,37,163,1,47,0,0,0,0,0,2.10675,0,4
screen2,0,3,schedule/probschedule-10-2,A_d2p2L_b2M_x1,2.29015,True,2.51793,False,True,27,124,47,2.24256,27,,11,1,873700,84,99,10,0,2,170,53.0741,17,20,1,10,0,0,0,0,0,2.24494,0,1
screen2,0,3,schedule/probschedule-10-2,B_d2p2L_b500k_s20k_x1,1.04177,True,1.27633,False,True,27,126,47,1.00014,27,,11,1,466056,84,99,10,0,2,170,50.7407,17,20,1,10,0,0,0,0,0,1.00269,0,1
screen2,0,2,schedule/probschedule-10-2,C_d1p2L_b500k_x1,0.0376345,True,0.265845,False,True,24,0,44,0.0106483,24,,15,1,3954,47,99,10,0,2,166,11.75,14,20,1,14,0,0,0,0,0,0.0131438,0,1
screen2,0,3,schedule/probschedule-10-2,D_d2L_b500k_x1,0.0549563,True,0.29033,False,True,10,21,10,0.0103812,10,,10,0,1050,84,99,10,0,1,171,41.1,0,0,0,10,0,0,0,0,0,0.0129321,0,0
screen2,0,2,schedule/probschedule-10-2,E_A_allplans3,2.82176,True,3.04708,False,True,61,124,109,2.77648,27,,18,1,962254,84,99,10,0,11,163,53.0741,17,48,1,8,0,0,0,0,0,2.80305,0,17
screen2,0,3,schedule/probschedule-12-2,A_d2p2L_b2M_x1,0.504074,True,0.932095,False,True,33,182,54,0.440118,33,,13,0,294769,110,117,12,0,1,204,56.3333,21,21,0,13,0,0,0,0,0,0.44345,0,0
screen2,0,3,schedule/probschedule-12-2,B_d2p2L_b500k_s20k_x1,0.532127,True,0.989748,False,True,33,182,54,0.46077,33,,13,0,294769,110,117,12,0,1,204,56.3333,21,21,0,13,0,0,0,0,0,0.464666,0,0
screen2,0,2,schedule/probschedule-12-2,C_d1p2L_b500k_x1,0.0562682,True,0.489056,False,True,30,0,51,0.00883441,30,,18,0,3373,66,117,12,0,1,199,13.1667,18,21,0,18,0,0,0,0,0,0.0126204,0,0
screen2,0,3,schedule/probschedule-12-2,D_d2L_b500k_x1,0.0710564,True,0.486692,False,True,12,35,12,0.0149383,12,,12,0,1238,110,117,12,0,1,205,46.4167,0,0,0,12,0,0,0,0,0,0.0184903,0,0
screen2,0,3,schedule/probschedule-12-2,E_A_allplans3,1.18681,True,1.64295,False,True,87,182,149,1.12136,33,,26,1,468336,110,117,12,0,13,191,56.3333,21,62,1,14,0,0,0,0,0,1.12658,0,11
screen2,0,2,schedule/probschedule-13-0,A_d2p2L_b2M_x1,2.95156,True,3.54646,False,True,36,203,62,2.85498,36,,15,1,1118641,114,126,13,0,2,220,55.9722,23,26,1,14,0,0,0,0,0,2.85901,0,1
screen2,0,2,schedule/probschedule-13-0,B_d2p2L_b500k_s20k_x1,1.16568,True,1.69937,False,True,33,182,56,1.06705,33,,15,1,503333,114,126,13,0,2,220,53.5758,20,23,1,14,0,3,0,0,0,1.0712,0,1
screen2,0,2,schedule/probschedule-13-0,C_d1p2L_b500k_x1,0.0696377,True,0.643705,False,True,33,0,57,0.0166898,33,,19,1,5658,76,126,13,0,2,216,14.7576,20,24,1,18,0,0,0,0,0,0.0213888,0,1
screen2,0,3,schedule/probschedule-13-0,D_d2L_b500k_x1,0.0766952,True,0.624625,False,True,13,42,13,0.0200146,13,,13,0,1417,114,126,13,0,1,222,48.4615,0,0,0,13,0,0,0,0,0,0.0242762,0,0
screen2,0,2,schedule/probschedule-13-0,E_A_allplans3,4.45411,True,5.04677,False,True,88,203,153,4.42401,36,,28,1,1359526,114,126,13,0,12,207,55.9722,23,65,1,17,0,0,0,0,0,4.42943,0,8
screen2,0,1,schedule/probschedule-3-0,A_d2p2L_b2M_x1,0.00973518,True,0.0232956,False,True,6,0,10,0.00414669,6,,5,0,3857,36,36,3,0,1,50,32.5,3,4,0,5,0,0,0,0,0,0.00444109,0,0
screen2,0,1,schedule/probschedule-3-0,B_d2p2L_b500k_s20k_x1,0.00974422,True,0.0218564,False,True,6,0,10,0.00384269,6,,5,0,3857,36,36,3,0,1,50,32.5,3,4,0,5,0,0,0,0,0,0.00414672,0,0
screen2,0,1,schedule/probschedule-3-0,C_d1p2L_b500k_x1,0.00694124,True,0.0193562,False,True,6,0,10,0.000930328,6,,5,0,915,26,36,3,0,1,50,16.3333,3,4,0,5,0,0,0,0,0,0.00121569,0,0
screen2,0,2,schedule/probschedule-3-0,D_d2L_b500k_x1,0.00804394,True,0.0210916,False,True,3,0,3,0.000432567,3,,3,0,71,36,36,3,0,1,52,30,0,0,0,3,0,0,0,0,0,0.000699291,0,0
screen2,0,1,schedule/probschedule-3-0,E_A_allplans3,0.0127815,True,0.0265954,False,True,15,0,27,0.0070934,6,,7,1,5032,36,36,3,0,2,48,32.5,3,12,1,6,0,0,0,0,0,0.00750666,0,1
screen2,0,1,schedule/probschedule-3-2,A_d2p2L_b2M_x1,0.0101531,True,0.0226339,False,True,6,0,10,0.00458338,6,,5,0,3736,36,36,3,0,1,50,29.5,3,4,0,5,0,0,0,0,0,0.00486789,0,0
screen2,0,1,schedule/probschedule-3-2,B_d2p2L_b500k_s20k_x1,0.0098541,True,0.0213883,False,True,6,0,10,0.00417281,6,,5,0,3736,36,36,3,0,1,50,29.5,3,4,0,5,0,0,0,0,0,0.00444616,0,0
screen2,0,1,schedule/probschedule-3-2,C_d1p2L_b500k_x1,0.00703984,True,0.020316,False,True,6,0,10,0.000989948,6,,5,0,813,20,36,3,0,1,50,13,3,4,0,5,0,0,0,0,0,0.00128742,0,0
screen2,0,2,schedule/probschedule-3-2,D_d2L_b500k_x1,0.00757748,True,0.0208087,False,True,3,0,3,0.000406376,3,,3,0,85,36,36,3,0,1,52,26,0,0,0,3,0,0,0,0,0,0.000647173,0,0
screen2,0,1,schedule/probschedule-3-2,E_A_allplans3,0.0134868,True,0.0267784,False,True,14,0,26,0.00658101,6,,6,1,4293,36,36,3,0,6,49,29.5,3,12,1,1,0,0,0,0,0,0.00705426,0,4
screen2,0,1,schedule/probschedule-4-0,A_d2p2L_b2M_x1,0.0127113,True,0.032119,False,True,9,0,15,0.00630358,9,,7,0,5087,45,45,4,0,1,66,32.8889,5,6,0,7,0,0,0,0,0,0.00670101,0,0
screen2,0,1,schedule/probschedule-4-0,B_d2p2L_b500k_s20k_x1,0.0125483,True,0.030406,False,True,9,0,15,0.00577385,9,,7,0,5087,45,45,4,0,1,66,32.8889,5,6,0,7,0,0,0,0,0,0.00615359,0,0
screen2,0,1,schedule/probschedule-4-0,C_d1p2L_b500k_x1,0.0087094,True,0.0267684,False,True,9,0,15,0.00102211,9,,7,0,782,23,45,4,0,1,66,12.2222,5,6,0,7,0,0,0,0,0,0.00142215,0,0
screen2,0,2,schedule/probschedule-4-0,D_d2L_b500k_x1,0.0117741,True,0.0296375,False,True,4,0,4,0.000633564,4,,4,0,120,45,45,4,0,1,69,27.75,0,0,0,4,0,0,0,0,0,0.000999512,0,0
screen2,0,1,schedule/probschedule-4-0,E_A_allplans3,0.0187144,True,0.0381534,False,True,24,0,42,0.0114525,9,,10,1,6879,45,45,4,0,2,63,32.8889,5,18,1,9,0,0,0,0,0,0.0120389,0,1
screen2,0,1,schedule/probschedule-4-2,A_d2p2L_b2M_x1,0.0135952,True,0.0293233,False,True,9,0,15,0.00575358,9,,5,0,4354,45,45,4,0,1,68,32.5556,5,6,0,5,0,0,0,0,0,0.00616122,0,0
screen2,0,1,schedule/probschedule-4-2,B_d2p2L_b500k_s20k_x1,0.0133488,True,0.0299723,False,True,9,0,15,0.00544212,9,,5,0,4354,45,45,4,0,1,68,32.5556,5,6,0,5,0,0,0,0,0,0.00587027,0,0
screen2,0,1,schedule/probschedule-4-2,C_d1p2L_b500k_x1,0.00732561,True,0.0242963,False,True,8,0,13,0.000738405,8,,6,0,457,22,45,4,0,1,67,10.25,4,5,0,6,0,0,0,0,0,0.00112364,0,0
screen2,0,2,schedule/probschedule-4-2,D_d2L_b500k_x1,0.00889099,True,0.0224511,False,True,4,0,4,0.000602387,4,,4,0,96,45,45,4,0,1,69,27,0,0,0,4,0,0,0,0,0,0.000940692,0,0
screen2,0,1,schedule/probschedule-4-2,E_A_allplans3,0.017949,True,0.03489,False,True,22,0,40,0.0114118,9,,8,1,6516,45,45,4,0,7,65,32.5556,5,18,1,2,0,0,0,0,0,0.0120186,0,3
screen2,0,1,schedule/probschedule-5-0,A_d2p2L_b2M_x1,0.0422147,True,0.0822935,False,True,12,0,19,0.0349763,12,,5,0,24255,54,54,5,0,1,86,44.25,7,7,0,5,0,0,0,0,0,0.0355834,0,0
screen2,0,1,schedule/probschedule-5-0,B_d2p2L_b500k_s20k_x1,0.0389474,True,0.0754251,False,True,12,0,19,0.0332823,12,,5,0,24255,54,54,5,0,1,86,44.25,7,7,0,5,0,0,0,0,0,0.0338476,0,0
screen2,0,1,schedule/probschedule-5-0,C_d1p2L_b500k_x1,0.0104053,True,0.0489634,False,True,12,0,20,0.00236365,12,,6,0,1534,30,54,5,0,1,85,13.75,7,8,0,6,0,0,0,0,0,0.00297801,0,0
screen2,0,2,schedule/probschedule-5-0,D_d2L_b500k_x1,0.0167262,True,0.0569092,False,True,5,0,5,0.00115623,5,,4,0,186,54,54,5,0,1,87,34.8,0,0,0,4,0,0,0,0,0,0.00176709,0,0
screen2,0,1,schedule/probschedule-5-0,E_A_allplans3,0.0628677,True,0.1019,False,True,29,0,50,0.0559207,12,,10,1,29896,54,54,5,0,6,81,44.25,7,21,1,5,0,0,0,0,0,0.0567325,0,4
screen2,0,2,schedule/probschedule-5-1,A_d2p2L_b2M_x1,0.0221198,True,0.0631808,False,True,12,0,19,0.00943775,12,,7,0,9751,54,54,5,0,1,84,44.25,7,7,0,7,0,0,0,0,0,0.0100099,0,0
screen2,0,2,schedule/probschedule-5-1,B_d2p2L_b500k_s20k_x1,0.0210801,True,0.0614947,False,True,12,0,19,0.00872553,12,,7,0,9751,54,54,5,0,1,84,44.25,7,7,0,7,0,0,0,0,0,0.00928285,0,0
screen2,0,1,schedule/probschedule-5-1,C_d1p2L_b500k_x1,0.0109813,True,0.0516279,False,True,12,0,20,0.00188207,12,,8,0,1396,32,54,5,0,1,83,14,7,8,0,8,0,0,0,0,0,0.00253066,0,0
screen2,0,2,schedule/probschedule-5-1,D_d2L_b500k_x1,0.0164993,True,0.0555704,False,True,5,0,5,0.0011211,5,,5,0,181,54,54,5,0,1,86,34.8,0,0,0,5,0,0,0,0,0,0.00165886,0,0
screen2,0,2,schedule/probschedule-5-1,E_A_allplans3,0.0315646,True,0.0738958,False,True,33,0,54,0.0201849,12,,14,0,14096,54,54,5,0,1,77,44.25,7,21,0,14,0,0,0,0,0,0.0208918,0,0
screen2,0,2,schedule/probschedule-5-2,A_d2p2L_b2M_x1,0.0664903,True,0.105977,False,True,12,0,21,0.0506869,12,,7,1,34523,54,54,5,0,2,84,44.25,7,9,1,6,0,0,0,0,0,0.0513442,0,1
screen2,0,2,schedule/probschedule-5-2,B_d2p2L_b500k_s20k_x1,0.0610738,True,0.0989161,False,True,12,0,21,0.0532139,12,,7,1,34523,54,54,5,0,2,84,44.25,7,9,1,6,0,0,0,0,0,0.0538468,0,1
screen2,0,2,schedule/probschedule-5-2,C_d1p2L_b500k_x1,0.0149982,True,0.0549416,False,True,12,0,22,0.00267077,12,,7,1,1640,30,54,5,0,2,84,13.75,7,10,1,6,0,0,0,0,0,0.00340489,0,1
screen2,0,3,schedule/probschedule-5-2,D_d2L_b500k_x1,0.0213633,True,0.0573529,False,True,5,0,5,0.00101165,5,,5,0,173,54,54,5,0,1,86,34.8,0,0,0,5,0,0,0,0,0,0.00150582,0,0
screen2,0,2,schedule/probschedule-5-2,E_A_allplans3,0.107141,True,0.146925,False,True,28,0,49,0.105289,12,,11,1,44051,54,54,5,0,6,80,44.25,7,21,1,6,0,0,0,0,0,0.106656,0,3
screen2,0,3,storage/p07,A_d2p2L_b2M_x1,0.073978,True,0.0807559,False,True,6,0,48,0.00132818,6,,13,1,643,17,17,3,0,6,63,15.5,3,42,1,8,0,0,0,0,0,0.00173101,0,3
screen2,0,3,storage/p07,B_d2p2L_b500k_s20k_x1,0.0776312,True,0.0842648,False,True,6,0,48,0.00130303,6,,13,1,643,17,17,3,0,6,63,15.5,3,42,1,8,0,0,0,0,0,0.00175301,0,3
screen2,0,3,storage/p07,C_d1p2L_b500k_x1,0.197207,True,0.204153,False,True,6,0,48,0.010336,6,,18,0,11873,14,17,3,0,1,58,11,3,42,0,18,0,0,0,0,0,0.0106577,0,0
screen2,0,4,storage/p07,D_d2L_b500k_x1,0.399411,True,0.405026,False,True,3,0,18,0.000462574,3,,10,0,48,17,17,3,0,1,66,15,0,15,0,10,0,0,0,0,0,0.000667404,0,0
screen2,0,3,storage/p07,E_A_allplans3,0.0351347,True,0.0418498,False,True,18,0,144,0.00201632,6,,20,1,924,17,17,3,0,10,56,15.5,3,126,1,11,0,0,0,0,0,0.00305817,0,9
screen2,0,4,storage/p12,A_d2p2L_b2M_x1,32.9609,True,33.0216,False,True,9,0,47,0.0504602,9,,13,1,14163,26,26,4,0,8,365,23.5556,5,38,1,6,0,0,0,0,0,0.052607,0,5
screen2,0,4,storage/p12,B_d2p2L_b500k_s20k_x1,30.6465,True,30.7095,False,True,9,0,47,0.0486145,9,,13,1,14163,26,26,4,0,8,365,23.5556,5,38,1,6,0,0,0,0,0,0.0507954,0,5
screen2,0,4,storage/p12,C_d1p2L_b500k_x1,45.8743,True,45.9427,False,True,8,16,40,1.71508,8,,17,1,608864,22,26,4,0,2,361,15.375,4,32,1,16,0,1,0,0,0,1.71713,0,1
screen2,0,4,storage/p12,D_d2L_b500k_x1,32.8407,True,32.9061,False,True,4,0,12,0.00398605,4,,9,0,206,26,26,4,0,1,369,23,0,8,0,9,0,0,0,0,0,0.00607358,0,0
screen2,0,4,storage/p12,E_A_allplans3,40.9357,True,41.0028,False,True,19,0,117,0.103569,9,,17,1,25593,26,26,4,0,13,361,23.5556,5,98,1,5,0,0,0,0,0,0.108438,0,15
screen2,0,3,storage/p14,A_d2p2L_b2M_x1,6.19083,True,6.26619,False,True,12,0,76,0.0348222,12,,16,0,11052,29,29,5,0,1,348,25.5833,7,64,0,16,0,0,0,0,0,0.0379043,0,0
screen2,0,3,storage/p14,B_d2p2L_b500k_s20k_x1,5.11617,True,5.19075,False,True,12,0,76,0.0354548,12,,16,0,11052,29,29,5,0,1,348,25.5833,7,64,0,16,0,0,0,0,0,0.0386932,0,0
screen2,0,3,storage/p14,C_d1p2L_b500k_x1,7.96377,True,8.04732,False,True,11,0,75,0.397434,11,,22,1,164918,24,29,5,0,4,342,13,6,64,1,19,0,0,0,0,0,0.400325,0,1
screen2,0,4,storage/p14,D_d2L_b500k_x1,35.0983,True,35.1771,False,True,5,0,25,0.00455444,5,,13,0,337,29,29,5,0,1,351,25,0,20,0,13,0,0,0,0,0,0.00720346,0,0
screen2,0,3,storage/p14,E_A_allplans3,7.37327,True,7.44719,False,True,36,0,228,0.0575772,12,,32,1,20227,29,29,5,0,14,332,25.5833,7,192,1,19,0,0,0,0,0,0.0641436,0,8
screen2,0,3,storage/p15,A_d2p2L_b2M_x1,22.4853,True,22.6102,False,True,12,0,56,0.138808,12,,15,1,37310,31,31,5,0,3,531,27.5833,7,44,1,13,0,0,0,0,0,0.145101,0,1
screen2,0,3,storage/p15,B_d2p2L_b500k_s20k_x1,22.1052,True,22.2513,False,True,12,0,56,0.128948,12,,15,1,37310,31,31,5,0,3,531,27.5833,7,44,1,13,0,0,0,0,0,0.133985,0,1
screen2,0,3,storage/p15,C_d1p2L_b500k_x1,21.2676,True,21.4235,False,True,11,4,48,0.349451,11,,12,1,117492,26,31,5,0,3,534,14.9091,6,37,1,10,0,0,0,0,0,0.354833,0,1
screen2,0,3,storage/p15,D_d2L_b500k_x1,18.134,True,18.2637,False,True,5,0,15,0.00770505,5,,11,0,268,31,31,5,0,1,535,27,0,10,0,11,0,0,0,0,0,0.0132464,0,0
screen2,0,3,storage/p15,E_A_allplans3,24.333,True,24.4539,False,True,22,0,118,0.164994,12,,15,1,50094,31,31,5,0,12,531,27.5833,7,96,1,4,0,0,0,0,0,0.171536,0,11
screen2,0,4,thoughtful-sat14-strips/bootstrap-typed-04,A_d2p2L_b2M_x1,45.715,True,47.782,False,True,9,54,74,13.0611,9,,36,0,1581862,58,118,4,0,1,821,28,5,65,0,36,0,0,0,0,0,13.1224,0,0
screen2,0,4,thoughtful-sat14-strips/bootstrap-typed-04,B_d2p2L_b500k_s20k_x1,39.0927,True,41.2574,False,True,7,43,49,3.71624,7,,35,0,536988,58,118,4,0,1,822,27.1429,3,42,0,35,0,2,0,0,0,3.78409,0,0
screen2,0,4,thoughtful-sat14-strips/bootstrap-typed-04,C_d1p2L_b500k_x1,41.3109,True,43.228,False,True,9,0,50,0.384426,9,,24,0,50220,29,118,4,0,1,833,15.5556,5,41,0,24,0,0,0,0,0,0.454818,0,0
screen2,0,4,thoughtful-sat14-strips/bootstrap-typed-04,D_d2L_b500k_x1,36.284,True,38.1355,False,True,4,24,24,4.335,4,,24,0,589817,58,118,4,0,1,833,32.5,0,20,0,24,0,0,0,0,0,4.40075,0,0
screen2,0,4,thoughtful-sat14-strips/bootstrap-typed-04,E_A_allplans3,54.484,True,56.5981,False,True,27,54,222,15.7172,9,,45,1,1741731,58,118,4,0,3,812,28,5,195,1,43,0,0,0,0,0,15.7879,0,2
screen2,0,2,tpp/p21,A_d2p2L_b2M_x1,0.352759,True,26.986,False,True,11,0,108,0.296645,11,,33,11,159793,108,139,11,0,3,250,9.81818,0,97,11,11,0,0,0,0,0,0.306411,0,25
screen2,0,2,tpp/p21,B_d2p2L_b500k_s20k_x1,0.360704,True,30.4456,False,True,11,12,93,0.291959,11,,30,8,198403,102,139,11,0,3,253,9.27273,0,58,8,14,0,0,0,0,0,0.304463,0,13
screen2,0,2,tpp/p21,C_d1p2L_b500k_x1,0.0897503,True,26.4402,False,True,11,0,72,0.0281437,11,,22,3,24150,77,139,11,0,2,261,7,0,21,3,19,0,0,0,0,0,0.038382,0,5
screen2,0,2,tpp/p21,D_d2L_b500k_x1,0.347933,True,24.8498,False,True,11,0,108,0.283867,11,,33,11,159793,108,139,11,0,3,250,9.81818,0,97,11,11,0,0,0,0,0,0.294399,0,25
screen2,0,2,tpp/p21,E_A_allplans3,0.5793,True,27.0292,False,True,33,0,324,0.520044,11,,77,11,170298,108,139,11,0,3,206,9.81818,0,291,11,55,0,0,0,0,0,0.534716,0,75
screen2,0,2,tpp/p23,A_d2p2L_b2M_x1,0.304817,True,45.9128,False,True,13,0,105,0.229488,13,,39,10,129489,127,163,13,0,3,291,9.76923,0,92,10,19,0,0,0,0,0,0.245935,0,22
screen2,0,2,tpp/p23,B_d2p2L_b500k_s20k_x1,0.320024,True,40.3462,False,True,13,8,95,0.237802,13,,37,8,155331,123,163,13,0,3,293,9.46154,0,66,8,21,0,0,0,0,0,0.25875,0,14
screen2,0,2,tpp/p23,C_d1p2L_b500k_x1,0.098757,True,40.4036,False,True,13,0,70,0.0259229,13,,26,0,20413,91,163,13,0,1,304,7,0,13,0,26,0,0,0,0,0,0.0411526,0,0
screen2,0,2,tpp/p23,D_d2L_b500k_x1,0.294477,True,43.209,False,True,13,0,105,0.220647,13,,39,10,129489,127,163,13,0,3,291,9.76923,0,92,10,19,0,0,0,0,0,0.239066,0,22
screen2,0,2,tpp/p23,E_A_allplans3,0.5033,True,43.1181,False,True,39,0,315,0.423088,13,,91,10,150919,127,163,13,0,3,239,9.76923,0,276,10,71,0,0,0,0,0,0.442498,0,66
screen2,0,2,tpp/p24,A_d2p2L_b2M_x1,0.223059,True,51.5887,False,True,14,0,105,0.126008,14,,42,12,71500,136,174,14,0,3,308,9.71429,0,91,12,18,0,0,0,0,0,0.143921,0,21
screen2,0,2,tpp/p24,B_d2p2L_b500k_s20k_x1,0.214057,True,54.6589,False,True,14,4,100,0.116778,14,,41,11,84659,134,174,14,0,3,309,9.57143,0,78,11,19,0,0,0,0,0,0.133492,0,17
screen2,0,2,tpp/p24,C_d1p2L_b500k_x1,0.110281,True,52.4711,False,True,14,0,70,0.0171406,14,,28,1,12696,98,174,14,0,2,322,7,0,16,1,27,0,0,0,0,0,0.037662,0,1
screen2,0,2,tpp/p24,D_d2L_b500k_x1,0.23099,True,54.6551,False,True,14,0,105,0.126852,14,,42,12,71500,136,174,14,0,3,308,9.71429,0,91,12,18,0,0,0,0,0,0.146748,0,21
screen2,0,2,tpp/p24,E_A_allplans3,0.196198,True,53.2329,False,True,42,0,315,0.137393,14,,98,12,87948,136,174,14,0,3,252,9.71429,0,273,12,74,0,0,0,0,0,0.15049,0,63
screen2,0,1,transport-opt08-strips/p04,A_d2p2L_b2M_x1,0.0185199,True,0.0354182,False,True,12,0,120,0.0149763,12,,10,0,12084,7,7,5,0,1,10,7,7,108,0,10,0,0,0,0,0,0.0151748,0,0
screen2,0,1,transport-opt08-strips/p04,B_d2p2L_b500k_s20k_x1,0.0199154,True,0.0398951,False,True,12,0,120,0.0142161,12,,10,0,12084,7,7,5,0,1,10,7,7,108,0,10,0,0,0,0,0,0.0143594,0,0
screen2,0,1,transport-opt08-strips/p04,C_d1p2L_b500k_x1,0.00575768,True,0.023,False,True,12,0,38,0.000789455,12,,10,0,913,7,7,5,0,1,10,3.58333,7,26,0,10,0,0,0,0,0,0.000862863,0,0
screen2,0,1,transport-opt08-strips/p04,D_d2L_b500k_x1,0.010499,True,0.0283367,False,True,5,0,50,0.00570412,5,,10,0,5035,7,7,5,0,1,10,7,0,45,0,10,0,0,0,0,0,0.00582325,0,0
screen2,0,1,transport-opt08-strips/p04,E_A_allplans3,0.0283519,True,0.0480062,False,True,36,0,360,0.0228234,12,,12,1,12084,7,7,5,0,2,8,7,7,324,1,11,0,0,0,0,0,0.023252,0,12
screen2,0,1,transport-opt08-strips/p14,A_d2p2L_b2M_x1,0.0185839,True,0.0416465,False,True,12,0,120,0.0136602,12,,10,0,12084,7,7,5,0,1,10,7,7,108,0,10,0,0,0,0,0,0.015807,0,0
screen2,0,1,transport-opt08-strips/p14,B_d2p2L_b500k_s20k_x1,0.0201723,True,0.0460517,False,True,12,0,120,0.0142947,12,,10,0,12084,7,7,5,0,1,10,7,7,108,0,10,0,0,0,0,0,0.0144232,0,0
screen2,0,1,transport-opt08-strips/p14,C_d1p2L_b500k_x1,0.00590583,True,0.0317463,False,True,12,0,38,0.000792611,12,,10,0,913,7,7,5,0,1,10,3.58333,7,26,0,10,0,0,0,0,0,0.000878191,0,0
screen2,0,1,transport-opt08-strips/p14,D_d2L_b500k_x1,0.0102168,True,0.0296355,False,True,5,0,50,0.00527726,5,,10,0,5035,7,7,5,0,1,10,7,0,45,0,10,0,0,0,0,0,0.00540512,0,0
screen2,0,1,transport-opt08-strips/p14,E_A_allplans3,0.0293649,True,0.0532547,False,True,36,0,360,0.0233422,12,,12,1,12084,7,7,5,0,2,8,7,7,324,1,11,0,0,0,0,0,0.0237635,0,12
screen2,0,1,transport-opt08-strips/p28,A_d2p2L_b2M_x1,4.48961,True,4.7113,False,True,11,44,88,4.54273,11,,18,0,2175681,12,12,9,0,1,36,7,2,77,0,18,0,13,0,0,0,4.543,0,0
screen2,0,1,transport-opt08-strips/p28,B_d2p2L_b500k_s20k_x1,0.866404,True,1.10623,False,True,8,24,48,0.879203,8,,16,0,527158,11,12,9,0,1,38,6,0,40,0,16,0,16,0,0,0,0.879457,0,0
screen2,0,1,transport-opt08-strips/p28,C_d1p2L_b500k_x1,0.0219489,True,0.224477,False,True,24,0,78,0.0149919,24,,18,0,9921,12,12,9,0,1,36,4.625,15,54,0,18,0,0,0,0,0,0.0152361,0,0
screen2,0,1,transport-opt08-strips/p28,D_d2L_b500k_x1,1.15588,True,1.36935,False,True,3,12,24,1.15438,3,,8,0,597003,7,12,9,0,1,46,7,0,21,0,8,0,6,0,0,0,1.15458,0,0
screen2,0,1,transport-opt08-strips/p28,E_A_allplans3,5.71053,True,5.93109,False,True,33,44,264,5.72886,11,,30,0,2189142,12,12,9,0,1,24,7,2,231,0,30,0,13,0,0,0,5.72913,0,0
screen2,0,1,transport-sat08-strips/p05,A_d2p2L_b2M_x1,4.4974,True,4.76852,False,True,11,43,88,4.60335,11,,20,0,2192217,13,13,10,0,1,40,7,1,77,0,20,0,16,0,0,0,4.60363,0,0
screen2,0,1,transport-sat08-strips/p05,B_d2p2L_b500k_s20k_x1,0.935857,True,1.24663,False,True,8,24,48,0.935979,8,,16,0,530392,11,13,10,0,1,44,6,0,40,0,16,0,19,0,0,0,0.936247,0,0
screen2,0,1,transport-sat08-strips/p05,C_d1p2L_b500k_x1,0.025353,True,0.274436,False,True,27,0,88,0.0186392,27,,20,0,11138,13,13,10,0,1,40,4.62963,17,61,0,20,0,0,0,0,0,0.0188846,0,0
screen2,0,1,transport-sat08-strips/p05,D_d2L_b500k_x1,1.23159,True,1.47973,False,True,3,12,24,1.23059,3,,8,0,603384,7,13,10,0,1,52,7,0,21,0,8,0,7,0,0,0,1.23081,0,0
screen2,0,1,transport-sat08-strips/p05,E_A_allplans3,5.33176,True,5.62033,False,True,30,40,240,5.36744,10,,32,0,2011343,13,13,10,0,1,28,7,0,210,0,32,0,17,0,0,0,5.36769,0,0
screen2,0,1,transport-sat08-strips/p09,A_d2p2L_b2M_x1,6.32609,True,11.0703,False,True,12,60,72,6.41644,12,,24,0,2009676,16,22,18,0,1,120,7,0,60,0,24,0,39,0,0,0,6.41719,0,0
screen2,0,1,transport-sat08-strips/p09,B_d2p2L_b500k_s20k_x1,1.69326,True,6.41755,False,True,7,35,42,1.697,7,,14,0,542311,11,22,18,0,1,130,7,0,35,0,14,0,44,0,0,0,1.69767,0,0
screen2,0,1,transport-sat08-strips/p09,C_d1p2L_b500k_x1,0.149517,True,5.11287,False,True,51,0,168,0.135955,51,,36,0,33644,22,22,18,0,1,108,5.64706,33,117,0,36,0,0,0,0,0,0.13671,0,0
screen2,0,2,transport-sat08-strips/p09,D_d2L_b500k_x1,31.0639,True,35.762,False,True,3,15,18,1.5271,3,,6,0,502419,7,22,18,0,1,138,7,0,15,0,6,0,15,0,0,0,1.52774,0,0
screen2,0,1,transport-sat08-strips/p09,E_A_allplans3,7.64904,True,11.9649,False,True,36,60,216,7.65085,12,,32,0,2010852,16,22,18,0,1,112,7,0,180,0,32,0,39,0,0,0,7.65172,0,0
screen2,0,1,transport-sat08-strips/p26,A_d2p2L_b2M_x1,4.75064,True,5.78545,False,True,16,64,96,4.86212,16,,24,0,2044284,16,16,12,0,1,72,7,4,80,0,24,0,17,0,0,0,4.86253,0,0
screen2,0,1,transport-sat08-strips/p26,B_d2p2L_b500k_s20k_x1,1.03574,True,2.15884,False,True,9,36,38,1.02984,9,,18,0,549692,13,16,12,0,1,78,6.11111,0,29,0,18,0,24,0,0,0,1.03015,0,0
screen2,0,1,transport-sat08-strips/p26,C_d1p2L_b500k_x1,0.112607,True,1.39522,False,True,33,0,108,0.103857,33,,24,0,38133,16,16,12,0,1,72,5.63636,21,75,0,24,0,0,0,0,0,0.104266,0,0
screen2,0,1,transport-sat08-strips/p26,D_d2L_b500k_x1,1.20232,True,2.31383,False,True,4,16,24,1.1912,4,,8,0,514304,8,16,12,0,1,88,7,0,20,0,8,0,8,0,0,0,1.19158,0,0
screen2,0,1,transport-sat08-strips/p26,E_A_allplans3,6.42308,True,7.65873,False,True,48,64,288,6.48021,16,,32,0,2058794,16,16,12,0,1,64,7,4,240,0,32,0,17,0,0,0,6.4808,0,0
screen2,0,1,transport-sat11-strips/p06,A_d2p2L_b2M_x1,6.05458,True,9.64789,False,True,12,48,72,6.22556,12,,24,0,2024098,16,20,16,0,1,104,7,0,60,0,24,0,33,0,0,0,6.22617,0,0
screen2,0,1,transport-sat11-strips/p06,B_d2p2L_b500k_s20k_x1,1.58173,True,5.66564,False,True,7,28,42,1.56123,7,,14,0,556402,11,20,16,0,1,114,7,0,35,0,14,0,38,0,0,0,1.5618,0,0
screen2,0,1,transport-sat11-strips/p06,C_d1p2L_b500k_x1,0.149843,True,3.98075,False,True,45,0,148,0.138421,45,,32,0,36324,20,20,16,0,1,96,5.64444,29,103,0,32,0,0,0,0,0,0.139073,0,0
screen2,0,2,transport-sat11-strips/p06,D_d2L_b500k_x1,19.2229,True,23.0421,False,True,3,12,18,1.61167,3,,6,0,508458,7,20,16,0,1,122,7,0,15,0,6,0,13,0,0,0,1.6122,0,0
screen2,0,1,transport-sat11-strips/p06,E_A_allplans3,6.75741,True,10.459,False,True,36,48,216,6.8733,12,,28,0,2034441,16,20,16,0,1,100,7,0,180,0,28,0,33,0,0,0,6.87403,0,0
screen2,0,1,transport-sat14-strips/p17,A_d2p2L_b2M_x1,11.5536,True,76.9314,False,True,10,50,40,11.1084,10,,20,0,2029370,15,30,25,0,1,230,7,0,30,0,20,0,62,0,0,0,11.1106,0,0
screen2,0,2,transport-sat14-strips/p17,B_d2p2L_b500k_s20k_x1,86.1081,True,153.941,False,True,7,35,28,2.90742,7,,14,0,580559,12,30,25,0,1,236,7,0,21,0,14,0,65,0,0,0,2.90906,0,0
screen2,0,1,transport-sat14-strips/p17,C_d1p2L_b500k_x1,0.982684,True,66.204,False,True,72,0,238,0.966425,72,,50,0,135882,30,30,25,0,1,200,6.65278,47,166,0,50,0,0,0,0,0,0.96846,0,0
screen2,0,2,transport-sat14-strips/p17,D_d2L_b500k_x1,57.0659,True,123.607,False,True,3,15,12,3.75155,3,,6,0,608811,8,30,25,0,1,244,7,0,9,0,6,0,22,0,0,0,3.75341,0,0
screen2,0,1,transport-sat14-strips/p17,E_A_allplans3,6.98281,True,49.5976,False,True,30,50,120,6.82283,10,,52,0,2029630,15,30,25,0,1,198,7,0,90,0,52,0,62,0,0,0,6.82392,0,0
screen2,0,4,trucks-strips/p01,A_d2p2L_b2M_x1,0.0676007,True,0.073665,False,True,6,0,41,0.00504932,6,,14,1,6068,10,10,3,0,11,32,7,3,35,1,4,0,0,0,0,0,0.00593651,0,8
screen2,0,4,trucks-strips/p01,B_d2p2L_b500k_s20k_x1,0.0696637,True,0.0758378,False,True,6,0,41,0.00498808,6,,14,1,6068,10,10,3,0,11,32,7,3,35,1,4,0,0,0,0,0,0.00587499,0,8
screen2,0,6,trucks-strips/p01,C_d1p2L_b500k_x1,0.161881,True,0.167729,False,True,6,0,33,0.000441114,6,,10,0,600,7,10,3,0,1,36,4,3,27,0,10,0,0,0,0,0,0.000553342,0,0
screen2,0,4,trucks-strips/p01,D_d2L_b500k_x1,0.0272475,True,0.0320078,False,True,3,0,15,0.000418994,3,,10,1,429,10,10,3,0,4,36,6,0,12,1,7,0,0,0,0,0,0.000675774,0,3
screen2,0,4,trucks-strips/p01,E_A_allplans3,0.0421284,True,0.0478796,False,True,15,0,108,0.00661577,6,,16,1,6172,10,10,3,0,16,30,7,3,93,1,1,0,0,0,0,0,0.0177113,0,25
screen2,0,6,trucks-strips/p04,A_d2p2L_b2M_x1,2.5315,True,2.54854,False,True,15,0,106,0.0502132,15,,25,1,48770,16,16,6,0,14,61,7.2,9,91,1,12,0,0,0,0,0,0.059143,0,19
screen2,0,6,trucks-strips/p04,B_d2p2L_b500k_s20k_x1,2.58792,True,2.60537,False,True,15,0,106,0.0536823,15,,25,1,48770,16,16,6,0,14,61,7.2,9,91,1,12,0,0,0,0,0,0.0626055,0,19
screen2,0,8,trucks-strips/p04,C_d1p2L_b500k_x1,8.2809,True,8.29643,False,True,15,0,63,0.00106421,15,,13,0,999,13,16,6,0,1,73,4.2,9,48,0,13,0,0,0,0,0,0.00131561,0,0
screen2,0,7,trucks-strips/p04,D_d2L_b500k_x1,5.64643,True,5.66488,False,True,6,0,30,0.003647,6,,19,1,4108,16,16,6,0,7,67,6,0,24,1,13,0,0,0,0,0,0.00419323,0,6
screen2,0,5,trucks-strips/p04,E_A_allplans3,3.42563,True,3.44199,False,True,39,0,288,0.0714351,15,,31,1,50322,16,16,6,0,31,55,7.2,9,249,1,1,0,0,0,0,0,2.80425,0,65
screen2,0,6,trucks-strips/p05,A_d2p2L_b2M_x1,4.03936,True,4.06601,False,True,18,8,124,0.644083,18,,30,1,537025,17,17,7,0,16,69,8.61111,11,106,1,15,0,0,0,0,0,0.647558,0,19
screen2,0,6,trucks-strips/p05,B_d2p2L_b500k_s20k_x1,3.77956,True,3.80793,False,True,18,17,124,0.396709,18,,30,1,365577,17,17,7,0,16,69,7.88889,11,106,1,15,0,0,0,0,0,0.400086,0,19
screen2,0,7,trucks-strips/p05,C_d1p2L_b500k_x1,5.44445,True,5.47178,False,True,18,0,96,0.0545804,18,,24,1,43286,17,17,7,0,10,75,5,11,78,1,15,0,0,0,0,0,0.0557029,0,11
screen2,0,7,trucks-strips/p05,D_d2L_b500k_x1,7.58925,True,7.61782,False,True,7,0,32,0.00448049,7,,22,1,5061,17,17,7,0,5,77,6.71429,0,25,1,18,0,0,0,0,0,0.00498966,0,4
screen2,0,4,trucks-strips/p05,E_A_allplans3,11.1399,True,11.1662,False,True,47,8,340,0.931401,18,,36,1,588612,17,17,7,0,30,63,8.61111,11,293,0,7,0,0,0,0,0,10.5947,0,71
screen2,0,8,trucks-strips/p06,A_d2p2L_b2M_x1,22.9538,True,22.9878,False,True,20,52,143,2.83668,20,,29,1,2135738,18,18,8,0,19,84,8.45,12,123,1,11,0,1,0,0,0,3.00189,0,27
screen2,0,8,trucks-strips/p06,B_d2p2L_b500k_s20k_x1,16.1595,True,16.1888,False,True,14,29,89,0.562719,14,,29,1,534721,18,18,8,0,13,84,7.28571,6,75,1,17,0,7,0,0,0,0.567629,0,15
screen2,0,11,trucks-strips/p06,C_d1p2L_b500k_x1,66.7282,True,66.7601,False,True,21,0,142,0.139002,21,,29,1,127363,18,18,8,0,20,84,5.61905,13,121,1,10,0,0,0,0,0,0.505066,0,31
screen2,0,8,trucks-strips/p06,D_d2L_b500k_x1,14.9409,True,14.9744,False,True,8,8,38,0.16775,8,,25,1,135246,18,18,8,0,7,88,7.25,0,30,1,19,0,0,0,0,0,0.16844,0,6
screen2,0,7,trucks-strips/p06,E_A_allplans3,18.0454,True,18.0764,False,True,49,49,364,3.23392,19,,41,1,2030052,18,18,8,0,34,72,8.36842,11,315,1,8,0,2,0,0,0,11.8286,0,81
screen2,0,5,trucks-strips/p07,A_d2p2L_b2M_x1,1.7914,True,1.81724,False,True,15,0,107,0.101074,15,,29,1,57829,17,17,6,0,29,135,8.2,9,92,1,1,0,0,0,0,0,0.124957,0,20
screen2,0,5,trucks-strips/p07,B_d2p2L_b500k_s20k_x1,1.59485,True,1.62199,False,True,15,0,107,0.0936862,15,,29,1,57829,17,17,6,0,29,135,8.2,9,92,1,1,0,0,0,0,0,0.113754,0,20
screen2,0,9,trucks-strips/p07,C_d1p2L_b500k_x1,16.3096,True,16.3371,False,True,15,0,87,0.00270841,15,,19,0,2891,13,17,6,0,1,145,4.2,9,72,0,19,0,0,0,0,0,0.00316737,0,0
screen2,0,7,trucks-strips/p07,D_d2L_b500k_x1,5.68316,True,5.71073,False,True,6,0,30,0.00329604,6,,19,1,1876,17,17,6,0,7,145,7,0,24,1,13,0,0,0,0,0,0.00402866,0,6
screen2,0,6,trucks-strips/p07,E_A_allplans3,7.78223,True,7.80942,False,True,45,0,321,0.148637,15,,43,1,64552,17,17,6,0,43,121,8.2,9,276,1,1,0,0,0,0,0,4.88649,0,73
screen2,0,7,trucks-strips/p08,A_d2p2L_b2M_x1,33.3986,True,33.4454,False,True,18,27,96,1.03916,18,,33,1,631974,19,19,7,0,19,151,7.72222,11,78,1,15,0,0,0,0,0,1.04157,0,9
screen2,0,7,trucks-strips/p08,B_d2p2L_b500k_s20k_x1,29.1816,True,29.2283,False,True,18,33,91,0.440062,18,,29,1,331512,19,19,7,0,19,155,7.61111,11,73,1,11,0,0,0,0,0,0.442051,0,8
screen2,0,8,trucks-strips/p08,C_d1p2L_b500k_x1,35.1877,True,35.2352,False,True,18,0,76,0.0031325,18,,15,0,1684,15,19,7,0,1,169,4.22222,11,58,0,15,0,0,0,0,0,0.00368913,0,0
screen2,0,7,trucks-strips/p08,D_d2L_b500k_x1,27.5828,True,27.6284,False,True,7,0,31,0.0273409,7,,22,1,27310,19,19,7,0,4,162,7,0,24,1,19,0,0,0,0,0,0.0280302,0,3
screen2,0,5,trucks-strips/p08,E_A_allplans3,5.89176,True,5.93744,False,True,54,27,288,1.23948,18,,50,1,658072,19,19,7,0,38,134,7.72222,11,234,1,13,0,0,0,0,0,1.53334,0,46
screen2,0,2,visitall-opt11-strips/problem02-full,A_d2p2L_b2M_x1,0.00389419,True,0.00614858,False,True,6,0,11,4.6843e-05,6,,3,1,23,4,4,3,0,2,1,2.5,3,5,1,2,0,0,0,0,0,0.000166119,0,1
screen2,0,2,visitall-opt11-strips/problem02-full,B_d2p2L_b500k_s20k_x1,0.00379642,True,0.00626962,False,True,6,0,11,4.9774e-05,6,,3,1,23,4,4,3,0,2,1,2.5,3,5,1,2,0,0,0,0,0,0.000166365,0,1
screen2,0,2,visitall-opt11-strips/problem02-full,C_d1p2L_b500k_x1,0.00390852,True,0.00647331,False,True,6,0,11,5.106e-05,6,,3,1,23,4,4,3,0,2,1,2.5,3,5,1,2,0,0,0,0,0,0.000182469,0,1
screen2,0,2,visitall-opt11-strips/problem02-full,D_d2L_b500k_x1,0.00434774,True,0.00754056,False,True,3,0,4,3.0182e-05,3,,3,0,8,4,4,3,0,1,1,2,0,1,0,3,0,0,0,0,0,6.5978e-05,0,0
screen2,0,1,visitall-opt11-strips/problem02-full,E_A_allplans3,0.00418016,True,0.00755104,False,True,9,0,19,8.267e-05,6,,4,1,27,4,4,3,0,4,0,2.5,3,10,1,1,0,0,0,0,0,0.000257368,0,2
screen2,0,3,visitall-opt11-strips/problem03-full,A_d2p2L_b2M_x1,0.00833182,True,0.0113085,False,True,21,0,57,0.000229295,21,,9,1,267,9,9,8,0,7,0,2.61905,13,36,1,3,0,0,0,0,0,0.000548478,0,6
screen2,0,3,visitall-opt11-strips/problem03-full,B_d2p2L_b500k_s20k_x1,0.00876417,True,0.0105304,False,True,21,0,57,0.000247478,21,,9,1,267,9,9,8,0,7,0,2.61905,13,36,1,3,0,0,0,0,0,0.000643526,0,6
screen2,0,3,visitall-opt11-strips/problem03-full,C_d1p2L_b500k_x1,0.00888481,True,0.0119611,False,True,21,0,57,0.000237868,21,,9,1,267,9,9,8,0,7,0,2.61905,13,36,1,3,0,0,0,0,0,0.000561935,0,6
screen2,0,3,visitall-opt11-strips/problem03-full,D_d2L_b500k_x1,0.00728675,True,0.00987485,False,True,8,0,12,8.3659e-05,8,,8,0,44,9,9,8,0,1,1,2,0,4,0,8,0,0,0,0,0,0.00012892,0,0
screen2,0,4,visitall-opt11-strips/problem03-full,E_A_allplans3,0.0164981,True,0.0195299,False,True,44,0,140,0.000436281,21,,9,1,304,9,9,8,0,9,0,2.61905,13,96,1,1,0,0,0,0,0,0.00529154,0,28
screen2,0,1,woodworking-opt08-strips/p17,A_d2p2L_b2M_x1,6.52851,True,7.72913,False,True,20,65,68,6.58,20,,31,0,2042694,82,93,30,0,1,400,20.7,0,48,0,31,0,48,0,0,0,6.58816,0,0
screen2,0,1,woodworking-opt08-strips/p17,B_d2p2L_b500k_s20k_x1,1.43903,True,2.65918,False,True,15,40,46,1.40792,15,,28,0,546244,75,93,30,0,1,403,19.2,0,31,0,28,0,53,0,0,0,1.41513,0,0
screen2,0,1,woodworking-opt08-strips/p17,C_d1p2L_b500k_x1,0.191307,True,1.46694,False,True,71,0,165,0.0778363,71,,38,0,27677,85,93,30,0,1,393,18.9296,41,94,0,38,0,0,0,0,0,0.0858019,0,0
screen2,0,1,woodworking-opt08-strips/p17,D_d2L_b500k_x1,2.05879,True,3.52316,False,True,10,15,28,2.09866,10,,21,0,526159,70,93,30,0,1,410,18.3,0,18,0,21,0,20,0,0,0,2.10558,0,0
screen2,0,1,woodworking-opt08-strips/p17,E_A_allplans3,7.63195,True,8.91136,False,True,60,65,204,7.61573,20,,46,0,2120498,82,93,30,0,1,385,20.7,0,144,0,46,0,48,0,0,0,7.62373,0,0
screen2,0,1,woodworking-opt08-strips/p19,A_d2p2L_b2M_x1,6.75145,True,11.1724,False,True,22,68,73,6.70387,22,,28,0,2012485,98,115,32,0,1,523,23,0,51,0,28,0,48,0,0,0,6.7177,0,0
screen2,0,2,woodworking-opt08-strips/p19,B_d2p2L_b500k_s20k_x1,1.87344,True,6.25245,False,True,17,40,46,1.65249,17,,23,0,553606,90,115,32,0,1,528,21.1765,0,29,0,23,0,53,0,0,0,1.66812,0,0
screen2,0,1,woodworking-opt08-strips/p19,C_d1p2L_b500k_x1,0.216244,True,4.24578,False,True,76,0,166,0.14263,76,,40,0,46393,111,115,32,0,1,511,23.1053,44,90,0,40,0,0,0,0,0,0.155039,0,0
screen2,0,2,woodworking-opt08-strips/p19,D_d2L_b500k_x1,2.24542,True,6.70782,False,True,12,15,32,1.97932,12,,20,0,522396,81,115,32,0,1,531,19.9167,0,20,0,20,0,20,0,0,0,1.99615,0,0
screen2,0,1,woodworking-opt08-strips/p19,E_A_allplans3,7.98919,True,12.543,False,True,59,68,203,7.96718,22,,44,0,2112732,98,115,32,0,1,507,23,0,144,0,44,0,48,0,0,0,7.9806,0,0
screen2,0,1,woodworking-opt08-strips/p20,A_d2p2L_b2M_x1,10.0726,True,16.9283,False,True,23,78,82,9.99758,23,,36,0,2079354,113,138,42,0,1,787,29.3913,0,59,0,36,0,72,0,0,0,10.0268,0,0
screen2,0,1,woodworking-opt08-strips/p20,B_d2p2L_b500k_s20k_x1,2.21865,True,8.89298,False,True,18,54,58,2.10563,18,,31,0,526744,95,138,42,0,1,792,28,0,40,0,31,0,77,0,0,0,2.14621,0,0
screen2,0,2,woodworking-opt08-strips/p20,C_d1p2L_b500k_x1,2.98354,True,10.0406,False,True,92,10,218,2.66761,92,,50,0,543272,130,138,42,0,1,773,29.9891,50,126,0,50,0,8,0,0,0,2.70448,0,0
screen2,0,1,woodworking-opt08-strips/p20,D_d2L_b500k_x1,2.87719,True,9.55884,False,True,12,16,38,2.75664,12,,22,0,545817,89,138,42,0,1,801,26.6667,0,26,0,22,0,30,0,0,0,2.79414,0,0
screen2,0,1,woodworking-opt08-strips/p20,E_A_allplans3,9.79136,True,17.0235,False,True,58,73,212,9.70798,22,,56,0,2017737,107,138,42,0,1,767,29.1818,0,154,0,56,0,73,0,0,0,9.74096,0,0
screen2,0,1,woodworking-opt08-strips/p21,A_d2p2L_b2M_x1,0.00582919,True,0.0170375,False,True,19,0,71,0.001034,19,,6,0,791,19,21,9,0,1,28,7.73684,10,52,0,6,0,0,0,0,0,0.00118754,0,0
screen2,0,1,woodworking-opt08-strips/p21,B_d2p2L_b500k_s20k_x1,0.00606276,True,0.0161516,False,True,19,0,71,0.00105032,19,,6,0,791,19,21,9,0,1,28,7.73684,10,52,0,6,0,0,0,0,0,0.00119946,0,0
screen2,0,1,woodworking-opt08-strips/p21,C_d1p2L_b500k_x1,0.00509871,True,0.0159124,False,True,18,0,35,0.000372995,18,,7,0,115,18,21,9,0,1,27,5.88889,9,17,0,7,0,0,0,0,0,0.000487861,0,0
screen2,0,1,woodworking-opt08-strips/p21,D_d2L_b500k_x1,0.00551608,True,0.0161112,False,True,9,0,31,0.000467594,9,,6,0,322,19,21,9,0,1,28,7.44444,0,22,0,6,0,0,0,0,0,0.000587078,0,0
screen2,0,1,woodworking-opt08-strips/p21,E_A_allplans3,0.00744669,True,0.018877,False,True,53,0,207,0.00150455,19,,9,0,892,19,21,9,0,1,25,7.73684,10,154,0,9,0,0,0,0,0,0.0016302,0,0
screen2,0,1,woodworking-sat08-strips/p27,A_d2p2L_b2M_x1,6.4675,True,50.9089,False,True,55,69,139,6.39631,55,,54,0,2070272,229,249,61,0,1,951,23.5455,0,84,0,54,0,99,0,0,0,6.47101,0,0
screen2,0,1,woodworking-sat08-strips/p27,B_d2p2L_b500k_s20k_x1,1.63495,True,49.0133,False,True,41,37,94,1.46473,41,,43,0,515731,170,249,61,0,1,962,20.3659,0,53,0,43,0,113,0,0,0,1.57547,0,0
screen2,0,1,woodworking-sat08-strips/p27,C_d1p2L_b500k_x1,0.487031,True,47.008,False,True,130,0,253,0.302775,130,,67,1,75183,242,249,61,0,2,938,19.0692,69,123,1,66,0,0,0,0,0,0.38706,0,1
screen2,0,1,woodworking-sat08-strips/p27,D_d2L_b500k_x1,2.52499,True,49.6528,False,True,37,22,83,2.33792,37,,38,0,667450,159,249,61,0,1,967,18.7838,0,46,0,38,0,24,0,0,0,2.433,0,0
screen2,0,1,woodworking-sat08-strips/p27,E_A_allplans3,4.55021,True,34.934,False,True,130,59,344,4.46523,53,,76,2,2122611,220,249,61,0,3,929,22.9245,0,214,2,73,0,101,0,0,0,4.5107,0,3
screen3,0,2,airport/p14-airport3-p3,B2_d2p2L_b500k_s20k_x1,2.63974,True,3.78906,False,True,6,45,146,2.49198,6,0,61,0,584149,23,169,3,0,1,230,12.6667,3,140,0,61,0,0,0,0,0,2.55929,0,0
screen3,0,2,airport/p14-airport3-p3,C2_d1p2L_b500k_x1,3.04632,True,4.0021,False,True,4,21,102,3.41225,4,0,60,0,724525,22,169,3,0,1,231,11.5,1,98,0,60,0,0,0,0,0,3.56909,0,0
screen3,0,2,airport/p14-airport3-p3,E2_B_allplans3,2.85379,True,3.95988,False,True,14,45,360,2.96121,6,0,63,1,585822,23,169,3,0,3,228,12.6667,3,346,1,61,0,0,0,0,0,3.09493,0,2
screen3,0,1,airport/p14-airport3-p3,gc_x1,2.00528,True,3.15401,False,True,3,14,60,2.53104,3,0,60,0,432354,22,169,3,0,1,231,11.6667,0,57,0,60,0,0,0,0,0,2.59851,0,0
screen3,0,2,airport/p16-airport3-p4,B2_d2p2L_b500k_s20k_x1,3.94953,True,8.49638,False,True,5,40,101,4.3483,5,0,80,0,577643,27,212,4,0,1,338,14,1,96,0,80,0,4,0,0,0,4.54659,0,0
screen3,0,2,airport/p16-airport3-p4,C2_d1p2L_b500k_x1,6.1006,True,10.698,False,True,4,24,79,6.65093,4,0,79,0,815763,26,212,4,0,1,339,13,0,75,0,79,0,3,0,0,0,6.93113,0,0
screen3,0,2,airport/p16-airport3-p4,E2_B_allplans3,4.59931,True,9.14146,False,True,10,40,206,4.18983,5,0,83,0,578844,27,212,4,0,1,335,14,1,196,0,83,0,4,0,0,0,4.55621,0,0
screen3,0,2,airport/p16-airport3-p4,gc_x1,5.45724,True,10.4416,False,True,4,24,79,6.3631,4,0,79,0,815763,26,212,4,0,1,339,13,0,75,0,79,0,0,0,0,0,6.48037,0,0
screen3,0,3,airport/p20-airport3-p7,B2_d2p2L_b500k_s20k_x1,11.3661,True,28.7494,False,True,7,60,115,7.37083,7,1,115,0,610109,35,341,7,0,1,542,14.8571,0,108,0,115,0,12,0,0,0,8.00949,0,0
screen3,0,3,airport/p20-airport3-p7,C2_d1p2L_b500k_x1,15.3926,True,33.2732,False,True,7,32,115,12.6821,7,0,115,0,901168,34,341,7,0,1,542,10.4286,0,108,0,115,0,5,0,0,0,13.3657,0,0
screen3,0,3,airport/p20-airport3-p7,E2_B_allplans3,13.8566,True,31.1857,False,True,11,60,195,7.69239,7,1,119,0,611271,35,341,7,0,1,538,14.8571,0,184,0,119,0,12,0,0,0,8.35841,0,0
screen3,0,3,airport/p20-airport3-p7,gc_x1,12.0143,True,30.0095,False,True,7,32,115,11.7084,7,0,115,0,901168,34,341,7,0,1,542,10.4286,0,108,0,115,0,0,0,0,0,12.1078,0,0
screen3,0,1,blocks/probBLOCKS-5-2,B2_d2p2L_b500k_s20k_x1,0.0154357,True,0.0188228,False,True,9,0,144,0.0102883,9,0,16,0,7695,11,11,4,0,1,34,11,5,135,0,16,0,0,0,0,0,0.0104593,0,0
screen3,0,8,blocks/probBLOCKS-5-2,C2_d1p2L_b500k_x1,0.972094,True,0.974779,False,True,9,0,52,0.0148818,9,0,17,1,3823,10,11,4,0,15,33,7.55556,5,43,1,3,0,0,0,0,0,0.0198976,0,4
screen3,0,1,blocks/probBLOCKS-5-2,E2_B_allplans3,0.019968,True,0.022561,False,True,27,0,432,0.0265682,9,0,20,0,7794,11,11,4,0,1,30,11,5,405,0,20,0,0,0,0,0,0.0267944,0,0
screen3,0,8,blocks/probBLOCKS-5-2,gc_x1,1.10985,True,1.11254,False,True,4,0,15,0.00065658,4,0,14,0,317,10,11,4,0,1,36,7,0,11,0,14,0,0,0,0,0,0.0007358,0,0
screen3,0,1,childsnack-sat14-strips/child-snack_pfile08-2,B2_d2p2L_b500k_s20k_x1,86.8231,True,94.8027,False,True,13,42,39,12.1784,13,6,17,0,532799,54,73,13,0,1,3094,28.3077,0,26,0,17,0,29,0,0,0,12.2966,0,0
screen3,0,1,childsnack-sat14-strips/child-snack_pfile08-2,C2_d1p2L_b500k_x1,92.8732,True,101.292,False,True,26,0,117,44.917,26,0,26,0,516036,47,73,13,0,1,3085,21.7692,13,91,0,26,0,7,0,0,0,45.0147,0,0
screen3,0,1,childsnack-sat14-strips/child-snack_pfile08-2,E2_B_allplans3,35.3221,True,43.7926,False,True,39,36,117,23.4952,13,7,22,0,628524,54,73,13,0,1,3089,27.7692,0,78,0,22,0,30,0,0,0,23.5631,0,0
screen3,0,1,childsnack-sat14-strips/child-snack_pfile08-2,gc_x1,77.7908,True,85.4211,False,True,13,0,39,2.0325,13,0,17,0,34399,47,73,13,0,1,3094,24.5385,0,26,0,17,0,0,0,0,0,2.06261,0,0
screen3,0,2,depot/pfile13,B2_d2p2L_b500k_s20k_x1,5.99564,True,6.36512,False,True,8,40,40,6.50199,8,0,23,0,543481,34,34,6,0,1,829,15.25,2,32,0,23,0,7,0,0,0,6.51127,0,0
screen3,0,3,depot/pfile13,C2_d1p2L_b500k_x1,16.4563,True,16.8095,False,True,6,20,22,7.51256,6,0,22,0,687240,34,34,6,0,1,830,18,0,16,0,22,0,9,0,0,0,7.51963,0,0
screen3,0,2,depot/pfile13,E2_B_allplans3,6.77429,True,7.13535,False,True,16,40,96,7.59455,8,0,27,1,554864,34,34,6,0,5,825,15.25,2,80,1,23,0,7,0,0,0,7.60281,0,4
screen3,0,3,depot/pfile13,gc_x1,13.9743,True,14.3343,False,True,6,20,22,7.23914,6,0,22,0,687240,34,34,6,0,1,830,18,0,16,0,22,0,0,0,0,0,7.24399,0,0
screen3,0,7,depot/pfile4,B2_d2p2L_b500k_s20k_x1,112.775,True,112.951,False,True,6,30,19,2.73918,6,0,18,0,545122,30,30,6,0,1,462,19.6667,0,13,0,18,0,9,0,0,0,2.74331,0,0
screen3,0,8,depot/pfile4,C2_d1p2L_b500k_x1,151.913,True,152.107,False,True,7,14,25,3.41661,7,0,19,0,653764,28,30,6,0,1,461,20.1429,1,18,0,19,0,8,0,0,0,3.42682,0,0
screen3,0,8,depot/pfile4,E2_B_allplans3,172.737,True,172.912,False,True,11,30,34,3.07325,6,0,22,1,558835,30,30,6,0,2,458,19.6667,0,23,1,21,0,9,0,0,0,3.07691,0,1
screen3,23,,depot/pfile4,gc_x1,,False,,False,,6,9,20,1.75082,6,0,18,0,415454,28,30,6,0,1,462,21.3333,0,14,0,18,0,0,0,0,0,1.75266,0,0
screen3,0,4,depot/pfile7,B2_d2p2L_b500k_s20k_x1,8.23628,True,8.34817,False,True,6,28,22,2.93171,6,0,18,0,544289,27,27,5,0,1,342,17.8333,1,16,0,18,0,6,0,0,0,2.93356,0,0
screen3,0,4,depot/pfile7,C2_d1p2L_b500k_x1,8.58721,True,8.69937,False,True,6,14,23,3.54596,6,0,17,0,638103,26,27,5,0,1,343,18.1667,1,17,0,17,0,6,0,0,0,3.55134,0,0
screen3,0,4,depot/pfile7,E2_B_allplans3,9.96684,True,10.0816,False,True,12,28,44,3.35592,6,0,20,1,566913,27,27,5,0,5,340,17.8333,1,32,1,16,0,6,0,0,0,3.35831,0,3
screen3,0,3,depot/pfile7,gc_x1,3.34761,True,3.46435,False,True,5,10,17,1.87391,5,0,17,0,441559,26,27,5,0,1,343,19.2,0,12,0,17,0,0,0,0,0,1.87498,0,0
screen3,0,4,driverlog/pfile13,B2_d2p2L_b500k_s20k_x1,1.24078,True,1.27932,False,True,17,23,92,0.421278,17,0,23,1,469154,13,13,8,0,21,175,5.23529,10,65,1,3,0,0,0,0,0,0.425412,0,8
screen3,0,5,driverlog/pfile13,C2_d1p2L_b500k_x1,2.52036,True,2.55922,False,True,15,12,83,0.802913,15,0,23,1,376923,13,13,8,0,17,175,4.2,8,59,1,7,0,0,0,0,0,0.805865,0,8
screen3,0,4,driverlog/pfile13,E2_B_allplans3,1.65571,True,1.69414,False,True,47,23,268,0.866799,17,0,23,1,507261,13,13,8,0,22,175,5.23529,10,193,1,2,0,0,0,0,0,0.921498,0,30
screen3,0,5,driverlog/pfile13,gc_x1,1.46444,True,1.50491,False,True,7,0,40,0.0532063,7,0,17,2,37317,13,13,8,0,5,181,4.28571,0,25,2,11,0,0,0,0,0,0.0539495,0,6
screen3,0,3,driverlog/pfile14,B2_d2p2L_b500k_s20k_x1,1.19484,True,1.24613,False,True,14,27,82,0.658522,14,0,24,3,538068,15,15,9,0,7,183,5.85714,6,48,3,10,0,6,0,0,0,0.662867,0,9
screen3,0,3,driverlog/pfile14,C2_d1p2L_b500k_x1,1.62997,True,1.68464,False,True,17,16,106,1.16251,17,0,27,1,510640,15,15,9,0,21,180,4.29412,9,66,1,7,0,1,0,0,0,1.16605,0,9
screen3,0,4,driverlog/pfile14,E2_B_allplans3,1.9999,True,2.05407,False,True,40,27,240,0.89128,14,0,27,1,543373,15,15,9,0,19,180,5.85714,6,155,1,9,0,6,0,0,0,0.9257,0,27
screen3,0,4,driverlog/pfile14,gc_x1,1.03782,True,1.08968,False,True,8,0,52,0.1323,8,0,17,2,46269,15,15,9,0,9,190,4.5,0,31,2,6,0,0,0,0,0,0.133048,0,8
screen3,0,4,driverlog/pfile15,B2_d2p2L_b500k_s20k_x1,19.0684,True,19.2344,False,True,11,27,33,0.609811,11,0,22,1,518349,20,20,10,0,6,410,6,2,22,1,17,0,14,0,0,0,0.612211,0,3
screen3,0,4,driverlog/pfile15,C2_d1p2L_b500k_x1,14.842,True,15.0073,False,True,15,18,67,1.64847,15,0,30,2,553210,20,20,10,0,10,402,5.33333,6,49,2,20,0,7,0,0,0,1.65412,0,7
screen3,0,4,driverlog/pfile15,E2_B_allplans3,17.0223,True,17.1887,False,True,25,27,83,0.917388,11,0,31,1,533658,20,20,10,0,6,401,6,2,58,1,26,0,14,0,0,0,0.919278,0,5
screen3,0,4,driverlog/pfile15,gc_x1,9.92936,True,10.0856,False,True,9,0,43,0.602685,9,0,20,2,203100,20,20,10,0,10,412,5.55556,0,31,2,10,0,0,0,0,0,0.603962,0,7
screen3,0,2,driverlog/pfile3,B2_d2p2L_b500k_s20k_x1,0.00748617,True,0.0123837,False,True,6,0,38,0.00202194,6,0,8,1,3102,9,9,6,0,4,22,10.5,3,32,1,5,0,0,0,0,0,0.00231641,0,8
screen3,0,2,driverlog/pfile3,C2_d1p2L_b500k_x1,0.00773188,True,0.0137561,False,True,6,0,32,0.000442856,6,0,12,2,625,9,9,6,0,6,18,5.66667,3,26,2,5,0,0,0,0,0,0.000770999,0,8
screen3,0,2,driverlog/pfile3,E2_B_allplans3,0.0115938,True,0.0147128,False,True,14,0,94,0.00735394,6,0,16,4,3593,9,9,6,0,6,14,10.5,3,80,4,6,0,0,0,0,0,0.0118424,0,23
screen3,0,3,driverlog/pfile3,gc_x1,0.00799515,True,0.0138343,False,True,3,0,12,0.000108758,3,0,8,2,95,9,9,6,0,3,22,6,0,9,2,5,0,0,0,0,0,0.000279204,0,3
screen3,0,1,elevators-opt08-strips/p14,B2_d2p2L_b500k_s20k_x1,0.123754,True,0.138868,False,True,9,0,126,0.145725,9,0,14,0,86445,8,8,4,0,1,18,8,5,117,0,14,0,0,0,0,0,0.14591,0,0
screen3,0,1,elevators-opt08-strips/p14,C2_d1p2L_b500k_x1,0.0209294,True,0.037119,False,True,9,0,50,0.0220349,9,0,14,0,13805,8,8,4,0,1,18,5.55556,5,41,0,14,0,0,0,0,0,0.0268371,0,0
screen3,0,1,elevators-opt08-strips/p14,E2_B_allplans3,0.185142,True,0.198925,False,True,27,0,378,0.241529,9,0,14,1,88101,8,8,4,0,3,18,8,5,351,1,12,0,0,0,0,0,0.242256,0,18
screen3,0,1,elevators-opt08-strips/p14,gc_x1,0.00612144,True,0.0246034,False,True,4,0,14,0.000442299,4,0,14,0,396,8,8,4,0,1,18,5,0,10,0,14,0,0,0,0,0,0.000512437,0,0
screen3,0,1,elevators-sat08-strips/p09,B2_d2p2L_b500k_s20k_x1,1.13738,True,1.21732,False,True,12,32,58,1.23951,12,4,28,0,504678,16,16,12,0,1,68,5.66667,0,46,0,28,0,25,0,0,0,1.23998,0,0
screen3,0,1,elevators-sat08-strips/p09,C2_d1p2L_b500k_x1,0.123548,True,0.20625,False,True,33,0,138,0.113704,33,0,28,0,38463,16,16,12,0,1,68,5.63636,21,105,0,28,0,0,0,0,0,0.114201,0,0
screen3,0,1,elevators-sat08-strips/p09,E2_B_allplans3,1.41656,True,1.50124,False,True,32,32,166,1.72116,12,4,38,0,504942,16,16,12,0,1,58,5.66667,0,134,0,38,0,25,0,0,0,1.72167,0,0
screen3,0,1,elevators-sat08-strips/p09,gc_x1,0.0135578,True,0.102486,False,True,12,0,28,0.00206737,12,0,28,0,637,16,16,12,0,1,68,5,0,16,0,28,0,0,0,0,0,0.00229786,0,0
screen3,0,1,elevators-sat08-strips/p15,B2_d2p2L_b500k_s20k_x1,1.54817,True,1.90303,False,True,16,32,80,1.99986,16,8,48,0,518581,20,20,16,0,1,80,5.5,0,64,0,48,0,37,0,0,0,2.00066,0,0
screen3,0,1,elevators-sat08-strips/p15,C2_d1p2L_b500k_x1,0.647884,True,0.920112,False,True,45,0,248,0.812906,45,0,48,0,132021,20,20,16,0,1,80,5.64444,29,203,0,48,0,0,0,0,0,0.813728,0,0
screen3,0,2,elevators-sat08-strips/p15,E2_B_allplans3,1.69122,True,1.98547,False,True,40,32,224,1.94937,16,8,64,1,518864,20,20,16,0,9,64,5.5,0,184,1,56,0,37,0,0,0,1.9572,0,16
screen3,0,1,elevators-sat08-strips/p15,gc_x1,0.0197796,True,0.316558,False,True,16,0,48,0.00628887,16,0,48,0,1650,20,20,16,0,1,80,5,0,32,0,48,0,0,0,0,0,0.00669817,0,0
screen3,0,1,elevators-sat08-strips/p30,B2_d2p2L_b500k_s20k_x1,5.92222,True,17.7603,False,True,39,66,168,7.25386,39,28,126,0,543803,44,44,39,0,1,264,6.28205,0,129,0,126,0,103,0,0,0,7.26493,0,0
screen3,0,1,elevators-sat08-strips/p30,C2_d1p2L_b500k_x1,8.01072,True,20.4841,False,True,87,3,422,9.92401,87,0,126,0,504091,44,44,39,0,1,264,6.54023,48,335,0,126,0,27,0,0,0,9.93281,0,0
screen3,0,1,elevators-sat08-strips/p30,E2_B_allplans3,6.98445,True,19.0409,False,True,85,66,412,8.71166,39,28,160,1,544689,44,44,39,0,18,230,6.28205,0,327,1,143,0,103,0,0,0,8.76091,0,19
screen3,0,1,elevators-sat08-strips/p30,gc_x1,0.193751,True,12.2592,False,True,39,0,126,0.188137,39,0,126,0,8910,44,44,39,0,1,264,6,0,87,0,126,0,0,0,0,0,0.201877,0,0
screen3,0,1,elevators-sat11-strips/p12,B2_d2p2L_b500k_s20k_x1,9.37399,True,33.0777,False,True,43,66,176,12.0756,43,31,164,0,620712,51,51,43,0,1,524,9.13953,0,133,0,164,0,114,0,0,0,12.1077,0,0
screen3,0,1,elevators-sat11-strips/p12,C2_d1p2L_b500k_x1,9.02108,True,32.2951,False,True,51,8,206,10.7495,51,0,164,0,501997,51,51,43,0,1,524,9.11765,8,155,0,164,0,75,0,0,0,10.7822,0,0
screen3,0,1,elevators-sat11-strips/p12,E2_B_allplans3,10.1785,True,33.478,False,True,103,66,460,12.2232,43,31,210,1,621563,51,51,43,0,3,478,9.13953,0,357,1,208,0,114,0,0,0,12.2551,0,2
screen3,0,1,elevators-sat11-strips/p12,gc_x1,2.46848,True,27.8131,False,True,43,0,164,2.89511,43,0,164,0,110726,51,51,43,0,1,524,9,0,121,0,164,0,0,0,0,0,2.91028,0,0
screen3,0,1,elevators-sat11-strips/p14,B2_d2p2L_b500k_s20k_x1,10.5602,True,44.7031,False,True,49,72,170,12.9352,49,37,170,0,568223,57,57,49,0,1,614,9,0,121,0,170,0,132,0,0,0,12.9795,0,0
screen3,0,1,elevators-sat11-strips/p14,C2_d1p2L_b500k_x1,12.0286,True,45.1967,False,True,53,9,202,14.2901,53,0,170,0,531204,57,57,49,0,1,614,8.88679,4,149,0,170,0,91,0,0,0,14.3709,0,0
screen3,0,1,elevators-sat11-strips/p14,E2_B_allplans3,11.587,True,45.0392,False,True,99,72,374,13.2643,49,37,228,0,568726,57,57,49,0,1,556,9,0,275,0,228,0,132,0,0,0,13.3073,0,0
screen3,0,1,elevators-sat11-strips/p14,gc_x1,1.82858,True,37.1098,False,True,49,0,170,2.09842,49,0,170,0,76339,57,57,49,0,1,614,9,0,121,0,170,0,0,0,0,0,2.12074,0,0
screen3,0,1,elevators-sat11-strips/p17,B2_d2p2L_b500k_s20k_x1,12.5444,True,49.485,False,True,45,54,184,14.7744,45,36,176,0,623447,53,53,45,0,1,544,9.04444,0,139,0,176,0,123,0,0,0,14.8144,0,0
screen3,0,1,elevators-sat11-strips/p17,C2_d1p2L_b500k_x1,13.5542,True,48.7107,False,True,49,11,204,17.4068,49,0,176,0,569068,53,53,45,0,1,544,8.95918,4,155,0,176,0,83,0,0,0,17.4762,0,0
screen3,0,1,elevators-sat11-strips/p17,E2_B_allplans3,14.3611,True,51.5696,False,True,85,54,392,17.9559,45,36,208,2,628079,53,53,45,0,3,512,9.04444,0,307,2,204,0,123,0,0,0,17.9898,0,4
screen3,0,1,elevators-sat11-strips/p17,gc_x1,2.58023,True,40.8634,False,True,45,0,176,2.91914,45,0,176,0,91142,53,53,45,0,1,544,9,0,131,0,176,0,0,0,0,0,2.9362,0,0
screen3,0,1,ferry/p-10locs-5cars,B2_d2p2L_b500k_s20k_x1,0.00717671,True,0.0127033,False,True,12,0,120,0.000742944,12,0,10,0,1344,6,6,5,0,1,0,6,7,108,0,10,0,0,0,0,0,0.000775908,0,0
screen3,0,1,ferry/p-10locs-5cars,C2_d1p2L_b500k_x1,0.00715285,True,0.00917676,False,True,12,0,38,0.000165389,12,0,10,0,134,6,6,5,0,1,0,2.58333,7,26,0,10,0,0,0,0,0,0.000198608,0,0
screen3,0,1,ferry/p-10locs-5cars,E2_B_allplans3,0.00863625,True,0.0146699,False,True,36,0,360,0.00122032,12,0,10,1,1344,6,6,5,0,6,0,6,7,324,1,5,0,0,0,0,0,0.00776527,0,24
screen3,0,1,ferry/p-10locs-5cars,gc_x1,0.00518556,True,0.0122913,False,True,5,0,10,6.1764e-05,5,0,10,0,24,6,6,5,0,1,0,2,0,5,0,10,0,0,0,0,0,9.7457e-05,0,0
screen3,0,1,ferry/p-10locs-7cars,B2_d2p2L_b500k_s20k_x1,0.0112369,True,0.017207,False,True,18,0,180,0.0151357,18,0,10,0,9090,8,8,7,0,1,4,8,11,162,0,10,0,0,0,0,0,0.0152394,0,0
screen3,0,1,ferry/p-10locs-7cars,C2_d1p2L_b500k_x1,0.00434723,True,0.011723,False,True,16,0,46,0.000210652,16,0,10,0,156,8,8,7,0,1,4,2.9375,11,30,0,10,0,0,0,0,0,0.000263312,0,0
screen3,0,1,ferry/p-10locs-7cars,E2_B_allplans3,0.0194803,True,0.0279383,False,True,54,0,540,0.0122071,18,0,10,1,9342,8,8,7,0,6,4,8,11,486,1,5,0,0,0,0,0,0.0283573,0,36
screen3,0,1,ferry/p-10locs-7cars,gc_x1,0.00455296,True,0.0126652,False,True,5,0,10,9.1681e-05,5,0,10,0,24,8,8,7,0,1,4,2.8,0,5,0,10,0,0,0,0,0,0.00404478,0,0
screen3,0,3,floortile-sat11-strips/seq-p02-004,B2_d2p2L_b500k_s20k_x1,1.92409,True,1.96454,False,True,15,40,143,0.769838,15,7,63,1,662729,20,20,15,0,43,81,6.46667,0,128,1,21,0,34,0,0,0,0.842884,0,6
screen3,0,2,floortile-sat11-strips/seq-p02-004,C2_d1p2L_b500k_x1,2.0975,True,2.13461,False,True,21,15,210,0.819589,21,0,63,1,560190,20,20,15,0,60,81,6.42857,6,189,1,4,0,12,0,0,0,2.24371,0,13
screen3,0,2,floortile-sat11-strips/seq-p02-004,E2_B_allplans3,1.88165,True,1.91741,False,True,38,40,362,0.756276,15,7,89,1,675780,20,20,15,0,76,55,6.46667,0,324,0,14,0,34,0,0,0,1.77308,0,23
screen3,0,4,floortile-sat11-strips/seq-p02-004,gc_x1,2.87605,True,2.91014,False,True,15,0,139,0.122593,15,0,62,1,136703,20,20,15,0,51,82,6.13333,0,124,1,12,0,0,0,0,0,0.517094,0,7
screen3,0,5,floortile-sat14-strips/p02-5-4-2,B2_d2p2L_b500k_s20k_x1,16.9234,True,16.9999,False,True,20,44,187,0.714036,20,14,83,1,745375,26,26,20,0,73,117,6.3,0,167,1,11,0,51,0,0,0,4.42496,0,11
screen3,0,5,floortile-sat14-strips/p02-5-4-2,C2_d1p2L_b500k_x1,14.1443,True,14.2187,False,True,22,12,215,0.528997,22,0,92,2,555671,26,26,20,0,82,108,6.27273,2,193,2,8,0,22,0,0,0,1.80254,0,11
screen3,0,4,floortile-sat14-strips/p02-5-4-2,E2_B_allplans3,6.63308,True,6.71092,False,True,49,44,460,0.988064,20,14,100,1,776143,26,26,20,0,96,100,6.3,0,411,0,5,0,51,0,0,0,2.21015,0,43
screen3,0,3,floortile-sat14-strips/p02-5-4-2,gc_x1,3.38779,True,3.47274,False,True,20,6,190,0.507971,20,0,91,2,373330,26,26,20,0,81,109,6.2,0,170,2,8,0,0,0,0,0,0.99182,0,9
screen3,0,6,floortile-sat14-strips/p03-6-4-2,B2_d2p2L_b500k_s20k_x1,42.1085,True,42.2365,False,True,24,59,218,0.804683,24,17,83,1,860402,30,30,24,0,79,153,6.25,0,194,0,5,0,62,0,0,0,2.36074,0,17
screen3,0,5,floortile-sat14-strips/p03-6-4-2,C2_d1p2L_b500k_x1,23.2147,True,23.3314,False,True,24,15,219,0.851977,24,0,87,1,538873,30,30,24,0,83,149,6.125,0,195,0,5,0,28,0,0,0,2.39574,0,14
screen3,0,6,floortile-sat14-strips/p03-6-4-2,E2_B_allplans3,53.2619,True,53.3898,False,True,59,59,536,1.24307,24,17,93,1,900828,30,30,24,0,93,143,6.25,0,477,0,1,0,62,0,0,0,7.37177,0,67
screen3,0,5,floortile-sat14-strips/p03-6-4-2,gc_x1,25.0782,True,25.1908,False,True,24,15,219,0.859568,24,0,87,1,538873,30,30,24,0,83,149,6.125,0,195,0,5,0,0,0,0,0,1.93347,0,15
screen3,0,6,floortile-sat14-strips/p04-5-4-2,B2_d2p2L_b500k_s20k_x1,27.5986,True,27.6734,False,True,20,45,189,0.82055,20,14,77,1,750992,26,26,20,0,73,123,6.35,0,169,1,5,0,51,0,0,0,9.05041,0,11
screen3,0,4,floortile-sat14-strips/p04-5-4-2,C2_d1p2L_b500k_x1,29.7026,True,29.7903,False,True,22,9,219,0.741799,22,0,90,1,525798,26,26,20,0,80,110,6.31818,2,197,0,11,0,22,0,0,0,31.3484,0,15
screen3,0,4,floortile-sat14-strips/p04-5-4-2,E2_B_allplans3,6.40152,True,6.47555,False,True,48,45,449,0.990624,20,14,86,1,781843,26,26,20,0,84,114,6.35,0,401,0,3,0,51,0,0,0,2.28634,0,44
screen3,0,4,floortile-sat14-strips/p04-5-4-2,gc_x1,35.4016,True,35.4829,False,True,20,3,193,0.381966,20,0,90,1,340576,26,26,20,0,80,110,6.25,0,173,0,11,0,0,0,0,0,35.5974,0,13
screen3,0,1,freecell/probfreecell-4-1,B2_d2p2L_b500k_s20k_x1,2.99334,True,3.48508,False,True,8,47,31,1.74443,8,0,13,0,526111,24,38,4,0,1,233,10.75,4,23,0,13,0,1,0,0,0,1.74727,0,0
screen3,0,1,freecell/probfreecell-4-1,C2_d1p2L_b500k_x1,3.92707,True,4.44967,False,True,7,19,27,3.74237,7,0,13,0,665471,25,38,4,0,1,233,9.42857,3,20,0,13,0,2,0,0,0,3.74525,0,0
screen3,0,1,freecell/probfreecell-4-1,E2_B_allplans3,2.98015,True,3.43943,False,True,21,41,81,2.4037,7,0,18,1,539673,24,38,4,0,7,228,11,3,60,1,12,0,2,0,0,0,2.40994,0,3
screen3,0,2,freecell/probfreecell-4-1,gc_x1,4.48799,True,5.01107,False,True,4,4,14,0.858945,4,0,11,0,212600,25,38,4,0,1,235,10.25,0,10,0,11,0,0,0,0,0,0.860391,0,0
screen3,0,1,freecell/probfreecell-4-3,B2_d2p2L_b500k_s20k_x1,2.46175,True,2.94027,False,True,7,38,30,1.32299,7,0,14,0,509194,23,38,4,0,1,224,10.4286,3,23,0,14,0,2,0,0,0,1.32522,0,0
screen3,0,1,freecell/probfreecell-4-3,C2_d1p2L_b500k_x1,2.48123,True,3.0261,False,True,6,12,25,1.99657,6,0,12,0,518047,24,38,4,0,1,226,12.5,2,19,0,12,0,3,0,0,0,1.99881,0,0
screen3,0,1,freecell/probfreecell-4-3,E2_B_allplans3,2.74372,True,3.26332,False,True,21,38,90,2.47773,7,0,17,2,566139,23,38,4,0,8,221,10.4286,3,69,2,9,0,2,0,0,0,2.48055,0,7
screen3,0,2,freecell/probfreecell-4-3,gc_x1,3.66646,True,4.19047,False,True,4,4,16,0.692343,4,0,12,0,159809,24,38,4,0,1,226,12.75,0,12,0,12,0,0,0,0,0,0.693608,0,0
screen3,0,2,freecell/probfreecell-7-2,B2_d2p2L_b500k_s20k_x1,25.0609,True,27.3932,False,True,8,48,46,4.36333,8,0,18,1,552450,20,62,4,0,5,475,8.125,4,38,1,14,0,1,0,0,0,4.37777,0,1
screen3,0,2,freecell/probfreecell-7-2,C2_d1p2L_b500k_x1,46.489,True,48.675,False,True,4,13,21,5.3161,4,0,16,0,515524,24,62,4,0,1,477,11.25,0,17,0,16,0,5,0,0,0,5.32975,0,0
screen3,0,2,freecell/probfreecell-7-2,E2_B_allplans3,22.159,True,24.5363,False,True,21,42,117,5.741,7,0,21,2,533298,20,62,4,0,11,472,8.42857,3,96,2,10,0,2,0,0,0,5.7551,0,3
screen3,0,3,freecell/probfreecell-7-2,gc_x1,36.7282,True,38.9652,False,True,4,13,21,5.04344,4,0,16,0,515524,24,62,4,0,1,477,11.25,0,17,0,16,0,0,0,0,0,5.05043,0,0
screen3,0,2,grid/prob01,B2_d2p2L_b500k_s20k_x1,89.4867,True,89.5976,False,True,1,4,4,0.497495,1,0,4,0,57009,16,19,1,0,1,2262,16,0,3,0,4,0,0,0,0,0,0.52177,0,0
screen3,0,2,grid/prob01,C2_d1p2L_b500k_x1,89.7293,True,89.8566,False,True,1,0,4,0.0807559,1,0,4,0,5999,11,19,1,0,1,2262,11,0,3,0,4,0,0,0,0,0,0.130078,0,0
screen3,0,2,grid/prob01,E2_B_allplans3,90.5794,True,90.6894,False,True,1,4,4,0.778555,1,0,4,0,57123,16,19,1,0,1,2262,16,0,3,0,4,0,0,0,0,0,0.797636,0,0
screen3,0,2,grid/prob01,gc_x1,65.3897,True,65.5058,False,True,1,0,4,0.0382059,1,0,4,0,5999,11,19,1,0,1,2262,11,0,3,0,4,0,0,0,0,0,0.0484099,0,0
screen3,0,1,gripper/prob01,B2_d2p2L_b500k_s20k_x1,0.00677304,True,0.00894622,False,True,9,0,72,0.000977958,9,0,8,0,1152,6,6,4,0,1,8,6,5,63,0,8,0,0,0,0,0,0.00102184,0,0
screen3,0,1,gripper/prob01,C2_d1p2L_b500k_x1,0.00501924,True,0.00905267,False,True,9,0,28,0.000259196,9,0,8,0,306,6,6,4,0,1,8,3.55556,5,19,0,8,0,0,0,0,0,0.000292262,0,0
screen3,0,1,gripper/prob01,E2_B_allplans3,0.00796595,True,0.0110426,False,True,27,0,216,0.00175037,9,0,10,1,1152,6,6,4,0,2,6,6,5,189,1,9,0,0,0,0,0,0.00205501,0,9
screen3,0,1,gripper/prob01,gc_x1,0.00630715,True,0.00909621,False,True,4,0,8,9.2591e-05,4,0,8,0,74,6,6,4,0,1,8,3,0,4,0,8,0,0,0,0,0,0.000120388,0,0
screen3,0,1,gripper/prob03,B2_d2p2L_b500k_s20k_x1,0.137766,True,0.142445,False,True,21,0,336,0.259757,21,0,16,0,123648,10,10,8,0,1,16,10,13,315,0,16,0,0,0,0,0,0.265001,0,0
screen3,0,1,gripper/prob03,C2_d1p2L_b500k_x1,0.0075113,True,0.0128405,False,True,21,0,68,0.00148558,21,0,16,0,2468,10,10,8,0,1,16,3.61905,13,47,0,16,0,0,0,0,0,0.00155685,0,0
screen3,0,1,gripper/prob03,E2_B_allplans3,0.195804,True,0.201492,False,True,63,0,1008,0.191367,21,0,18,1,123648,10,10,8,0,2,14,10,13,945,1,17,0,0,0,0,0,0.19198,0,21
screen3,0,1,gripper/prob03,gc_x1,0.00722653,True,0.0124164,False,True,8,0,16,0.000296803,8,0,16,0,452,10,10,8,0,1,16,3,0,8,0,16,0,0,0,0,0,0.00033714,0,0
screen3,0,1,mprime/prob04,B2_d2p2L_b500k_s20k_x1,0.225087,True,0.275013,False,True,1,5,7,0.198196,1,0,7,0,65532,12,19,1,0,1,232,12,0,6,0,7,0,0,0,0,0,0.199632,0,0
screen3,0,1,mprime/prob04,C2_d1p2L_b500k_x1,0.028662,True,0.0837473,False,True,1,0,7,0.00025589,1,0,7,0,29,3,19,1,0,1,232,3,0,6,0,7,0,0,0,0,0,0.00151179,0,0
screen3,0,1,mprime/prob04,E2_B_allplans3,0.236629,True,0.290156,False,True,2,5,14,0.214998,1,0,8,0,66018,12,19,1,0,1,231,12,0,12,0,8,0,0,0,0,0,0.216497,0,0
screen3,0,2,mprime/prob04,gc_x1,0.153389,True,0.202167,False,True,1,0,7,0.000275384,1,0,7,0,29,3,19,1,0,1,232,3,0,6,0,7,0,0,0,0,0,0.000975337,0,0
screen3,0,1,mprime/prob11,B2_d2p2L_b500k_s20k_x1,0.594747,True,0.643899,False,True,3,12,21,0.698009,3,0,7,0,225812,13,18,2,0,1,185,13,1,18,0,7,0,0,0,0,0,0.698978,0,0
screen3,0,1,mprime/prob11,C2_d1p2L_b500k_x1,0.0235005,True,0.070416,False,True,3,0,17,0.000993253,3,0,9,0,587,4,18,2,0,1,183,3.33333,1,14,0,9,0,0,0,0,0,0.00187229,0,0
screen3,0,1,mprime/prob11,E2_B_allplans3,0.575359,True,0.619537,False,True,6,12,42,0.646075,3,0,7,1,226311,13,18,2,0,2,185,13,1,36,1,6,0,0,0,0,0,0.647056,0,3
screen3,0,2,mprime/prob11,gc_x1,0.142611,True,0.190897,False,True,2,0,10,0.000555289,2,0,9,0,138,4,18,2,0,1,183,3,0,8,0,9,0,0,0,0,0,0.00107567,0,0
screen3,0,1,mprime/prob25,B2_d2p2L_b500k_s20k_x1,0.00844007,True,0.019044,False,True,1,0,4,0.00107521,1,0,4,0,1499,10,10,1,0,1,46,10,0,3,0,4,0,0,0,0,0,0.00122458,0,0
screen3,0,1,mprime/prob25,C2_d1p2L_b500k_x1,0.00712437,True,0.0158291,False,True,1,0,4,0.000132129,1,0,4,0,143,5,10,1,0,1,46,5,0,3,0,4,0,0,0,0,0,0.0062579,0,0
screen3,0,1,mprime/prob25,E2_B_allplans3,0.00915298,True,0.0179863,False,True,2,0,8,0.00522333,1,0,8,0,1724,10,10,1,0,1,42,10,0,6,0,8,0,0,0,0,0,0.00540629,0,0
screen3,0,1,mprime/prob25,gc_x1,0.00730809,True,0.0157572,False,True,1,0,4,0.000144121,1,0,4,0,143,5,10,1,0,1,46,5,0,3,0,4,0,0,0,0,0,0.000216269,0,0
screen3,0,1,mprime/prob26,B2_d2p2L_b500k_s20k_x1,1.40653,True,1.68552,False,True,1,5,5,0.0622954,1,0,5,0,77999,8,26,1,0,1,662,8,0,4,0,5,0,0,0,0,0,0.0676706,0,0
screen3,0,1,mprime/prob26,C2_d1p2L_b500k_x1,1.73801,True,2.13229,False,True,1,4,5,0.195331,1,0,5,0,137548,10,26,1,0,1,662,10,0,4,0,5,0,0,0,0,0,0.200792,0,0
screen3,0,1,mprime/prob26,E2_B_allplans3,1.62989,True,1.96402,False,True,1,5,5,0.102715,1,0,5,0,84129,8,26,1,0,1,662,8,0,4,0,5,0,0,0,0,0,0.107861,0,0
screen3,0,2,mprime/prob26,gc_x1,6.44489,True,6.79568,False,True,1,4,5,0.189606,1,0,5,0,137548,10,26,1,0,1,662,10,0,4,0,5,0,0,0,0,0,0.192542,0,0
screen3,0,2,mprime/prob32,B2_d2p2L_b500k_s20k_x1,1.37262,True,1.54753,False,True,1,5,7,0.180606,1,0,5,1,63719,12,27,1,0,4,623,12,0,6,1,2,0,0,0,0,0,0.185252,0,2
screen3,0,2,mprime/prob32,C2_d1p2L_b500k_x1,1.20378,True,1.39279,False,True,1,0,7,0.0048199,1,0,5,1,1490,5,27,1,0,4,623,5,0,6,1,2,0,0,0,0,0,0.0104136,0,2
screen3,0,1,mprime/prob32,E2_B_allplans3,0.474663,True,0.64437,False,True,2,5,14,0.300885,1,0,7,1,71329,12,27,1,0,4,621,12,0,12,1,4,0,0,0,0,0,0.305471,0,2
screen3,0,2,mprime/prob32,gc_x1,1.00563,True,1.18205,False,True,1,0,7,0.00450421,1,0,5,1,1490,5,27,1,0,4,623,5,0,6,1,2,0,0,0,0,0,0.007046,0,2
screen3,0,2,mystery/prob20,B2_d2p2L_b500k_s20k_x1,43.1411,True,44.8787,False,True,1,5,2,0.116612,1,0,2,0,60087,10,42,1,0,1,1606,10,0,1,0,2,0,0,0,0,0,0.159713,0,0
screen3,0,2,mystery/prob20,C2_d1p2L_b500k_x1,43.2757,True,45.1573,False,True,1,5,2,0.0592818,1,0,2,0,50262,10,42,1,0,1,1606,10,0,1,0,2,0,0,0,0,0,0.100485,0,0
screen3,0,2,mystery/prob20,E2_B_allplans3,43.9145,True,45.4916,False,True,1,5,2,0.0580174,1,0,2,0,60384,10,42,1,0,1,1606,10,0,1,0,2,0,0,0,0,0,0.106383,0,0
screen3,0,2,mystery/prob20,gc_x1,41.8858,True,43.5832,False,True,1,5,2,0.0538247,1,0,2,0,50262,10,42,1,0,1,1606,10,0,1,0,2,0,0,0,0,0,0.0784274,0,0
screen3,0,1,mystery/prob28,B2_d2p2L_b500k_s20k_x1,0.0118197,True,0.0179455,False,True,3,0,21,0.00334504,3,0,7,0,5907,14,14,2,0,1,68,14,1,18,0,7,0,0,0,0,0,0.00544562,0,0
screen3,0,1,mystery/prob28,C2_d1p2L_b500k_x1,0.00872818,True,0.0159519,False,True,3,0,17,0.00034142,3,0,8,0,217,4,14,2,0,1,67,3.33333,1,14,0,8,0,0,0,0,0,0.000545494,0,0
screen3,0,1,mystery/prob28,E2_B_allplans3,0.0149527,True,0.02066,False,True,6,0,42,0.0122717,3,0,7,1,7152,14,14,2,0,2,68,14,1,36,1,6,0,0,0,0,0,0.0176864,0,3
screen3,0,1,mystery/prob28,gc_x1,0.00857886,True,0.0172031,False,True,2,0,10,0.000200898,2,0,8,0,62,4,14,2,0,1,67,3,0,8,0,8,0,0,0,0,0,0.000316674,0,0
screen3,0,5,nomystery-opt11-strips/p07,B2_d2p2L_b500k_s20k_x1,1.86273,True,1.94324,False,True,24,4,215,0.107645,24,0,31,2,201088,11,11,9,0,15,72,3.54167,15,191,2,12,0,0,0,0,0,0.115414,0,33
screen3,0,5,nomystery-opt11-strips/p07,C2_d1p2L_b500k_x1,1.6974,True,1.78112,False,True,24,0,215,0.00341846,24,0,31,2,6660,10,11,9,0,15,72,2.625,15,191,2,12,0,0,0,0,0,0.00782009,0,33
screen3,0,6,nomystery-opt11-strips/p07,E2_B_allplans3,4.06564,True,4.15431,False,True,54,4,501,0.188838,24,0,31,1,236349,11,11,9,0,29,72,3.54167,15,447,0,3,0,0,0,0,0,1.19496,0,100
screen3,0,6,nomystery-opt11-strips/p07,gc_x1,2.88888,True,2.97254,False,True,9,0,56,0.000473663,9,0,28,2,246,10,11,9,0,5,75,2,0,47,2,23,0,0,0,0,0,0.00088735,0,5
screen3,0,8,nomystery-opt11-strips/p09,B2_d2p2L_b500k_s20k_x1,13.3999,True,13.5717,False,True,30,20,264,0.168724,30,0,36,1,303820,13,13,11,0,31,111,3.3,19,232,1,6,0,0,0,0,0,0.540105,0,36
screen3,0,8,nomystery-opt11-strips/p09,C2_d1p2L_b500k_x1,13.4312,True,13.5936,False,True,30,0,264,0.00679651,30,0,36,1,12831,12,13,11,0,31,111,2.63333,19,232,1,6,0,0,0,0,0,0.35334,0,36
screen3,0,9,nomystery-opt11-strips/p09,E2_B_allplans3,27.8528,True,28.013,False,True,62,20,593,0.274365,30,0,36,1,319444,13,13,11,0,34,111,3.3,19,528,1,3,0,0,0,0,0,8.04897,0,110
screen3,0,9,nomystery-opt11-strips/p09,gc_x1,18.148,True,18.3114,False,True,11,0,65,0.000838605,11,0,33,3,364,12,13,11,0,7,114,2,0,54,3,23,0,0,0,0,0,0.00161742,0,9
screen3,0,5,nomystery-opt11-strips/p11,B2_d2p2L_b500k_s20k_x1,0.128104,True,0.132361,False,True,6,0,37,0.000617657,6,0,12,1,1205,5,5,3,0,12,6,3.5,3,31,1,1,0,0,0,0,0,0.00130141,0,7
screen3,0,4,nomystery-opt11-strips/p11,C2_d1p2L_b500k_x1,0.0358356,True,0.0421324,False,True,6,0,33,0.000187069,6,0,12,1,228,4,5,3,0,9,6,2.5,3,27,1,4,0,0,0,0,0,0.000615657,0,3
screen3,0,4,nomystery-opt11-strips/p11,E2_B_allplans3,0.0746507,True,0.0783251,False,True,11,0,78,0.00103921,6,0,12,1,1284,5,5,3,0,12,6,3.5,3,67,1,1,0,0,0,0,0,0.0137027,0,20
screen3,0,5,nomystery-opt11-strips/p11,gc_x1,0.0887129,True,0.0932709,False,True,3,0,12,6.9503e-05,3,0,11,0,27,4,5,3,0,1,7,2,0,9,0,11,0,0,0,0,0,0.0001032,0,0
screen3,0,4,nomystery-sat11-strips/p01,B2_d2p2L_b500k_s20k_x1,0.124358,True,0.14245,False,True,15,0,100,0.0166761,15,0,19,1,22406,8,8,6,0,8,26,3.6,9,85,1,12,0,0,0,0,0,0.0173951,0,15
screen3,0,4,nomystery-sat11-strips/p01,C2_d1p2L_b500k_x1,0.112266,True,0.13001,False,True,15,0,100,0.00084085,15,0,19,1,1317,7,8,6,0,8,26,2.6,9,85,1,12,0,0,0,0,0,0.00162404,0,15
screen3,0,4,nomystery-sat11-strips/p01,E2_B_allplans3,0.138376,True,0.15688,False,True,24,0,173,0.0308391,15,0,19,3,24884,8,8,6,0,8,26,3.6,9,149,3,9,0,0,0,0,0,0.0328467,0,35
screen3,0,5,nomystery-sat11-strips/p01,gc_x1,0.354763,True,0.373003,False,True,6,0,28,0.000198522,6,0,18,1,102,7,8,6,0,4,27,2,0,22,1,15,0,0,0,0,0,0.0004558,0,4
screen3,0,8,nomystery-sat11-strips/p15,B2_d2p2L_b500k_s20k_x1,29.5968,True,29.6671,False,True,27,10,245,0.13589,27,0,33,1,240528,12,12,10,0,32,80,3.44444,17,218,1,2,0,0,0,0,0,0.359583,0,36
screen3,0,8,nomystery-sat11-strips/p15,C2_d1p2L_b500k_x1,29.3793,True,29.4542,False,True,27,0,245,0.00761927,27,0,33,1,8604,11,12,10,0,32,80,2.62963,17,218,1,2,0,0,0,0,0,0.257757,0,36
screen3,0,8,nomystery-sat11-strips/p15,E2_B_allplans3,28.7357,True,28.8004,False,True,64,10,601,0.37361,27,0,33,1,259081,12,12,10,0,32,80,3.44444,17,537,0,2,0,0,0,0,0,11.7199,0,141
screen3,0,9,nomystery-sat11-strips/p15,gc_x1,27.496,True,27.5705,False,True,10,0,64,0.0005478,10,0,30,1,297,11,12,10,0,15,83,2,0,54,1,16,0,0,0,0,0,0.00148103,0,6
screen3,0,9,nomystery-sat11-strips/p18,B2_d2p2L_b500k_s20k_x1,64.5987,True,64.6882,False,True,36,8,305,0.18739,36,0,38,1,301927,15,15,13,0,37,144,3.52778,23,259,0,2,0,0,0,0,0,1.56588,0,56
screen3,0,9,nomystery-sat11-strips/p18,C2_d1p2L_b500k_x1,63.5542,True,63.6446,False,True,36,0,305,0.013758,36,0,38,1,14671,14,15,13,0,37,144,2.63889,23,259,0,2,0,0,0,0,0,1.37625,0,56
screen3,23,,nomystery-sat11-strips/p18,E2_B_allplans3,,False,,False,,57,8,515,0.265197,36,0,38,1,367687,15,15,13,0,37,144,3.52778,23,442,0,2,0,0,0,0,0,1.60642,0,119
screen3,0,10,nomystery-sat11-strips/p18,gc_x1,62.0939,True,62.1842,False,True,13,0,69,0.00404792,13,0,35,4,408,14,15,13,0,8,147,2,0,55,4,21,0,0,0,0,0,0.00493006,0,8
screen3,0,4,openstacks-opt08-strips/p12,B2_d2p2L_b500k_s20k_x1,2.02751,True,2.04333,False,True,16,30,137,1.61755,16,10,49,1,555441,33,33,16,0,9,0,6.9375,0,117,1,41,0,39,0,0,0,1.61827,0,3
screen3,0,4,openstacks-opt08-strips/p12,C2_d1p2L_b500k_x1,0.429965,True,0.442756,False,True,38,0,252,0.00966562,38,0,49,2,2567,33,33,16,0,16,0,4.73684,22,206,2,28,0,0,0,0,0,0.0167809,0,10
screen3,0,4,openstacks-opt08-strips/p12,E2_B_allplans3,2.15357,True,2.16606,False,True,48,30,411,1.74034,16,10,49,3,556050,33,33,16,0,29,0,6.9375,0,351,3,17,0,39,0,0,0,1.78597,0,29
screen3,0,4,openstacks-opt08-strips/p12,gc_x1,0.819405,True,0.83487,False,True,16,0,73,0.00126731,16,0,49,0,278,33,33,16,0,1,0,3.5625,0,57,0,49,0,0,0,0,0,0.00465568,0,0
screen3,0,5,openstacks-opt08-strips/p14,B2_d2p2L_b500k_s20k_x1,6.82881,True,6.86015,False,True,18,30,140,1.70888,18,12,55,1,576893,37,37,18,0,9,0,7,0,113,1,47,0,45,0,0,0,1.70977,0,2
screen3,0,5,openstacks-opt08-strips/p14,C2_d1p2L_b500k_x1,6.63725,True,6.67087,False,True,42,0,280,0.00733372,42,0,55,2,2224,37,37,18,0,13,0,4.71429,24,224,2,38,0,0,0,0,0,0.00923951,0,7
screen3,0,5,openstacks-opt08-strips/p14,E2_B_allplans3,5.67407,True,5.70852,False,True,54,30,420,2.18099,18,12,55,5,576937,37,37,18,0,28,0,7,0,339,5,18,0,45,0,0,0,2.21662,0,32
screen3,0,4,openstacks-opt08-strips/p14,gc_x1,3.73541,True,3.76927,False,True,18,0,84,0.0050936,18,0,55,0,303,37,37,18,0,1,0,3.66667,0,66,0,55,0,0,0,0,0,0.0053858,0,0
screen3,0,6,openstacks-opt08-strips/p16,B2_d2p2L_b500k_s20k_x1,17.6821,True,17.7793,False,True,20,36,137,1.61212,20,14,61,1,541668,41,41,20,0,27,0,6.8,0,112,1,35,0,51,0,0,0,1.62348,0,3
screen3,0,6,openstacks-opt08-strips/p16,C2_d1p2L_b500k_x1,35.4501,True,35.5439,False,True,49,0,337,0.013025,49,0,61,1,4003,41,41,20,0,30,0,4.95918,29,274,1,32,0,0,0,0,0,0.0220582,0,11
screen3,0,6,openstacks-opt08-strips/p16,E2_B_allplans3,23.8976,True,23.9927,False,True,60,36,411,1.95733,20,14,61,4,541898,41,41,20,0,42,0,6.8,0,336,4,17,0,51,0,0,0,2.00844,0,32
screen3,0,5,openstacks-opt08-strips/p16,gc_x1,7.63885,True,7.73614,False,True,20,0,94,0.00250339,20,0,61,1,438,41,41,20,0,6,0,3.7,0,74,1,56,0,0,0,0,0,0.00291446,0,1
screen3,0,3,parcprinter-08-strips/p04,B2_d2p2L_b500k_s20k_x1,0.239525,True,0.259694,False,True,30,5,409,0.208586,30,0,33,1,127845,34,34,12,0,16,27,20.2667,18,379,1,18,0,0,0,0,0,0.231483,0,39
screen3,0,3,parcprinter-08-strips/p04,C2_d1p2L_b500k_x1,0.0314067,True,0.0508575,False,True,29,0,238,0.0157252,29,0,33,2,12783,25,34,12,0,17,27,6.37931,17,209,2,11,0,0,0,0,0,0.0293671,0,26
screen3,0,2,parcprinter-08-strips/p04,E2_B_allplans3,0.547845,True,0.567142,False,True,70,5,1125,0.358806,30,0,33,1,127935,34,34,12,0,16,27,20.2667,18,1055,1,18,0,0,0,0,0,0.682858,0,141
screen3,0,3,parcprinter-08-strips/p04,gc_x1,0.0162653,True,0.0378963,False,True,12,0,79,0.00082561,12,0,33,2,1042,25,34,12,0,16,27,4.75,0,67,2,16,0,0,0,0,0,0.00206907,0,8
screen3,0,2,parcprinter-08-strips/p07,B2_d2p2L_b500k_s20k_x1,1.00536,True,1.08244,False,True,44,25,610,0.816075,44,0,60,1,528988,49,49,21,0,30,48,20.3182,23,566,1,31,0,10,0,0,0,0.994926,0,63
screen3,0,3,parcprinter-08-strips/p07,C2_d1p2L_b500k_x1,0.116169,True,0.203527,False,True,53,0,418,0.0238223,53,0,60,2,36047,40,49,21,0,34,48,6.77358,32,365,2,15,0,0,0,0,0,0.0952582,0,46
screen3,0,2,parcprinter-08-strips/p07,E2_B_allplans3,2.00964,True,2.09484,False,True,103,25,1698,1.12334,44,0,60,1,529084,49,49,21,0,32,48,20.3182,23,1595,0,29,0,10,0,0,0,2.39108,0,219
screen3,0,3,parcprinter-08-strips/p07,gc_x1,0.0289912,True,0.110723,False,True,21,0,142,0.0015952,21,0,60,3,2476,40,49,21,0,24,48,5,0,121,3,31,0,0,0,0,0,0.0117617,0,16
screen3,0,3,parcprinter-08-strips/p09,B2_d2p2L_b500k_s20k_x1,0.896117,True,1.0222,False,True,55,25,811,0.82006,55,0,70,2,500233,59,59,27,0,22,62,20.2,28,756,2,33,0,15,0,0,0,0.864501,0,92
screen3,0,3,parcprinter-08-strips/p09,C2_d1p2L_b500k_x1,0.259124,True,0.406402,False,True,68,0,568,0.0208967,68,0,70,2,29643,50,59,27,0,42,62,6.20588,41,500,2,16,0,0,0,0,0,0.233024,0,64
screen3,0,2,parcprinter-08-strips/p09,E2_B_allplans3,2.51779,True,2.64822,False,True,132,25,2283,1.21643,55,0,70,2,500368,59,59,27,0,22,62,20.2,28,2151,2,31,0,15,0,0,0,3.0532,0,310
screen3,0,4,parcprinter-08-strips/p09,gc_x1,0.0418871,True,0.188244,False,True,27,0,188,0.00151954,27,0,70,6,2393,50,59,27,0,17,62,4.62963,0,161,6,43,0,0,0,0,0,0.00416335,0,20
screen3,0,2,parcprinter-08-strips/p10,B2_d2p2L_b500k_s20k_x1,1.40561,True,1.56059,False,True,73,25,1160,0.864309,73,0,75,4,501247,64,64,30,0,30,69,20.3151,43,1087,4,43,0,5,0,0,0,1.43091,0,143
screen3,0,4,parcprinter-08-strips/p10,C2_d1p2L_b500k_x1,0.16173,True,0.348561,False,True,74,0,642,0.0176645,74,0,75,2,26613,55,64,30,0,49,69,5.83784,44,568,2,15,0,0,0,0,0,0.11878,0,76
screen3,0,2,parcprinter-08-strips/p10,E2_B_allplans3,4.93931,True,5.088,False,True,181,25,3308,1.37642,73,0,75,4,501476,64,64,30,0,32,69,20.3151,43,3127,3,35,0,5,0,0,0,6.05629,0,494
screen3,0,3,parcprinter-08-strips/p10,gc_x1,0.0300083,True,0.209436,False,True,30,0,211,0.001459,30,0,75,8,2227,55,64,30,0,11,69,4.5,0,181,8,53,0,0,0,0,0,0.013981,0,21
screen3,0,1,parcprinter-08-strips/p14,B2_d2p2L_b500k_s20k_x1,0.745284,True,0.780848,False,True,30,60,389,0.952349,30,0,35,3,458881,39,39,12,0,2,50,21.6333,18,359,3,32,0,0,0,0,0,0.95364,0,4
screen3,0,2,parcprinter-08-strips/p14,C2_d1p2L_b500k_x1,0.0552318,True,0.0923292,False,True,27,0,248,0.0282457,27,0,35,0,34613,33,39,12,0,1,50,7.81481,15,221,0,35,0,0,0,0,0,0.0293449,0,0
screen3,0,1,parcprinter-08-strips/p14,E2_B_allplans3,0.884364,True,0.91988,False,True,81,60,1123,1.19968,30,0,55,4,462522,39,39,12,0,2,30,21.6333,18,1042,4,51,0,0,0,0,0,1.20122,0,10
screen3,0,2,parcprinter-08-strips/p14,gc_x1,0.0253039,True,0.0670065,False,True,12,0,84,0.00134812,12,0,35,0,1830,33,39,12,0,1,50,5.91667,0,72,0,35,0,0,0,0,0,0.00186729,0,0
screen3,0,2,parcprinter-08-strips/p20,B2_d2p2L_b500k_s20k_x1,0.947905,True,1.32402,False,True,43,70,471,0.890265,43,0,89,2,505976,77,77,31,0,31,126,20.8372,12,428,2,50,0,38,0,0,0,0.905358,0,8
screen3,0,2,parcprinter-08-strips/p20,C2_d1p2L_b500k_x1,0.29259,True,0.70608,False,True,77,0,717,0.136187,77,0,89,1,106306,71,77,31,0,61,126,8.27273,46,640,1,29,0,0,0,0,0,0.225144,0,5
screen3,0,2,parcprinter-08-strips/p20,E2_B_allplans3,1.31582,True,1.72117,False,True,106,70,1292,1.12192,43,0,130,3,511514,77,77,31,0,37,85,20.8372,12,1186,3,72,0,38,0,0,0,1.39013,0,52
screen3,0,5,parcprinter-08-strips/p20,gc_x1,0.587422,True,0.998372,False,True,31,0,224,0.00439302,31,0,87,0,5620,71,77,31,0,1,128,6.03226,0,193,0,87,0,0,0,0,0,0.00964957,0,0
screen3,0,3,parcprinter-08-strips/p28,B2_d2p2L_b500k_s20k_x1,2.05304,True,2.12952,False,True,62,22,983,1.09514,62,0,49,2,450282,56,56,24,0,32,34,16.3226,38,921,2,15,0,0,0,0,0,3.16722,0,149
screen3,0,2,parcprinter-08-strips/p28,C2_d1p2L_b500k_x1,0.471311,True,0.54413,False,True,61,0,585,0.0126344,61,0,49,2,17019,53,56,24,0,32,34,6.45902,37,524,2,15,0,0,0,0,0,0.549197,0,88
screen3,0,4,parcprinter-08-strips/p28,E2_B_allplans3,4.27873,True,4.35261,False,True,156,22,2789,0.948355,62,0,61,1,451940,56,56,24,0,39,22,16.3226,38,2633,0,23,0,0,0,0,0,5.59381,0,518
screen3,0,2,parcprinter-08-strips/p28,gc_x1,0.0184784,True,0.0967792,False,True,24,0,185,0.00106104,24,0,49,5,1513,53,56,24,0,13,34,4.70833,0,161,5,21,0,0,0,0,0,0.00423302,0,29
screen3,0,2,pathways-noneg/p04,B2_d2p2L_b500k_s20k_x1,0.0155228,True,0.0727183,False,True,8,0,36,0.0108216,8,0,18,1,3297,28,64,4,0,2,77,12.375,4,28,1,17,0,0,0,0,0,0.0122829,0,1
screen3,0,2,pathways-noneg/p04,C2_d1p2L_b500k_x1,0.0101331,True,0.0724909,False,True,4,0,8,0.000170844,4,0,8,0,17,12,64,4,0,1,87,3,0,4,0,8,0,0,0,0,0,0.00130397,0,0
screen3,0,2,pathways-noneg/p04,E2_B_allplans3,0.0165149,True,0.0719242,False,True,20,0,96,0.013528,8,0,18,3,4027,28,64,4,0,7,77,12.375,4,76,3,10,0,0,0,0,0,0.0154966,0,12
screen3,0,2,pathways-noneg/p04,gc_x1,0.0110285,True,0.0704279,False,True,4,0,8,0.000254336,4,0,8,0,17,12,64,4,0,1,87,3,0,4,0,8,0,0,0,0,0,0.00102666,0,0
screen3,0,4,pathways-noneg/p10,B2_d2p2L_b500k_s20k_x1,1.21296,True,2.61048,False,True,33,33,175,1.0212,33,0,66,1,537124,74,155,14,0,21,227,14.8182,19,142,1,46,0,3,0,0,0,1.0428,0,5
screen3,0,3,pathways-noneg/p10,C2_d1p2L_b500k_x1,0.188231,True,1.62221,False,True,14,0,28,0.000998664,14,0,28,0,67,42,155,14,0,1,265,3,0,14,0,28,0,0,0,0,0,0.0273187,0,0
screen3,0,4,pathways-noneg/p10,E2_B_allplans3,13.1121,True,14.5528,False,True,88,28,461,1.29019,31,0,77,1,520151,74,155,14,0,44,216,14.7097,17,373,0,34,0,5,0,0,0,16.1952,0,43
screen3,0,4,pathways-noneg/p10,gc_x1,0.0941596,True,1.53774,False,True,14,0,28,0.000741535,14,0,28,0,67,42,155,14,0,1,265,3,0,14,0,28,0,0,0,0,0,0.00942784,0,0
screen3,0,5,pathways-noneg/p25,B2_d2p2L_b500k_s20k_x1,3.55392,True,40.9479,False,True,86,20,521,1.58173,86,0,164,3,441248,171,324,33,0,54,494,13.4535,53,435,3,101,0,0,0,0,0,2.18137,0,17
screen3,0,5,pathways-noneg/p25,C2_d1p2L_b500k_x1,2.42028,True,39.3981,False,True,33,0,66,0.00455585,33,0,66,0,161,99,324,33,0,1,592,3,0,33,0,66,0,0,0,0,0,0.192023,0,0
screen3,0,5,pathways-noneg/p25,E2_B_allplans3,15.194,True,53.4334,False,True,244,20,1474,2.20951,83,0,189,4,501888,171,324,33,0,118,469,13.3253,50,1230,3,58,0,3,0,0,0,15.3575,0,136
screen3,0,6,pathways-noneg/p25,gc_x1,2.95089,True,39.7598,False,True,33,0,66,0.00376336,33,0,66,0,161,99,324,33,0,1,592,3,0,33,0,66,0,0,0,0,0,0.0803218,0,0
screen3,0,5,pathways-noneg/p26,B2_d2p2L_b500k_s20k_x1,4.89166,True,41.6722,False,True,75,25,441,2.61358,75,0,146,1,506962,176,336,34,0,53,539,13.6133,41,366,1,94,0,16,0,0,0,3.24932,0,14
screen3,0,6,pathways-noneg/p26,C2_d1p2L_b500k_x1,7.23589,True,42.8507,False,True,34,0,68,0.00481447,34,0,68,0,168,102,336,34,0,1,617,3,0,34,0,68,0,0,0,0,0,0.209596,0,0
screen3,0,6,pathways-noneg/p26,E2_B_allplans3,7.10885,True,41.7999,False,True,160,25,852,2.84214,55,0,189,3,512456,176,336,34,0,66,496,12.7273,21,692,2,115,0,36,0,0,0,4.9441,0,57
screen3,0,6,pathways-noneg/p26,gc_x1,4.57726,True,42.3677,False,True,34,0,68,0.00401712,34,0,68,0,168,102,336,34,0,1,617,3,0,34,0,68,0,0,0,0,0,0.133427,0,0
screen3,0,6,pathways-noneg/p28,B2_d2p2L_b500k_s20k_x1,5.94062,True,48.8771,False,True,50,31,227,2.25399,50,0,132,1,565392,187,340,37,0,3,559,11.76,13,177,1,130,0,51,0,0,0,2.67584,0,1
screen3,0,5,pathways-noneg/p28,C2_d1p2L_b500k_x1,2.07872,True,44.2394,False,True,37,0,74,0.00447139,37,0,74,0,181,111,340,37,0,1,617,3,0,37,0,74,0,0,0,0,0,0.228794,0,0
screen3,0,6,pathways-noneg/p28,E2_B_allplans3,5.21921,True,46.1357,False,True,140,26,641,2.23555,49,0,195,9,521719,187,340,37,0,11,496,11.3878,12,501,9,159,0,52,0,0,0,2.52472,0,33
screen3,0,5,pathways-noneg/p28,gc_x1,2.12005,True,46.9868,False,True,37,0,74,0.00453346,37,0,74,0,181,111,340,37,0,1,617,3,0,37,0,74,0,0,0,0,0,0.10516,0,0
screen3,0,5,pathways/p26,B2_d2p2L_b500k_s20k_x1,6.17315,True,21.7682,False,True,75,25,441,2.12588,75,0,146,1,506962,176,338,34,0,53,541,13.6133,41,366,1,94,0,16,0,0,0,2.75744,0,14
screen3,0,6,pathways/p26,C2_d1p2L_b500k_x1,8.05111,True,23.5179,False,True,34,0,68,0.00791064,34,0,68,0,168,102,338,34,0,1,619,3,0,34,0,68,0,0,0,0,0,0.292656,0,0
screen3,0,6,pathways/p26,E2_B_allplans3,11.7284,True,26.9297,False,True,160,25,852,3.26796,55,0,189,3,512456,176,338,34,0,66,498,12.7273,21,692,2,115,0,36,0,0,0,5.42501,0,57
screen3,0,6,pathways/p26,gc_x1,7.85634,True,23.8561,False,True,34,0,68,0.00366087,34,0,68,0,168,102,338,34,0,1,619,3,0,34,0,68,0,0,0,0,0,0.084024,0,0
screen3,0,3,pegsol-08-strips/p22,B2_d2p2L_b500k_s20k_x1,1.27244,True,1.30359,False,True,33,38,189,1.10426,33,10,49,1,536555,33,34,33,0,40,28,12.9091,0,156,1,10,0,70,0,0,0,1.226,0,14
screen3,0,3,pegsol-08-strips/p22,C2_d1p2L_b500k_x1,0.3077,True,0.341315,False,True,75,0,291,0.0875942,75,0,50,1,36014,33,34,33,0,41,27,8.6,42,216,1,10,0,0,0,0,0,0.382605,0,22
screen3,0,3,pegsol-08-strips/p22,E2_B_allplans3,2.42084,True,2.45304,False,True,99,33,540,1.6847,33,12,56,1,519447,33,34,33,0,47,21,12.2121,0,441,0,10,0,72,0,0,0,3.16003,0,74
screen3,0,3,pegsol-08-strips/p22,gc_x1,0.0283089,True,0.0591649,False,True,33,0,94,0.00455098,33,0,31,2,2995,33,34,33,0,17,46,6.45455,0,61,2,11,0,0,0,0,0,0.00616613,0,6
screen3,0,2,pipesworld-notankage/p06-net1-b10-g6,B2_d2p2L_b500k_s20k_x1,6.28688,True,6.43797,False,True,8,51,36,6.23077,8,0,21,0,541686,70,70,6,0,1,347,34.625,2,28,0,21,0,7,0,0,0,6.23595,0,0
screen3,0,2,pipesworld-notankage/p06-net1-b10-g6,C2_d1p2L_b500k_x1,6.42048,True,6.55889,False,True,8,23,37,5.60115,8,0,20,0,528012,70,70,6,0,1,348,26.75,2,29,0,20,0,4,0,0,0,5.60635,0,0
screen3,0,2,pipesworld-notankage/p06-net1-b10-g6,E2_B_allplans3,5.53147,True,5.66895,False,True,21,45,93,6.01461,7,0,32,0,516426,70,70,6,0,1,336,36.2857,1,72,0,32,0,8,0,0,0,6.01967,0,0
screen3,0,2,pipesworld-notankage/p06-net1-b10-g6,gc_x1,2.91467,True,3.05682,False,True,6,18,25,1.69922,6,0,19,0,255646,70,70,6,0,1,349,28.5,0,19,0,19,0,0,0,0,0,1.70557,0,0
screen3,0,4,pipesworld-notankage/p11-net2-b10-g2,B2_d2p2L_b500k_s20k_x1,31.2445,True,32.9272,False,True,3,24,18,3.783,3,0,15,2,276667,93,172,2,0,2,785,37.3333,1,15,2,13,0,0,0,0,0,3.83626,0,2
screen3,0,4,pipesworld-notankage/p11-net2-b10-g2,C2_d1p2L_b500k_x1,33.8742,True,35.4623,False,True,2,0,8,0.0677986,2,0,7,1,11050,44,172,2,0,2,793,22,0,6,1,6,0,0,0,0,0,0.119685,0,1
screen3,0,4,pipesworld-notankage/p11-net2-b10-g2,E2_B_allplans3,36.8083,True,38.499,False,True,9,24,54,4.31562,3,0,23,2,307622,93,172,2,0,2,777,37.3333,1,45,2,21,0,0,0,0,0,4.37122,0,6
screen3,0,4,pipesworld-notankage/p11-net2-b10-g2,gc_x1,31.4526,True,33.1449,False,True,2,0,8,0.107488,2,0,7,1,11050,44,172,2,0,2,793,22,0,6,1,6,0,0,0,0,0,0.15344,0,1
screen3,0,2,psr-small/p11-s18-n2-l2-f50,B2_d2p2L_b500k_s20k_x1,0.0114457,True,0.0143275,False,True,12,0,192,0.00142073,12,0,15,1,1452,12,12,5,0,15,9,11.5,7,180,1,1,0,0,0,0,0,0.00632847,0,12
screen3,0,3,psr-small/p11-s18-n2-l2-f50,C2_d1p2L_b500k_x1,0.00889832,True,0.0117078,False,True,12,0,69,0.000459777,12,0,15,1,300,12,12,5,0,15,9,7.25,7,57,1,1,0,0,0,0,0,0.00110296,0,2
screen3,0,2,psr-small/p11-s18-n2-l2-f50,E2_B_allplans3,0.0632146,True,0.0661605,False,True,36,0,576,0.0017676,12,0,15,1,1503,12,12,5,0,15,9,11.5,7,540,1,1,0,0,0,0,0,0.114177,0,60
screen3,0,5,psr-small/p11-s18-n2-l2-f50,gc_x1,0.0155355,True,0.0185111,False,True,5,0,23,0.0001492,5,0,7,0,60,12,12,5,0,1,17,5.8,0,18,0,7,0,0,0,0,0,0.000188278,0,0
screen3,0,4,psr-small/p12-s21-n2-l3-f30,B2_d2p2L_b500k_s20k_x1,0.0155164,True,0.0182262,False,True,14,0,179,0.00145678,14,0,11,1,1498,11,11,6,0,11,12,10.3571,8,165,1,1,0,0,0,0,0,0.00557732,0,33
screen3,0,4,psr-small/p12-s21-n2-l3-f30,C2_d1p2L_b500k_x1,0.0112284,True,0.0133369,False,True,14,0,72,0.000388779,14,0,11,1,288,11,11,6,0,11,12,6.21429,8,58,1,1,0,0,0,0,0,0.00535239,0,16
screen3,0,4,psr-small/p12-s21-n2-l3-f30,E2_B_allplans3,0.0521619,True,0.0523304,False,True,34,0,454,0.00181686,14,0,11,1,1556,11,11,6,0,11,12,10.3571,8,420,1,1,0,0,0,0,0,0.0647027,0,84
screen3,0,6,psr-small/p12-s21-n2-l3-f30,gc_x1,0.0212599,True,0.0234307,False,True,6,0,26,0.000163043,6,0,5,1,64,11,11,6,0,3,18,5.33333,0,20,1,3,0,0,0,0,0,0.000430861,0,6
screen3,0,4,psr-small/p16-s29-n2-l5-f30,B2_d2p2L_b500k_s20k_x1,0.0242222,True,0.0314788,False,True,2,0,50,0.00693139,2,0,20,1,5360,17,17,2,0,19,35,24.5,1,48,1,2,0,0,0,0,0,0.00882109,0,6
screen3,0,5,psr-small/p16-s29-n2-l5-f30,C2_d1p2L_b500k_x1,0.0334363,True,0.0396488,False,True,2,0,28,0.00270861,2,0,17,1,2726,15,17,2,0,12,38,17.5,1,26,1,6,0,0,0,0,0,0.00329209,0,4
screen3,0,4,psr-small/p16-s29-n2-l5-f30,E2_B_allplans3,0.0360706,True,0.0448346,False,True,6,0,150,0.0190312,2,0,20,1,5456,17,17,2,0,19,35,24.5,1,144,1,2,0,0,0,0,0,0.0433037,0,22
screen3,0,7,psr-small/p16-s29-n2-l5-f30,gc_x1,0.107391,True,0.115903,False,True,1,0,5,0.000173199,1,0,4,1,24,15,17,2,0,2,51,20,0,4,1,3,0,0,0,0,0,0.000337993,0,1
screen3,0,4,psr-small/p32-s50-n4-l2-f50,B2_d2p2L_b500k_s20k_x1,0.0304012,True,0.0356872,False,True,18,0,334,0.0061788,18,0,19,1,5861,19,19,7,0,18,15,16.5556,11,316,1,2,0,0,0,0,0,0.0212107,0,40
screen3,0,4,psr-small/p32-s50-n4-l2-f50,C2_d1p2L_b500k_x1,0.0155258,True,0.0182573,False,True,17,0,128,0.00153083,17,0,19,1,1405,17,19,7,0,18,15,9.23529,10,111,1,2,0,0,0,0,0,0.00912246,0,19
screen3,0,4,psr-small/p32-s50-n4-l2-f50,E2_B_allplans3,0.966369,True,0.972861,False,True,54,0,1002,0.014834,18,0,19,1,5886,19,19,7,0,18,15,16.5556,11,948,1,2,0,0,0,0,0,1.21658,0,154
screen3,0,6,psr-small/p32-s50-n4-l2-f50,gc_x1,0.0294684,True,0.0321364,False,True,7,0,46,0.000350141,7,0,9,1,338,17,19,7,0,5,25,7.57143,0,39,1,5,0,0,0,0,0,0.00749522,0,7
screen3,0,2,psr-small/p45-s94-n4-l3-f50,B2_d2p2L_b500k_s20k_x1,0.0293776,True,0.0347947,False,True,21,0,321,0.0128219,21,0,15,1,5484,19,19,8,0,15,19,16.4286,13,300,1,1,0,0,0,0,0,0.0462656,0,18
screen3,0,3,psr-small/p45-s94-n4-l3-f50,C2_d1p2L_b500k_x1,0.0111507,True,0.0157697,False,True,20,0,140,0.00141134,20,0,15,1,1250,17,19,8,0,15,19,8.5,12,120,1,1,0,0,0,0,0,0.00622222,0,2
screen3,0,2,psr-small/p45-s94-n4-l3-f50,E2_B_allplans3,0.134696,True,0.140378,False,True,63,0,963,0.014374,21,0,15,1,5604,19,19,8,0,15,19,16.4286,13,900,1,1,0,0,0,0,0,0.223153,0,96
screen3,0,5,psr-small/p45-s94-n4-l3-f50,gc_x1,0.0235504,True,0.0298571,False,True,8,0,51,0.000442961,8,0,9,0,358,17,19,8,0,1,25,7.375,0,43,0,9,0,0,0,0,0,0.000519676,0,0
screen3,0,11,psr-small/p46-s97-n5-l2-f30,B2_d2p2L_b500k_s20k_x1,2.94883,True,2.96099,False,True,2,10,27,0.13098,2,0,14,1,99638,28,28,2,0,8,54,35.5,1,25,1,7,0,0,0,0,0,0.131555,0,5
screen3,0,10,psr-small/p46-s97-n5-l2-f30,C2_d1p2L_b500k_x1,2.66613,True,2.67817,False,True,2,5,32,0.222722,2,0,17,1,160948,23,28,2,0,13,51,26,1,30,1,5,0,0,0,0,0,0.22348,0,6
screen3,0,11,psr-small/p46-s97-n5-l2-f30,E2_B_allplans3,3.54242,True,3.55467,False,True,6,10,81,0.304033,2,0,14,1,101996,28,28,2,0,10,54,35.5,1,75,1,5,0,0,0,0,0,0.309923,0,15
screen3,0,14,psr-small/p46-s97-n5-l2-f30,gc_x1,4.5676,True,4.57841,False,True,1,0,9,0.000493262,1,0,7,1,265,23,28,2,0,3,61,31,0,8,1,5,0,0,0,0,0,0.000770466,0,2
screen3,0,4,psr-small/p47-s98-n5-l2-f50,B2_d2p2L_b500k_s20k_x1,0.107061,True,0.114281,False,True,30,0,534,0.0550512,30,0,19,1,50592,24,24,11,0,19,30,20.7,19,504,1,1,0,0,0,0,0,0.0891799,0,60
screen3,0,7,psr-small/p47-s98-n5-l2-f50,C2_d1p2L_b500k_x1,0.140353,True,0.148906,False,True,25,0,193,0.0056835,25,0,13,1,2056,23,24,11,0,11,36,9.36,14,168,1,3,0,0,0,0,0,0.0122404,0,25
screen3,0,4,psr-small/p47-s98-n5-l2-f50,E2_B_allplans3,1.3751,True,1.3811,False,True,90,0,1602,0.141862,30,0,19,1,51793,24,24,11,0,19,30,20.7,19,1512,1,1,0,0,0,0,0,1.97396,0,216
screen3,0,8,psr-small/p47-s98-n5-l2-f50,gc_x1,0.469836,True,0.477416,False,True,11,0,81,0.000797236,11,0,10,1,606,23,24,11,0,8,39,8.54545,0,70,1,3,0,0,0,0,0,0.00178177,0,11
screen3,0,9,psr-small/p49-s105-n6-l2-f30,B2_d2p2L_b500k_s20k_x1,3.86803,True,3.8975,False,True,21,43,289,0.686017,21,14,38,1,530697,40,40,21,0,38,89,16.7143,0,268,1,1,0,53,0,0,0,0.819119,0,55
screen3,0,9,psr-small/p49-s105-n6-l2-f30,C2_d1p2L_b500k_x1,4.77647,True,4.80734,False,True,53,20,546,0.912756,53,0,31,1,605680,39,40,21,0,31,96,10.6792,32,493,1,1,0,0,0,0,0,1.26542,0,120
screen3,0,6,psr-small/p49-s105-n6-l2-f30,E2_B_allplans3,2.43185,True,2.46105,False,True,63,37,837,1.37716,21,15,40,1,573927,40,40,21,0,40,87,15.5238,0,774,0,1,0,54,0,0,0,2.72101,0,169
screen3,0,14,psr-small/p49-s105-n6-l2-f30,gc_x1,13.8915,True,13.92,False,True,21,5,207,0.124748,21,0,17,1,58612,39,40,21,0,14,110,10,0,186,1,4,0,0,0,0,0,0.137919,0,47
screen3,0,2,psr-small/p50-s107-n6-l2-f70,B2_d2p2L_b500k_s20k_x1,0.0343184,True,0.0408645,False,True,27,0,465,0.0164271,27,0,19,1,13558,25,25,10,0,15,24,20.4815,17,438,1,5,0,0,0,0,0,0.0276711,0,22
screen3,0,3,psr-small/p50-s107-n6-l2-f70,C2_d1p2L_b500k_x1,0.0156325,True,0.0235723,False,True,26,0,229,0.0112138,26,0,19,1,5234,21,25,10,0,15,24,10.1538,16,203,1,5,0,0,0,0,0,0.0121375,0,2
screen3,0,2,psr-small/p50-s107-n6-l2-f70,E2_B_allplans3,0.228866,True,0.235931,False,True,81,0,1395,0.034551,27,0,19,1,13766,25,25,10,0,15,24,20.4815,17,1314,1,5,0,0,0,0,0,0.397093,0,112
screen3,0,5,psr-small/p50-s107-n6-l2-f70,gc_x1,0.0346087,True,0.0398296,False,True,10,0,83,0.00466197,10,0,11,0,1704,21,25,10,0,1,32,9.1,0,73,0,11,0,0,0,0,0,0.00476664,0,0
screen3,0,1,rovers/p05,B2_d2p2L_b500k_s20k_x1,0.00447086,True,0.0179868,False,True,6,0,18,7.222e-05,6,0,10,0,53,10,11,4,0,1,1,3.66667,2,12,0,10,0,0,0,0,0,0.000120166,0,0
screen3,0,2,rovers/p05,C2_d1p2L_b500k_x1,0.00521233,True,0.0173383,False,True,4,0,8,3.6666e-05,4,0,8,0,12,8,11,4,0,1,3,2,0,4,0,8,0,0,0,0,0,6.3564e-05,0,0
screen3,0,1,rovers/p05,E2_B_allplans3,0.0062436,True,0.0197596,False,True,10,0,38,0.000115501,6,0,10,2,53,10,11,4,0,3,1,3.66667,2,28,2,6,0,0,0,0,0,0.000335673,0,4
screen3,0,2,rovers/p05,gc_x1,0.00421607,True,0.0170174,False,True,4,0,8,3.3351e-05,4,0,8,0,12,8,11,4,0,1,3,2,0,4,0,8,0,0,0,0,0,6.9216e-05,0,0
screen3,0,3,rovers/p27,B2_d2p2L_b500k_s20k_x1,0.146275,True,4.48248,False,True,42,0,136,0.021927,42,0,36,0,5361,41,61,16,0,1,150,7.7381,26,94,0,36,0,0,0,0,0,0.0233631,0,0
screen3,0,3,rovers/p27,C2_d1p2L_b500k_x1,0.121218,True,5.23497,False,True,16,0,32,0.000278389,16,0,32,0,48,32,61,16,0,1,154,2,0,16,0,32,0,0,0,0,0,0.00142054,0,0
screen3,0,3,rovers/p27,E2_B_allplans3,0.132726,True,4.89143,False,True,126,0,408,0.0728417,42,0,64,2,6698,41,61,16,0,8,122,7.7381,26,282,2,50,0,0,0,0,0,0.0803013,0,26
screen3,0,4,rovers/p27,gc_x1,0.376779,True,5.46326,False,True,16,0,32,0.000268526,16,0,32,0,48,32,61,16,0,1,154,2,0,16,0,32,0,0,0,0,0,0.0010215,0,0
screen3,0,2,rovers/p28,B2_d2p2L_b500k_s20k_x1,0.143016,True,10.574,False,True,36,0,116,0.0511309,36,0,32,0,9698,37,58,14,0,1,186,8.97222,22,80,0,32,0,0,0,0,0,0.0527685,0,0
screen3,0,2,rovers/p28,C2_d1p2L_b500k_x1,0.203956,True,12.5233,False,True,14,0,28,0.000315304,14,0,28,0,42,28,58,14,0,1,190,2,0,14,0,28,0,0,0,0,0,0.00179076,0,0
screen3,0,2,rovers/p28,E2_B_allplans3,0.211384,True,11.0682,False,True,108,0,348,0.158418,36,0,56,2,10551,37,58,14,0,8,162,8.97222,22,240,2,44,0,0,0,0,0,0.161845,0,22
screen3,0,3,rovers/p28,gc_x1,0.0673675,True,13.1421,False,True,14,0,28,0.000322085,14,0,28,0,42,28,58,14,0,1,190,2,0,14,0,28,0,0,0,0,0,0.0010315,0,0
screen3,0,2,rovers/p29,B2_d2p2L_b500k_s20k_x1,0.102491,True,18.1212,False,True,24,0,76,0.0465138,24,0,25,0,6613,29,65,10,0,1,242,9,14,52,0,25,0,0,0,0,0,0.0531528,0,0
screen3,0,2,rovers/p29,C2_d1p2L_b500k_x1,0.0636851,True,18.9804,False,True,10,0,20,0.000361576,10,0,20,0,30,20,65,10,0,1,247,2,0,10,0,20,0,0,0,0,0,0.00205756,0,0
screen3,0,2,rovers/p29,E2_B_allplans3,0.118605,True,18.7473,False,True,72,0,228,0.0654388,24,0,40,2,7158,29,65,10,0,6,227,9,14,156,2,32,0,0,0,0,0,0.0681091,0,14
screen3,0,2,rovers/p29,gc_x1,0.0525951,True,19.2277,False,True,10,0,20,0.0003728,10,0,20,0,30,20,65,10,0,1,247,2,0,10,0,20,0,0,0,0,0,0.00133839,0,0
screen3,0,3,rovers/p30,B2_d2p2L_b500k_s20k_x1,46.7993,True,74.2271,False,True,51,0,166,0.14131,51,0,42,0,16529,48,77,19,0,1,317,9.84314,32,115,0,42,0,0,0,0,0,0.144987,0,0
screen3,0,3,rovers/p30,C2_d1p2L_b500k_x1,163.398,True,190.853,False,True,19,0,38,0.000781451,19,0,38,0,57,38,77,19,0,1,321,2,0,19,0,38,0,0,0,0,0,0.015846,0,0
screen3,0,3,rovers/p30,E2_B_allplans3,70.039,True,97.7853,False,True,153,0,498,0.260311,51,0,76,2,19999,48,77,19,0,13,283,9.84314,32,345,2,59,0,0,0,0,0,0.276985,0,32
screen3,0,3,rovers/p30,gc_x1,0.707169,True,28.5568,False,True,19,0,38,0.00095952,19,0,38,0,57,38,77,19,0,1,321,2,0,19,0,38,0,0,0,0,0,0.00441367,0,0
screen3,0,3,rovers/p31,B2_d2p2L_b500k_s20k_x1,0.987705,True,16.3413,False,True,50,0,162,0.176553,50,0,43,0,11044,48,82,19,0,1,292,8.62,31,112,0,43,0,0,0,0,0,0.180361,0,0
screen3,0,3,rovers/p31,C2_d1p2L_b500k_x1,0.973942,True,18.2528,False,True,19,0,38,0.000637726,19,0,38,0,57,38,82,19,0,1,297,2,0,19,0,38,0,0,0,0,0,0.00422468,0,0
screen3,0,3,rovers/p31,E2_B_allplans3,0.928799,True,16.4754,False,True,150,0,486,0.213256,50,0,76,2,14915,48,82,19,0,12,259,8.62,31,336,2,59,0,0,0,0,0,0.223171,0,31
screen3,0,4,rovers/p31,gc_x1,1.64796,True,18.5351,False,True,19,0,38,0.000575623,19,0,38,0,57,38,82,19,0,1,297,2,0,19,0,38,0,0,0,0,0,0.00229255,0,0
screen3,0,1,satellite/p23-HC-pfile3,B2_d2p2L_b500k_s20k_x1,0.129193,True,16.0265,False,True,132,0,481,0.108831,132,0,53,0,88814,90,90,47,0,1,521,29.8939,85,349,0,53,0,0,0,0,0,0.119588,0,0
screen3,0,1,satellite/p23-HC-pfile3,C2_d1p2L_b500k_x1,0.072167,True,16.8704,False,True,132,0,481,0.0543665,132,0,53,0,47209,83,90,47,0,1,521,23.6894,85,349,0,53,0,0,0,0,0,0.0623283,0,0
screen3,0,1,satellite/p23-HC-pfile3,E2_B_allplans3,3.48601,True,19.7133,False,True,396,0,1443,0.609771,132,0,151,3,308404,90,90,47,0,21,423,29.8939,85,1047,3,107,0,0,0,0,0,4.36591,0,85
screen3,0,1,satellite/p23-HC-pfile3,gc_x1,0.0241427,True,16.0441,False,True,47,0,141,0.00700103,47,0,53,0,4369,83,90,47,0,1,521,23.1277,0,94,0,53,0,0,0,0,0,0.0115704,0,0
screen3,0,1,satellite/p25-HC-pfile5,B2_d2p2L_b500k_s20k_x1,0.203755,True,49.5009,False,True,174,0,636,0.188171,174,0,62,0,138379,102,102,60,0,1,849,38.931,114,462,0,62,0,0,0,0,0,0.211633,0,0
screen3,0,1,satellite/p25-HC-pfile5,C2_d1p2L_b500k_x1,0.170456,True,49.304,False,True,174,0,636,0.179466,174,0,62,0,119972,94,102,60,0,1,849,30.931,114,462,0,62,0,0,0,0,0,0.19951,0,0
screen3,0,1,satellite/p25-HC-pfile5,E2_B_allplans3,8.65943,True,59.768,False,True,471,0,1704,1.35886,157,0,186,2,502891,102,102,60,0,41,725,39.0573,97,1233,1,136,0,17,0,0,0,11.6816,0,97
screen3,0,1,satellite/p25-HC-pfile5,gc_x1,0.0362873,True,51.5796,False,True,60,0,180,0.0264373,60,0,62,0,8474,94,102,60,0,1,849,29.6667,0,120,0,62,0,0,0,0,0,0.040577,0,0
screen3,0,1,satellite/p26-HC-pfile6,B2_d2p2L_b500k_s20k_x1,0.181827,True,62.8938,False,True,180,0,656,0.151727,180,0,68,0,114877,112,112,64,0,1,693,30.2611,116,476,0,68,0,0,0,0,0,0.167382,0,0
screen3,0,1,satellite/p26-HC-pfile6,C2_d1p2L_b500k_x1,0.0930176,True,61.2097,False,True,180,0,656,0.0688168,180,0,68,0,61353,104,112,64,0,1,693,23.5444,116,476,0,68,0,0,0,0,0,0.0799698,0,0
screen3,0,1,satellite/p26-HC-pfile6,E2_B_allplans3,3.72874,True,64.2007,False,True,540,0,1968,1.08018,180,0,206,4,461991,112,112,64,0,20,555,30.2611,116,1428,4,146,0,0,0,0,0,4.82312,0,116
screen3,0,1,satellite/p26-HC-pfile6,gc_x1,0.0279177,True,63.7542,False,True,64,0,192,0.00854701,64,0,68,0,5766,104,112,64,0,1,693,22.9062,0,128,0,68,0,0,0,0,0,0.0147732,0,0
screen3,0,1,scanalyzer-08-strips/p04,B2_d2p2L_b500k_s20k_x1,1.5577,True,1.64852,False,True,37,0,84,0.0825113,37,0,26,0,17902,16,16,16,0,1,870,11.0811,29,47,0,26,0,0,0,0,0,0.0841751,0,0
screen3,0,1,scanalyzer-08-strips/p04,C2_d1p2L_b500k_x1,1.47261,True,1.55737,False,True,37,0,84,0.142187,37,0,26,0,17902,16,16,16,0,1,870,11.0811,29,47,0,26,0,0,0,0,0,0.143954,0,0
screen3,0,1,scanalyzer-08-strips/p04,E2_B_allplans3,1.44684,True,1.53053,False,True,95,0,220,0.252437,37,0,32,0,56545,16,16,16,0,1,864,11.0811,29,125,0,32,0,0,0,0,0,0.254215,0,0
screen3,0,1,scanalyzer-08-strips/p04,gc_x1,0.991079,True,1.07648,False,True,8,0,16,0.0149801,8,0,14,0,677,16,16,16,0,1,882,17,0,8,0,14,0,0,0,0,0,0.0161452,0,0
screen3,0,2,scanalyzer-08-strips/p05,B2_d2p2L_b500k_s20k_x1,8.24641,True,8.30848,False,True,35,27,145,2.12408,35,0,51,0,546034,16,16,16,0,1,845,10.1143,27,110,0,51,0,2,0,0,0,2.12615,0,0
screen3,0,2,scanalyzer-08-strips/p05,C2_d1p2L_b500k_x1,15.3173,True,15.3817,False,True,30,12,120,2.85277,30,0,35,0,563763,16,16,16,0,1,861,10.8333,22,90,0,35,0,7,0,0,0,2.85474,0,0
screen3,0,2,scanalyzer-08-strips/p05,E2_B_allplans3,7.35823,True,7.42068,False,True,91,21,389,2.38985,33,0,77,0,516600,16,16,16,0,1,819,10.3636,25,298,0,77,0,4,0,0,0,2.3917,0,0
screen3,0,1,scanalyzer-08-strips/p05,gc_x1,1.1428,True,1.21289,False,True,8,0,22,0.06295,8,0,20,0,10390,16,16,16,0,1,876,17,0,14,0,20,0,0,0,0,0,0.0677425,0,0
screen3,0,1,scanalyzer-08-strips/p07,B2_d2p2L_b500k_s20k_x1,8.4903,True,8.81518,False,True,47,3,108,0.929311,47,0,38,0,143399,20,20,20,0,1,2212,13.4255,37,61,0,38,0,0,0,0,0,0.935884,0,0
screen3,0,1,scanalyzer-08-strips/p07,C2_d1p2L_b500k_x1,7.28547,True,7.60588,False,True,47,0,108,0.711653,47,0,34,0,101149,20,20,20,0,1,2216,13.4894,37,61,0,34,0,0,0,0,0,0.720315,0,0
screen3,0,1,scanalyzer-08-strips/p07,E2_B_allplans3,7.82181,True,8.14666,False,True,121,3,284,1.13683,47,0,56,1,211723,20,20,20,0,4,2194,13.4255,37,163,1,53,0,0,0,0,0,1.14764,0,4
screen3,0,1,scanalyzer-08-strips/p07,gc_x1,8.19085,True,8.54726,False,True,10,0,20,0.130053,10,0,18,0,1905,20,20,20,0,1,2232,21,0,10,0,18,0,0,0,0,0,0.135607,0,0
screen3,0,3,schedule/probschedule-10-2,B2_d2p2L_b500k_s20k_x1,1.079,True,1.31888,False,True,27,126,47,1.02968,27,0,11,1,466056,84,99,10,0,2,170,50.7407,17,20,1,10,0,0,0,0,0,1.03231,0,1
screen3,0,2,schedule/probschedule-10-2,C2_d1p2L_b500k_x1,0.0393375,True,0.270249,False,True,24,0,44,0.0179678,24,0,15,1,3954,47,99,10,0,2,166,11.75,14,20,1,14,0,0,0,0,0,0.0247149,0,1
screen3,0,2,schedule/probschedule-10-2,E2_B_allplans3,1.33757,True,1.56803,False,True,55,114,97,1.77816,25,0,18,1,511201,84,99,10,0,10,163,49.84,15,42,1,9,0,2,0,0,0,1.80514,0,15
screen3,0,3,schedule/probschedule-10-2,gc_x1,0.0447747,True,0.280499,False,True,10,0,10,0.00100983,10,0,10,0,88,47,99,10,0,1,171,8.9,0,0,0,10,0,0,0,0,0,0.00218009,0,0
screen3,0,3,schedule/probschedule-12-2,B2_d2p2L_b500k_s20k_x1,0.464692,True,0.888117,False,True,33,182,54,0.403552,33,0,13,0,294769,110,117,12,0,1,204,56.3333,21,21,0,13,0,0,0,0,0,0.407055,0,0
screen3,0,2,schedule/probschedule-12-2,C2_d1p2L_b500k_x1,0.0548753,True,0.498405,False,True,30,0,51,0.00890333,30,0,18,0,3373,66,117,12,0,1,199,13.1667,18,21,0,18,0,0,0,0,0,0.0124395,0,0
screen3,0,3,schedule/probschedule-12-2,E2_B_allplans3,1.18195,True,1.68378,False,True,87,182,149,1.27871,33,0,26,1,468336,110,117,12,0,13,191,56.3333,21,62,1,14,0,0,0,0,0,1.28863,0,11
screen3,0,3,schedule/probschedule-12-2,gc_x1,0.0573792,True,0.51119,False,True,12,0,12,0.00151462,12,0,12,0,105,66,117,12,0,1,205,9.91667,0,0,0,12,0,0,0,0,0,0.00332696,0,0
screen3,0,2,schedule/probschedule-13-0,B2_d2p2L_b500k_s20k_x1,1.13063,True,1.72508,False,True,33,182,56,1.21033,33,0,15,1,503333,114,126,13,0,2,220,53.5758,20,23,1,14,0,3,0,0,0,1.21471,0,1
screen3,0,2,schedule/probschedule-13-0,C2_d1p2L_b500k_x1,0.0775095,True,0.675461,False,True,33,0,57,0.0179123,33,0,19,1,5658,76,126,13,0,2,216,14.7576,20,24,1,18,0,0,0,0,0,0.0226769,0,1
screen3,0,3,schedule/probschedule-13-0,E2_B_allplans3,1.38181,True,2.01438,False,True,72,161,120,1.697,30,0,28,1,515143,114,126,13,0,9,207,53.9333,17,48,1,20,0,6,0,0,0,1.70196,0,5
screen3,0,3,schedule/probschedule-13-0,gc_x1,0.062584,True,0.653882,False,True,13,0,13,0.00163724,13,0,13,0,114,76,126,13,0,1,222,10.3077,0,0,0,13,0,0,0,0,0,0.00387118,0,0
screen3,0,1,schedule/probschedule-3-0,B2_d2p2L_b500k_s20k_x1,0.0104874,True,0.0238009,False,True,6,0,10,0.00755526,6,0,5,0,3857,36,36,3,0,1,50,32.5,3,4,0,5,0,0,0,0,0,0.00785674,0,0
screen3,0,1,schedule/probschedule-3-0,C2_d1p2L_b500k_x1,0.00679344,True,0.0205297,False,True,6,0,10,0.000971292,6,0,5,0,915,26,36,3,0,1,50,16.3333,3,4,0,5,0,0,0,0,0,0.00503095,0,0
screen3,0,1,schedule/probschedule-3-0,E2_B_allplans3,0.0133079,True,0.0257649,False,True,15,0,27,0.013588,6,0,7,1,5032,36,36,3,0,2,48,32.5,3,12,1,6,0,0,0,0,0,0.0139898,0,1
screen3,0,2,schedule/probschedule-3-0,gc_x1,0.00724231,True,0.0212361,False,True,3,0,3,0.000193718,3,0,3,0,28,26,36,3,0,1,52,12.6667,0,0,0,3,0,0,0,0,0,0.000332093,0,0
screen3,0,1,schedule/probschedule-3-2,B2_d2p2L_b500k_s20k_x1,0.00920246,True,0.0216153,False,True,6,0,10,0.00395325,6,0,5,0,3736,36,36,3,0,1,50,29.5,3,4,0,5,0,0,0,0,0,0.00425297,0,0
screen3,0,1,schedule/probschedule-3-2,C2_d1p2L_b500k_x1,0.00721844,True,0.0219806,False,True,6,0,10,0.000959613,6,0,5,0,813,20,36,3,0,1,50,13,3,4,0,5,0,0,0,0,0,0.00460227,0,0
screen3,0,1,schedule/probschedule-3-2,E2_B_allplans3,0.014365,True,0.0277435,False,True,14,0,26,0.0135028,6,0,6,1,4293,36,36,3,0,6,49,29.5,3,12,1,1,0,0,0,0,0,0.014002,0,4
screen3,0,2,schedule/probschedule-3-2,gc_x1,0.00759947,True,0.022337,False,True,3,0,3,0.000181871,3,0,3,0,33,20,36,3,0,1,52,10.3333,0,0,0,3,0,0,0,0,0,0.00031111,0,0
screen3,0,1,schedule/probschedule-4-0,B2_d2p2L_b500k_s20k_x1,0.0124093,True,0.0336022,False,True,9,0,15,0.0127263,9,0,7,0,5087,45,45,4,0,1,66,32.8889,5,6,0,7,0,0,0,0,0,0.0131245,0,0
screen3,0,1,schedule/probschedule-4-0,C2_d1p2L_b500k_x1,0.00883706,True,0.025686,False,True,9,0,15,0.000890181,9,0,7,0,782,23,45,4,0,1,66,12.2222,5,6,0,7,0,0,0,0,0,0.00117552,0,0
screen3,0,1,schedule/probschedule-4-0,E2_B_allplans3,0.0182064,True,0.0379719,False,True,24,0,42,0.0114069,9,0,10,1,6879,45,45,4,0,2,63,32.8889,5,18,1,9,0,0,0,0,0,0.0119324,0,1
screen3,0,2,schedule/probschedule-4-0,gc_x1,0.0113767,True,0.0299467,False,True,4,0,4,0.000215667,4,0,4,0,35,23,45,4,0,1,69,8.75,0,0,0,4,0,0,0,0,0,0.000378925,0,0
screen3,0,1,schedule/probschedule-4-2,B2_d2p2L_b500k_s20k_x1,0.0129009,True,0.030411,False,True,9,0,15,0.00542728,9,0,5,0,4354,45,45,4,0,1,68,32.5556,5,6,0,5,0,0,0,0,0,0.00579676,0,0
screen3,0,1,schedule/probschedule-4-2,C2_d1p2L_b500k_x1,0.00738983,True,0.0241079,False,True,8,0,13,0.000681328,8,0,6,0,457,22,45,4,0,1,67,10.25,4,5,0,6,0,0,0,0,0,0.00546233,0,0
screen3,0,1,schedule/probschedule-4-2,E2_B_allplans3,0.0191062,True,0.0354852,False,True,22,0,40,0.0179896,9,0,8,1,6516,45,45,4,0,7,65,32.5556,5,18,1,2,0,0,0,0,0,0.0225523,0,3
screen3,0,2,schedule/probschedule-4-2,gc_x1,0.00800479,True,0.023865,False,True,4,0,4,0.000213422,4,0,4,0,27,22,45,4,0,1,69,7.75,0,0,0,4,0,0,0,0,0,0.000376714,0,0
screen3,0,1,schedule/probschedule-5-0,B2_d2p2L_b500k_s20k_x1,0.0425888,True,0.0818876,False,True,12,0,19,0.0613353,12,0,5,0,24255,54,54,5,0,1,86,44.25,7,7,0,5,0,0,0,0,0,0.0657457,0,0
screen3,0,1,schedule/probschedule-5-0,C2_d1p2L_b500k_x1,0.00935352,True,0.0468806,False,True,12,0,20,0.00205334,12,0,6,0,1534,30,54,5,0,1,85,13.75,7,8,0,6,0,0,0,0,0,0.00260913,0,0
screen3,0,1,schedule/probschedule-5-0,E2_B_allplans3,0.06581,True,0.106777,False,True,29,0,50,0.0828513,12,0,10,1,29896,54,54,5,0,6,81,44.25,7,21,1,5,0,0,0,0,0,0.0836759,0,4
screen3,0,2,schedule/probschedule-5-0,gc_x1,0.0164076,True,0.0555527,False,True,5,0,5,0.000350186,5,0,4,0,48,30,54,5,0,1,87,10,0,0,0,4,0,0,0,0,0,0.000622655,0,0
screen3,0,2,schedule/probschedule-5-1,B2_d2p2L_b500k_s20k_x1,0.0238359,True,0.066424,False,True,12,0,19,0.0164918,12,0,7,0,9751,54,54,5,0,1,84,44.25,7,7,0,7,0,0,0,0,0,0.0227188,0,0
screen3,0,1,schedule/probschedule-5-1,C2_d1p2L_b500k_x1,0.0100763,True,0.0482053,False,True,12,0,20,0.00498308,12,0,8,0,1396,32,54,5,0,1,83,14,7,8,0,8,0,0,0,0,0,0.00556832,0,0
screen3,0,2,schedule/probschedule-5-1,E2_B_allplans3,0.029909,True,0.0735614,False,True,33,0,54,0.0326929,12,0,14,0,14096,54,54,5,0,1,77,44.25,7,21,0,14,0,0,0,0,0,0.0333084,0,0
screen3,0,2,schedule/probschedule-5-1,gc_x1,0.0159035,True,0.0558633,False,True,5,0,5,0.000316005,5,0,5,0,46,32,54,5,0,1,86,10,0,0,0,5,0,0,0,0,0,0.000551389,0,0
screen3,0,2,schedule/probschedule-5-2,B2_d2p2L_b500k_s20k_x1,0.059274,True,0.0991395,False,True,12,0,21,0.0441089,12,0,7,1,34523,54,54,5,0,2,84,44.25,7,9,1,6,0,0,0,0,0,0.044718,0,1
screen3,0,2,schedule/probschedule-5-2,C2_d1p2L_b500k_x1,0.0147202,True,0.0539921,False,True,12,0,22,0.00236811,12,0,7,1,1640,30,54,5,0,2,84,13.75,7,10,1,6,0,0,0,0,0,0.00305732,0,1
screen3,0,2,schedule/probschedule-5-2,E2_B_allplans3,0.0985361,True,0.138571,False,True,28,0,49,0.0872741,12,0,11,1,44051,54,54,5,0,6,80,44.25,7,21,1,6,0,0,0,0,0,0.0880915,0,3
screen3,0,3,schedule/probschedule-5-2,gc_x1,0.0225242,True,0.0569623,False,True,5,0,5,0.0036977,5,0,5,0,43,30,54,5,0,1,86,10,0,0,0,5,0,0,0,0,0,0.00398169,0,0
screen3,0,3,storage/p07,B2_d2p2L_b500k_s20k_x1,0.0766628,True,0.0846899,False,True,6,0,48,0.00145339,6,0,13,1,643,17,17,3,0,6,63,15.5,3,42,1,8,0,0,0,0,0,0.00578199,0,3
screen3,0,3,storage/p07,C2_d1p2L_b500k_x1,0.203927,True,0.209793,False,True,6,0,48,0.0240596,6,0,18,0,11873,14,17,3,0,1,58,11,3,42,0,18,0,0,0,0,0,0.0243575,0,0
screen3,0,3,storage/p07,E2_B_allplans3,0.0373132,True,0.0441879,False,True,18,0,144,0.00209761,6,0,20,1,924,17,17,3,0,10,56,15.5,3,126,1,11,0,0,0,0,0,0.00320442,0,9
screen3,0,3,storage/p07,gc_x1,0.0872817,True,0.0929177,False,True,3,0,18,0.00386818,3,0,10,0,644,14,17,3,0,1,66,10,0,15,0,10,0,0,0,0,0,0.00406296,0,0
screen3,0,4,storage/p12,B2_d2p2L_b500k_s20k_x1,30.9611,True,31.04,False,True,9,0,47,0.114703,9,0,13,1,14163,26,26,4,0,8,365,23.5556,5,38,1,6,0,0,0,0,0,0.120394,0,5
screen3,0,4,storage/p12,C2_d1p2L_b500k_x1,45.7193,True,45.7904,False,True,8,16,40,2.01486,8,0,17,1,608864,22,26,4,0,2,361,15.375,4,32,1,16,0,1,0,0,0,2.01682,0,1
screen3,0,4,storage/p12,E2_B_allplans3,40.5062,True,40.5725,False,True,19,0,117,0.110426,9,0,17,1,25593,26,26,4,0,13,361,23.5556,5,98,1,5,0,0,0,0,0,0.118682,0,15
screen3,0,4,storage/p12,gc_x1,50.1975,True,50.2644,False,True,4,0,12,0.0034218,4,0,9,0,931,22,26,4,0,1,369,16,0,8,0,9,0,0,0,0,0,0.00447657,0,0
screen3,0,3,storage/p14,B2_d2p2L_b500k_s20k_x1,5.56549,True,5.63513,False,True,12,0,76,0.0801716,12,0,16,0,11052,29,29,5,0,1,348,25.5833,7,64,0,16,0,0,0,0,0,0.0870517,0,0
screen3,0,3,storage/p14,C2_d1p2L_b500k_x1,7.87432,True,7.96161,False,True,11,0,75,0.463085,11,0,22,1,164918,24,29,5,0,4,342,13,6,64,1,19,0,0,0,0,0,0.470963,0,1
screen3,0,3,storage/p14,E2_B_allplans3,6.65518,True,6.74299,False,True,36,0,228,0.0596709,12,0,32,1,20227,29,29,5,0,14,332,25.5833,7,192,1,19,0,0,0,0,0,0.0661766,0,8
screen3,0,3,storage/p14,gc_x1,5.37503,True,5.46167,False,True,5,0,25,0.0184576,5,0,13,0,2408,24,29,5,0,1,351,11,0,20,0,13,0,0,0,0,0,0.0202373,0,0
screen3,0,3,storage/p15,B2_d2p2L_b500k_s20k_x1,22.4318,True,22.59,False,True,12,0,56,0.145112,12,0,15,1,37310,31,31,5,0,3,531,27.5833,7,44,1,13,0,0,0,0,0,0.158849,0,1
screen3,0,3,storage/p15,C2_d1p2L_b500k_x1,21.1038,True,21.2436,False,True,11,4,48,0.490611,11,0,12,1,117492,26,31,5,0,3,534,14.9091,6,37,1,10,0,0,0,0,0,0.495704,0,1
screen3,0,3,storage/p15,E2_B_allplans3,25.3626,True,25.514,False,True,22,0,118,0.251714,12,0,15,1,50094,31,31,5,0,12,531,27.5833,7,96,1,4,0,0,0,0,0,0.258476,0,11
screen3,0,3,storage/p15,gc_x1,47.0361,True,47.1745,False,True,5,0,15,0.00492455,5,0,11,0,742,26,31,5,0,1,535,13,0,10,0,11,0,0,0,0,0,0.00768114,0,0
screen3,0,4,thoughtful-sat14-strips/bootstrap-typed-04,B2_d2p2L_b500k_s20k_x1,38.7284,True,40.9021,False,True,7,43,49,4.71071,7,0,35,0,536988,58,118,4,0,1,822,27.1429,3,42,0,35,0,2,0,0,0,4.77979,0,0
screen3,0,4,thoughtful-sat14-strips/bootstrap-typed-04,C2_d1p2L_b500k_x1,40.0431,True,42.1518,False,True,9,0,50,0.396106,9,0,24,0,50220,29,118,4,0,1,833,15.5556,5,41,0,24,0,0,0,0,0,0.467605,0,0
screen3,0,4,thoughtful-sat14-strips/bootstrap-typed-04,E2_B_allplans3,39.1676,True,41.1707,False,True,18,37,111,3.72674,6,0,34,1,524796,58,118,4,0,4,823,28.3333,2,93,1,31,0,3,0,0,0,3.84999,0,3
screen3,0,3,thoughtful-sat14-strips/bootstrap-typed-04,gc_x1,22.2046,True,24.3801,False,True,4,0,12,0.00710616,4,0,10,0,454,29,118,4,0,1,847,11.5,0,8,0,10,0,0,0,0,0,0.0435786,0,0
screen3,0,2,tpp/p21,B2_d2p2L_b500k_s20k_x1,0.362767,True,26.3081,False,True,11,12,93,0.424237,11,0,30,8,198403,102,139,11,0,3,253,9.27273,0,58,8,14,0,0,0,0,0,0.436134,0,13
screen3,0,2,tpp/p21,C2_d1p2L_b500k_x1,0.0928897,True,26.9973,False,True,11,0,72,0.0303296,11,0,22,3,24150,77,139,11,0,2,261,7,0,21,3,19,0,0,0,0,0,0.0407669,0,5
screen3,0,2,tpp/p21,E2_B_allplans3,0.582442,True,27.425,False,True,33,12,279,0.72396,11,0,67,10,233278,102,139,11,0,3,216,9.27273,0,186,10,49,0,0,0,0,0,0.734228,0,42
screen3,0,2,tpp/p21,gc_x1,0.0900664,True,29.1319,False,True,11,0,72,0.037493,11,0,22,3,24150,77,139,11,0,2,261,7,0,21,3,19,0,0,0,0,0,0.0430114,0,5
screen3,0,2,tpp/p23,B2_d2p2L_b500k_s20k_x1,0.290285,True,42.9244,False,True,13,8,95,0.219504,13,0,37,8,155331,123,163,13,0,3,293,9.46154,0,66,8,21,0,0,0,0,0,0.238066,0,14
screen3,0,2,tpp/p23,C2_d1p2L_b500k_x1,0.108867,True,43.8753,False,True,13,0,70,0.0290958,13,0,26,0,20413,91,163,13,0,1,304,7,0,13,0,26,0,0,0,0,0,0.0454676,0,0
screen3,0,2,tpp/p23,E2_B_allplans3,0.533064,True,45.2793,False,True,39,8,285,0.5414,13,0,85,10,192389,123,163,13,0,3,245,9.46154,0,208,10,67,0,0,0,0,0,0.565403,0,44
screen3,0,2,tpp/p23,gc_x1,0.0986933,True,47.8068,False,True,13,0,70,0.0544333,13,0,26,0,20413,91,163,13,0,1,304,7,0,13,0,26,0,0,0,0,0,0.0693669,0,0
screen3,0,2,tpp/p24,B2_d2p2L_b500k_s20k_x1,0.230234,True,60.1495,False,True,14,4,100,0.231548,14,0,41,11,84659,134,174,14,0,3,309,9.57143,0,78,11,19,0,0,0,0,0,0.252618,0,17
screen3,0,2,tpp/p24,C2_d1p2L_b500k_x1,0.108983,True,56.1343,False,True,14,0,70,0.0165073,14,0,28,1,12696,98,174,14,0,2,322,7,0,16,1,27,0,0,0,0,0,0.0359617,0,1
screen3,0,2,tpp/p24,E2_B_allplans3,0.349821,True,58.6455,False,True,42,4,300,0.251989,14,0,95,12,108684,134,174,14,0,3,255,9.57143,0,239,12,72,0,0,0,0,0,0.272569,0,52
screen3,0,2,tpp/p24,gc_x1,0.0664465,True,56.5918,False,True,14,0,70,0.00999158,14,0,28,1,12696,98,174,14,0,2,322,7,0,16,1,27,0,0,0,0,0,0.0177549,0,1
screen3,0,1,transport-opt08-strips/p04,B2_d2p2L_b500k_s20k_x1,0.0182779,True,0.0352357,False,True,12,0,120,0.0227577,12,0,10,0,12084,7,7,5,0,1,10,7,7,108,0,10,0,0,0,0,0,0.0228821,0,0
screen3,0,1,transport-opt08-strips/p04,C2_d1p2L_b500k_x1,0.00547253,True,0.0223717,False,True,12,0,38,0.000699776,12,0,10,0,913,7,7,5,0,1,10,3.58333,7,26,0,10,0,0,0,0,0,0.000799537,0,0
screen3,0,1,transport-opt08-strips/p04,E2_B_allplans3,0.0296535,True,0.0455543,False,True,36,0,360,0.0448723,12,0,12,1,12084,7,7,5,0,2,8,7,7,324,1,11,0,0,0,0,0,0.0452743,0,12
screen3,0,1,transport-opt08-strips/p04,gc_x1,0.00583944,True,0.0249675,False,True,5,0,10,0.000142092,5,0,10,0,75,7,7,5,0,1,10,3,0,5,0,10,0,0,0,0,0,0.000171436,0,0
screen3,0,1,transport-opt08-strips/p14,B2_d2p2L_b500k_s20k_x1,0.0192167,True,0.0427327,False,True,12,0,120,0.0226961,12,0,10,0,12084,7,7,5,0,1,10,7,7,108,0,10,0,0,0,0,0,0.022838,0,0
screen3,0,1,transport-opt08-strips/p14,C2_d1p2L_b500k_x1,0.0052431,True,0.0271783,False,True,12,0,38,0.000660022,12,0,10,0,913,7,7,5,0,1,10,3.58333,7,26,0,10,0,0,0,0,0,0.000722358,0,0
screen3,0,1,transport-opt08-strips/p14,E2_B_allplans3,0.0281056,True,0.0537384,False,True,36,0,360,0.0393744,12,0,12,1,12084,7,7,5,0,2,8,7,7,324,1,11,0,0,0,0,0,0.0431596,0,12
screen3,0,1,transport-opt08-strips/p14,gc_x1,0.00662431,True,0.0301696,False,True,5,0,10,0.000145056,5,0,10,0,75,7,7,5,0,1,10,3,0,5,0,10,0,0,0,0,0,0.000182072,0,0
screen3,0,1,transport-opt08-strips/p28,B2_d2p2L_b500k_s20k_x1,0.730577,True,0.918846,False,True,9,24,50,0.870106,9,1,18,0,527204,12,12,9,0,1,36,5.77778,0,41,0,18,0,16,0,0,0,0.870343,0,0
screen3,0,1,transport-opt08-strips/p28,C2_d1p2L_b500k_x1,0.0206875,True,0.229108,False,True,24,0,78,0.0145474,24,0,18,0,9921,12,12,9,0,1,36,4.625,15,54,0,18,0,0,0,0,0,0.0147714,0,0
screen3,0,1,transport-opt08-strips/p28,E2_B_allplans3,0.940579,True,1.15301,False,True,27,24,150,1.01652,9,1,34,0,529580,12,12,9,0,1,20,5.77778,0,123,0,34,0,16,0,0,0,1.01676,0,0
screen3,0,1,transport-opt08-strips/p28,gc_x1,0.00837816,True,0.251621,False,True,9,0,18,0.000716153,9,0,18,0,379,12,12,9,0,1,36,4,0,9,0,18,0,0,0,0,0,0.000863863,0,0
screen3,0,1,transport-sat08-strips/p05,B2_d2p2L_b500k_s20k_x1,0.743764,True,0.984476,False,True,10,24,52,0.868904,10,2,20,0,530448,13,13,10,0,1,40,5.6,0,42,0,20,0,19,0,0,0,0.869092,0,0
screen3,0,1,transport-sat08-strips/p05,C2_d1p2L_b500k_x1,0.0230505,True,0.264191,False,True,27,0,88,0.0168697,27,0,20,0,11138,13,13,10,0,1,40,4.62963,17,61,0,20,0,0,0,0,0,0.0171165,0,0
screen3,0,1,transport-sat08-strips/p05,E2_B_allplans3,1.06156,True,1.33244,False,True,30,24,156,1.37011,10,2,40,0,530562,13,13,10,0,1,20,5.6,0,126,0,40,0,19,0,0,0,1.37029,0,0
screen3,0,1,transport-sat08-strips/p05,gc_x1,0.00782994,True,0.239601,False,True,10,0,20,0.000850883,10,0,20,0,416,13,13,10,0,1,40,4,0,10,0,20,0,0,0,0,0,0.000949724,0,0
screen3,0,1,transport-sat08-strips/p09,B2_d2p2L_b500k_s20k_x1,1.57834,True,6.27031,False,True,18,35,64,1.93833,18,11,36,0,542762,22,22,18,0,1,108,5.77778,0,46,0,36,0,44,0,0,0,1.93907,0,0
screen3,0,1,transport-sat08-strips/p09,C2_d1p2L_b500k_x1,0.151037,True,5.22144,False,True,51,0,168,0.139842,51,0,36,0,33644,22,22,18,0,1,108,5.64706,33,117,0,36,0,0,0,0,0,0.14059,0,0
screen3,0,1,transport-sat08-strips/p09,E2_B_allplans3,1.99828,True,6.61939,False,True,54,35,192,2.41065,18,11,84,0,543549,22,22,18,0,1,60,5.77778,0,138,0,84,0,44,0,0,0,2.41136,0,0
screen3,0,1,transport-sat08-strips/p09,gc_x1,0.0218952,True,5.37216,False,True,18,0,36,0.0129431,18,0,36,0,759,22,22,18,0,1,108,5,0,18,0,36,0,0,0,0,0,0.0133151,0,0
screen3,0,1,transport-sat08-strips/p26,B2_d2p2L_b500k_s20k_x1,1.12637,True,2.32837,False,True,12,36,44,1.34673,12,3,24,0,549923,16,16,12,0,1,72,5.83333,0,32,0,24,0,24,0,0,0,1.34712,0,0
screen3,0,1,transport-sat08-strips/p26,C2_d1p2L_b500k_x1,0.109003,True,1.34469,False,True,33,0,108,0.15131,33,0,24,0,38133,16,16,12,0,1,72,5.63636,21,75,0,24,0,0,0,0,0,0.151686,0,0
screen3,0,1,transport-sat08-strips/p26,E2_B_allplans3,1.41412,True,2.88448,False,True,36,36,132,1.98854,12,3,40,0,557937,16,16,12,0,1,56,5.83333,0,96,0,40,0,24,0,0,0,1.98896,0,0
screen3,0,1,transport-sat08-strips/p26,gc_x1,0.0122954,True,1.4631,False,True,12,0,24,0.00260201,12,0,24,0,861,16,16,12,0,1,72,5,0,12,0,24,0,0,0,0,0,0.00283415,0,0
screen3,0,1,transport-sat11-strips/p06,B2_d2p2L_b500k_s20k_x1,1.57466,True,5.18235,False,True,16,28,60,2.52501,16,9,32,0,556854,20,20,16,0,1,96,5.875,0,44,0,32,0,38,0,0,0,2.52557,0,0
screen3,0,1,transport-sat11-strips/p06,C2_d1p2L_b500k_x1,0.141688,True,3.97916,False,True,45,0,148,0.143202,45,0,32,0,36324,20,20,16,0,1,96,5.64444,29,103,0,32,0,0,0,0,0,0.147932,0,0
screen3,0,1,transport-sat11-strips/p06,E2_B_allplans3,2.04348,True,5.89259,False,True,48,28,180,2.20643,16,9,72,0,557242,20,20,16,0,1,56,5.875,0,132,0,72,0,38,0,0,0,2.20704,0,0
screen3,0,1,transport-sat11-strips/p06,gc_x1,0.0177894,True,4.09879,False,True,16,0,32,0.00404517,16,0,32,0,837,20,20,16,0,1,96,5,0,16,0,32,0,0,0,0,0,0.00437567,0,0
screen3,0,1,transport-sat14-strips/p17,B2_d2p2L_b500k_s20k_x1,2.75365,True,73.2739,False,True,25,35,64,3.59387,25,18,50,0,582053,30,30,25,0,1,200,6.28,0,39,0,50,0,65,0,0,0,3.59553,0,0
screen3,0,1,transport-sat14-strips/p17,C2_d1p2L_b500k_x1,1.01145,True,69.4788,False,True,72,0,238,1.21404,72,0,50,0,135882,30,30,25,0,1,200,6.65278,47,166,0,50,0,0,0,0,0,1.21573,0,0
screen3,0,1,transport-sat14-strips/p17,E2_B_allplans3,3.3596,True,73.9904,False,True,75,35,192,4.09503,25,18,142,0,582332,30,30,25,0,1,108,6.28,0,117,0,142,0,65,0,0,0,4.09692,0,0
screen3,0,1,transport-sat14-strips/p17,gc_x1,0.0248463,True,41.3402,False,True,25,0,50,0.0098753,25,0,50,0,2103,30,30,25,0,1,200,6,0,25,0,50,0,0,0,0,0,0.0105119,0,0
screen3,0,4,trucks-strips/p01,B2_d2p2L_b500k_s20k_x1,0.0652894,True,0.0678149,False,True,6,0,41,0.0111446,6,0,14,1,6068,10,10,3,0,11,32,7,3,35,1,4,0,0,0,0,0,0.0119148,0,8
screen3,0,6,trucks-strips/p01,C2_d1p2L_b500k_x1,0.17289,True,0.17661,False,True,6,0,33,0.000493072,6,0,10,0,600,7,10,3,0,1,36,4,3,27,0,10,0,0,0,0,0,0.000585344,0,0
screen3,0,4,trucks-strips/p01,E2_B_allplans3,0.0475535,True,0.0519951,False,True,15,0,108,0.0143129,6,0,16,1,6172,10,10,3,0,16,30,7,3,93,1,1,0,0,0,0,0,0.0367349,0,25
screen3,0,6,trucks-strips/p01,gc_x1,0.0901163,True,0.0944551,False,True,3,0,12,9.5038e-05,3,0,10,0,52,7,10,3,0,1,36,3,0,9,0,10,0,0,0,0,0,0.000141684,0,0
screen3,0,6,trucks-strips/p04,B2_d2p2L_b500k_s20k_x1,2.59384,True,2.61047,False,True,15,0,106,0.0997554,15,0,25,1,48770,16,16,6,0,14,61,7.2,9,91,1,12,0,0,0,0,0,0.108317,0,19
screen3,0,8,trucks-strips/p04,C2_d1p2L_b500k_x1,8.59572,True,8.61388,False,True,15,0,63,0.00120307,15,0,13,0,999,13,16,6,0,1,73,4.2,9,48,0,13,0,0,0,0,0,0.00155193,0,0
screen3,0,5,trucks-strips/p04,E2_B_allplans3,3.40892,True,3.42573,False,True,39,0,288,0.13248,15,0,31,1,50322,16,16,6,0,31,55,7.2,9,249,1,1,0,0,0,0,0,3.26733,0,65
screen3,0,10,trucks-strips/p04,gc_x1,17.0469,True,17.0659,False,True,6,0,18,0.000190987,6,0,13,0,72,13,16,6,0,1,73,3,0,12,0,13,0,0,0,0,0,0.000298524,0,0
screen3,0,6,trucks-strips/p05,B2_d2p2L_b500k_s20k_x1,4.1122,True,4.14022,False,True,18,17,124,0.506312,18,0,30,1,365577,17,17,7,0,16,69,7.88889,11,106,1,15,0,0,0,0,0,0.513321,0,19
screen3,0,7,trucks-strips/p05,C2_d1p2L_b500k_x1,5.45836,True,5.49621,False,True,18,0,96,0.0973342,18,0,24,1,43286,17,17,7,0,10,75,5,11,78,1,15,0,0,0,0,0,0.0983826,0,11
screen3,0,4,trucks-strips/p05,E2_B_allplans3,11.2511,True,11.2811,False,True,47,17,340,0.936829,18,0,36,1,387367,17,17,7,0,30,63,7.88889,11,293,0,7,0,0,0,0,0,14.0679,0,71
screen3,0,10,trucks-strips/p05,gc_x1,21.2531,True,21.283,False,True,7,0,22,0.000656306,7,0,16,0,629,17,17,7,0,1,83,3.28571,0,15,0,16,0,0,0,0,0,0.000799303,0,0
screen3,0,8,trucks-strips/p06,B2_d2p2L_b500k_s20k_x1,16.4861,True,16.517,False,True,14,29,89,0.616378,14,0,29,1,534721,18,18,8,0,13,84,7.28571,6,75,1,17,0,7,0,0,0,0.621439,0,15
screen3,0,11,trucks-strips/p06,C2_d1p2L_b500k_x1,68.8429,True,68.8758,False,True,21,0,142,0.188499,21,0,29,1,127363,18,18,8,0,20,84,5.61905,13,121,1,10,0,0,0,0,0,0.88098,0,31
screen3,0,8,trucks-strips/p06,E2_B_allplans3,17.0418,True,17.0757,False,True,34,29,229,1.05483,14,0,41,1,540191,18,18,8,0,28,72,7.28571,6,195,1,14,0,7,0,0,0,3.08829,0,48
screen3,0,11,trucks-strips/p06,gc_x1,41.4228,True,41.4544,False,True,8,0,28,0.00213366,8,0,19,1,2345,18,18,8,0,3,94,3.5,0,20,1,17,0,0,0,0,0,0.00587906,0,2
screen3,0,5,trucks-strips/p07,B2_d2p2L_b500k_s20k_x1,1.79678,True,1.82511,False,True,15,0,107,0.136622,15,0,29,1,57829,17,17,6,0,29,135,8.2,9,92,1,1,0,0,0,0,0,0.16146,0,20
screen3,0,9,trucks-strips/p07,C2_d1p2L_b500k_x1,15.2913,True,15.3164,False,True,15,0,87,0.00252769,15,0,19,0,2891,13,17,6,0,1,145,4.2,9,72,0,19,0,0,0,0,0,0.00304284,0,0
screen3,0,6,trucks-strips/p07,E2_B_allplans3,7.47215,True,7.49837,False,True,45,0,321,0.28197,15,0,43,1,64552,17,17,6,0,43,121,8.2,9,276,1,1,0,0,0,0,0,6.00384,0,73
screen3,0,8,trucks-strips/p07,gc_x1,5.21738,True,5.24607,False,True,6,0,24,0.000276635,6,0,19,0,136,13,17,6,0,1,145,3,0,18,0,19,0,0,0,0,0,0.000495932,0,0
screen3,0,7,trucks-strips/p08,B2_d2p2L_b500k_s20k_x1,29.8953,True,29.9454,False,True,18,33,91,0.576019,18,0,29,1,331512,19,19,7,0,19,155,7.61111,11,73,1,11,0,0,0,0,0,0.57786,0,8
screen3,0,8,trucks-strips/p08,C2_d1p2L_b500k_x1,35.1269,True,35.1793,False,True,18,0,76,0.00318621,18,0,15,0,1684,15,19,7,0,1,169,4.22222,11,58,0,15,0,0,0,0,0,0.00380267,0,0
screen3,0,5,trucks-strips/p08,E2_B_allplans3,5.96343,True,6.00844,False,True,54,33,273,0.66925,18,0,50,1,353481,19,19,7,0,38,134,7.61111,11,219,1,13,0,0,0,0,0,1.02678,0,43
screen3,0,11,trucks-strips/p08,gc_x1,63.5253,True,63.5712,False,True,7,0,21,0.000342715,7,0,15,0,97,15,19,7,0,1,169,3,0,14,0,15,0,0,0,0,0,0.000620274,0,0
screen3,0,2,visitall-opt11-strips/problem02-full,B2_d2p2L_b500k_s20k_x1,0.00542832,True,0.00560624,False,True,6,0,11,4.7487e-05,6,0,3,1,23,4,4,3,0,2,1,2.5,3,5,1,2,0,0,0,0,0,0.00374268,0,1
screen3,0,2,visitall-opt11-strips/problem02-full,C2_d1p2L_b500k_x1,0.00388813,True,0.00540461,False,True,6,0,11,4.8466e-05,6,0,3,1,23,4,4,3,0,2,1,2.5,3,5,1,2,0,0,0,0,0,0.000159696,0,1
screen3,0,1,visitall-opt11-strips/problem02-full,E2_B_allplans3,0.00475049,True,0.00788072,False,True,9,0,19,7.2696e-05,6,0,4,1,27,4,4,3,0,4,0,2.5,3,10,1,1,0,0,0,0,0,0.000226815,0,2
screen3,0,2,visitall-opt11-strips/problem02-full,gc_x1,0.00559045,True,0.00835001,False,True,3,0,4,2.7049e-05,3,0,3,0,8,4,4,3,0,1,1,2,0,1,0,3,0,0,0,0,0,4.2715e-05,0,0
screen3,0,3,visitall-opt11-strips/problem03-full,B2_d2p2L_b500k_s20k_x1,0.0101396,True,0.0127212,False,True,21,0,57,0.000217493,21,0,9,1,267,9,9,8,0,7,0,2.61905,13,36,1,3,0,0,0,0,0,0.000560734,0,6
screen3,0,3,visitall-opt11-strips/problem03-full,C2_d1p2L_b500k_x1,0.00946959,True,0.0128337,False,True,21,0,57,0.000257299,21,0,9,1,267,9,9,8,0,7,0,2.61905,13,36,1,3,0,0,0,0,0,0.000603436,0,6
screen3,0,4,visitall-opt11-strips/problem03-full,E2_B_allplans3,0.0142938,True,0.0164727,False,True,44,0,140,0.000341971,21,0,9,1,304,9,9,8,0,9,0,2.61905,13,96,1,1,0,0,0,0,0,0.0090092,0,28
screen3,0,3,visitall-opt11-strips/problem03-full,gc_x1,0.00768099,True,0.0117143,False,True,8,0,12,8.5058e-05,8,0,8,0,44,9,9,8,0,1,1,2,0,4,0,8,0,0,0,0,0,0.000113174,0,0
screen3,0,1,woodworking-opt08-strips/p17,B2_d2p2L_b500k_s20k_x1,1.60469,True,2.99378,False,True,30,40,80,1.97651,30,15,34,0,550283,93,93,30,0,1,397,20.1,0,50,0,34,0,53,0,0,0,1.98447,0,0
screen3,0,1,woodworking-opt08-strips/p17,C2_d1p2L_b500k_x1,0.21862,True,1.72419,False,True,71,0,165,0.0969544,71,0,38,0,27677,85,93,30,0,1,393,18.9296,41,94,0,38,0,0,0,0,0,0.121268,0,0
screen3,0,1,woodworking-opt08-strips/p17,E2_B_allplans3,1.58175,True,3.00216,False,True,87,35,231,2.03093,30,16,53,0,509429,93,93,30,0,1,378,20,0,144,0,53,0,54,0,0,0,2.03917,0,0
screen3,0,2,woodworking-opt08-strips/p17,gc_x1,0.083663,True,1.47367,False,True,30,0,61,0.0123439,30,0,34,0,4332,85,93,30,0,1,397,16.0333,0,31,0,34,0,0,0,0,0,0.0165041,0,0
screen3,0,1,woodworking-opt08-strips/p19,B2_d2p2L_b500k_s20k_x1,1.68259,True,6.68429,False,True,32,40,74,2.00562,32,15,29,0,555412,115,115,32,0,1,522,23.375,0,42,0,29,0,53,0,0,0,2.04229,0,0
screen3,0,1,woodworking-opt08-strips/p19,C2_d1p2L_b500k_x1,0.211311,True,4.59259,False,True,76,0,166,0.13888,76,0,40,0,46393,111,115,32,0,1,511,23.1053,44,90,0,40,0,0,0,0,0,0.154411,0,0
screen3,0,1,woodworking-opt08-strips/p19,E2_B_allplans3,1.73414,True,6.30656,False,True,80,35,190,2.34073,32,16,46,0,519609,115,115,32,0,1,505,23.3125,0,110,0,46,0,54,0,0,0,2.35489,0,0
screen3,0,2,woodworking-opt08-strips/p19,gc_x1,0.132063,True,4.68329,False,True,32,0,57,0.0193192,32,0,34,0,2073,111,115,32,0,1,517,18.9062,0,25,0,34,0,0,0,0,0,0.0278181,0,0
screen3,0,1,woodworking-opt08-strips/p20,B2_d2p2L_b500k_s20k_x1,2.34042,True,9.97919,False,True,42,54,107,2.68522,42,24,43,0,535746,138,138,42,0,1,780,31.2857,0,65,0,43,0,77,0,0,0,2.72354,0,0
screen3,0,2,woodworking-opt08-strips/p20,C2_d1p2L_b500k_x1,3.07731,True,10.0866,False,True,92,10,218,3.41265,92,0,50,0,543272,130,138,42,0,1,773,29.9891,50,126,0,50,0,8,0,0,0,3.44725,0,0
screen3,0,1,woodworking-opt08-strips/p20,E2_B_allplans3,2.58595,True,9.60813,False,True,105,48,266,3.0805,42,25,67,0,543384,138,138,42,0,1,756,31.2381,0,161,0,67,0,78,0,0,0,3.14707,0,0
screen3,0,2,woodworking-opt08-strips/p20,gc_x1,0.407335,True,7.59246,False,True,42,0,86,0.0521055,42,0,49,0,9484,130,138,42,0,1,774,26.2619,0,44,0,49,0,0,0,0,0,0.0710827,0,0
screen3,0,1,woodworking-opt08-strips/p21,B2_d2p2L_b500k_s20k_x1,0.00632082,True,0.0165628,False,True,19,0,71,0.0010066,19,0,6,0,791,19,21,9,0,1,28,7.73684,10,52,0,6,0,0,0,0,0,0.00118452,0,0
screen3,0,1,woodworking-opt08-strips/p21,C2_d1p2L_b500k_x1,0.00592115,True,0.019487,False,True,18,0,35,0.000450524,18,0,7,0,115,18,21,9,0,1,27,5.88889,9,17,0,7,0,0,0,0,0,0.000590807,0,0
screen3,0,1,woodworking-opt08-strips/p21,E2_B_allplans3,0.00602822,True,0.0145842,False,True,53,0,207,0.00134575,19,0,9,0,892,19,21,9,0,1,25,7.73684,10,154,0,9,0,0,0,0,0,0.00149176,0,0
screen3,0,1,woodworking-opt08-strips/p21,gc_x1,0.00494584,True,0.016507,False,True,9,0,17,0.000199001,9,0,7,0,54,18,21,9,0,1,27,5.22222,0,8,0,7,0,0,0,0,0,0.000277093,0,0
screen3,0,1,woodworking-sat08-strips/p27,B2_d2p2L_b500k_s20k_x1,1.64163,True,56.0295,False,True,61,37,129,1.91199,61,20,60,0,516683,249,249,61,0,1,945,19.459,0,68,0,60,0,113,0,0,0,1.99786,0,0
screen3,0,1,woodworking-sat08-strips/p27,C2_d1p2L_b500k_x1,0.497164,True,52.047,False,True,130,0,253,0.397293,130,0,67,1,75183,242,249,61,0,2,938,19.0692,69,123,1,66,0,0,0,0,0,0.489075,0,1
screen3,0,1,woodworking-sat08-strips/p27,E2_B_allplans3,1.74608,True,54.098,False,True,137,37,311,1.90947,61,20,94,0,555553,249,249,61,0,1,911,19.459,0,174,0,94,0,113,0,0,0,2.05704,0,0
screen3,0,1,woodworking-sat08-strips/p27,gc_x1,0.0897612,True,35.2834,False,True,61,0,102,0.0146083,61,0,61,1,4161,242,249,61,0,2,944,13.623,0,41,1,60,0,0,0,0,0,0.0376927,0,1
